1712150813.7608382702,-1.3258903026580810547,0,0.01075181085616350174,1,0.79408979415893554688,0.5999999999999999778
1712150813.8125019073,-1.3266062736511230469,0,0.012915033847093582153,1,0.79341274499893188477,0.5999999999999999778
1712150813.8642411232,-1.3282146453857421875,0,0.016903055831789970398,1,0.79182285070419311523,0.5999999999999999778
1712150813.916662693,-1.328136444091796875,0,0.019211057573556900024,1,0.79026967287063598633,0.5999999999999999778
1712150813.9684514999,-1.3228801488876342773,0,0.027032343670725822449,1,0.77630883455276489258,0.5999999999999999778
1712150814.0197880268,-1.3152829408645629883,0,0.035817157477140426636,1,0.74916577339172363281,0.5999999999999999778
1712150814.0709803104,-1.3117372989654541016,0,0.039139375090599060059,1,0.73941957950592041016,0.5999999999999999778
1712150814.1220304966,-1.2959026098251342773,0,0.052320342510938644409,1,0.71213132143020629883,0.5999999999999999778
1712150814.1733117104,-1.2844003438949584961,0,0.06139122694730758667,1,0.69982695579528808594,0.5999999999999999778
1712150814.2245101929,-1.271210789680480957,0,0.071483723819255828857,1,0.68909865617752075195,0.5999999999999999778
1712150814.2755403519,-1.2381424903869628906,0,0.095471404492855072021,1,0.67018872499465942383,0.5999999999999999778
1712150814.3267760277,-1.1980558633804321289,0,0.12409495562314987183,1,0.65330410003662109375,0.5999999999999999778
1712150814.3777971268,-1.1833652257919311523,0,0.13447643816471099854,1,0.64792847633361816406,0.5999999999999999778
1712150814.4286036491,-1.1359184980392456055,0,0.16803480684757232666,1,0.63213449716567993164,0.5999999999999999778
1712150814.4796266556,-1.1099282503128051758,0,0.18657551705837249756,1,0.62411439418792724609,0.5999999999999999778
1712150814.5307264328,-1.0654282569885253906,0,0.21854551136493682861,1,0.61128032207489013672,0.5999999999999999778
1712150814.5817642212,-1.008366703987121582,0,0.2601178288459777832,1,0.59554278850555419922,0.5999999999999999778
1712150814.6329414845,-0.96962141990661621094,0,0.28908151388168334961,1,0.58498561382293701172,0.5999999999999999778
1712150814.6842269897,-0.91978800296783447266,0,0.32678508758544921875,1,0.57175880670547485352,0.5999999999999999778
1712150814.7351801395,-0.89033263921737670898,0,0.34932106733322143555,1,0.56396514177322387695,0.5999999999999999778
1712150814.7862489223,-0.83185225725173950195,0,0.39559876918792724609,1,0.54899328947067260742,0.5999999999999999778
1712150814.8379583359,-0.80232650041580200195,0,0.41955858469009399414,1,0.54180812835693359375,0.5999999999999999778
1712150814.8891232014,-0.75430923700332641602,0,0.45882934331893920898,1,0.53059625625610351562,0.5999999999999999778
1712150814.9405808449,-0.71610945463180541992,0,0.49061262607574462891,1,0.52201932668685913086,0.5999999999999999778
1712150814.991717577,-0.67170011997222900391,0,0.52829366922378540039,1,0.5114040374755859375,0.5999999999999999778
1712150815.0428061485,-0.6373189091682434082,0,0.55815869569778442383,1,0.50300741195678710938,0.5999999999999999778
1712150815.0938301086,-0.59618490934371948242,0,0.59493595361709594727,1,0.49359300732612609863,0.5999999999999999778
1712150815.1448869705,-0.57230406999588012695,0,0.61652672290802001953,1,0.48851430416107177734,0.5999999999999999778
1712150815.1960463524,-0.5346253514289855957,0,0.65082252025604248047,1,0.48165157437324523926,0.5999999999999999778
1712150815.2470388412,-0.50740224123001098633,0,0.6763560175895690918,1,0.47726112604141235352,0.5999999999999999778
1712150815.298032999,-0.47397854924201965332,0,0.70837157964706420898,1,0.4726918637752532959,0.5999999999999999778
1712150815.3490548134,-0.43868136405944824219,0,0.74272328615188598633,1,0.46874660253524780273,0.5999999999999999778
1712150815.400062561,-0.42118951678276062012,0,0.75974071025848388672,1,0.46699959039688110352,0.5999999999999999778
1712150815.4511024952,-0.39065665006637573242,0,0.78954261541366577148,1,0.46512505412101745605,0.5999999999999999778
1712150815.5020711422,-0.38107281923294067383,0,0.79897642135620117188,1,0.46473097801208496094,0.5999999999999999778
1712150815.5530970097,-0.35351726412773132324,0,0.82582336664199829102,1,0.46374562382698059082,0.5999999999999999778
1712150815.6041920185,-0.34117394685745239258,0,0.83771127462387084961,1,0.46351209282875061035,0.5999999999999999778
1712150815.6553006172,-0.31707420945167541504,0,0.86043816804885864258,1,0.46296176314353942871,0.5999999999999999778
1712150815.7062718868,-0.30601233243942260742,0,0.87077492475509643555,1,0.46280723810195922852,0.5999999999999999778
1712150815.7573213577,-0.29609629511833190918,0,0.88025254011154174805,1,0.46283566951751708984,0.5999999999999999778
1712150815.8084540367,-0.27981767058372497559,0,0.89557194709777832031,1,0.46300420165061950684,0.5999999999999999778
1712150815.8595461845,-0.2622337639331817627,0,0.91119164228439331055,1,0.46336844563484191895,0.5999999999999999778
1712150815.911741972,-0.25477123260498046875,0,0.9173304438591003418,1,0.46352308988571166992,0.5999999999999999778
1712150815.9630577564,-0.23981049656867980957,0,0.92950922250747680664,1,0.4626471102237701416,0.5999999999999999778
1712150816.0143020153,-0.22629234194755554199,0,0.94002872705459594727,1,0.46123957633972167969,0.5999999999999999778
1712150816.0655510426,-0.2200597226619720459,0,0.94463837146759033203,1,0.46060037612915039062,0.5999999999999999778
1712150816.1170666218,-0.21619544923305511475,0,0.94744032621383666992,1,0.46028164029121398926,0.5999999999999999778
1712150816.1683905125,-0.20512029528617858887,0,0.95504796504974365234,1,0.45919883251190185547,0.5999999999999999778
1712150816.2196052074,-0.19385527074337005615,0,0.96160143613815307617,1,0.45809140801429748535,0.5999999999999999778
1712150816.2708086967,-0.18853360414505004883,0,0.96436607837677001953,1,0.45730924606323242188,0.5999999999999999778
1712150816.3218052387,-0.17725990712642669678,0,0.96995484828948974609,1,0.45536535978317260742,0.5999999999999999778
1712150816.3728766441,-0.17358836531639099121,0,0.97149074077606201172,1,0.45476281642913818359,0.5999999999999999778
1712150816.4239015579,-0.16345523297786712646,0,0.97450721263885498047,1,0.45218771696090698242,0.5999999999999999778
1712150816.4754872322,-0.15604478120803833008,0,0.97696024179458618164,1,0.4494279325008392334,0.5999999999999999778
1712150816.5264532566,-0.14643682539463043213,0,0.97970879077911376953,1,0.44580069184303283691,0.5999999999999999778
1712150816.5773777962,-0.14046733081340789795,0,0.98106622695922851562,1,0.44354742765426635742,0.5999999999999999778
1712150816.6285233498,-0.12848676741123199463,0,0.98312962055206298828,1,0.43970328569412231445,0.5999999999999999778
1712150816.6801126003,-0.12224812060594558716,0,0.98421704769134521484,1,0.4380264580249786377,0.5999999999999999778
1712150816.7315101624,-0.11122372746467590332,0,0.98597151041030883789,1,0.43550792336463928223,0.5999999999999999778
1712150816.7826509476,-0.097854137420654296875,0,0.98764306306838989258,1,0.43337810039520263672,0.5999999999999999778
1712150816.8338544369,-0.092123143374919891357,0,0.98736071586608886719,1,0.43368858098983764648,0.5999999999999999778
1712150816.8854908943,-0.077745519578456878662,0,0.98891162872314453125,1,0.43517649173736572266,0.5999999999999999778
1712150816.9367079735,-0.070303842425346374512,0,0.98978728055953979492,1,0.4361216127872467041,0.5999999999999999778
1712150816.9881739616,-0.062713809311389923096,0,0.99043792486190795898,1,0.43713083863258361816,0.5999999999999999778
1712150817.0393981934,-0.047901302576065063477,0,0.99156981706619262695,1,0.43877261877059936523,0.5999999999999999778
1712150817.0910754204,-0.03507329896092414856,0,0.99284702539443969727,1,0.43966397643089294434,0.5999999999999999778
1712150817.1427514553,-0.02675883658230304718,0,0.99394851922988891602,1,0.44005796313285827637,0.5999999999999999778
1712150817.1940710545,-0.010177484713494777679,0,0.99609375,1,0.44055661559104919434,0.5999999999999999778
1712150817.2452924252,-0.0046282848343253135681,0,0.99685049057006835938,1,0.44061559438705444336,0.5999999999999999778
1712150817.2964994907,0.013162214308977127075,0,0.99988162517547607422,1,0.44056013226509094238,0.5999999999999999778
1712150817.3478426933,0.022280586883425712585,0,1.0016579627990722656,1,0.44059869647026062012,0.5999999999999999778
1712150817.3991031647,0.040619663894176483154,0,1.0055097341537475586,1,0.44049346446990966797,0.5999999999999999778
1712150817.4503054619,0.059586085379123687744,0,1.0099717378616333008,1,0.44014462828636169434,0.5999999999999999778
1712150817.5014522076,0.068888835608959197998,0,1.0125005245208740234,1,0.43984848260879516602,0.5999999999999999778
1712150817.5526361465,0.087811417877674102783,0,1.0181562900543212891,1,0.4394530951976776123,0.5999999999999999778
1712150817.6037809849,0.093910276889801025391,0,1.0202176570892333984,1,0.43941026926040649414,0.5999999999999999778
1712150817.6552886963,0.11267922818660736084,0,1.0268822908401489258,1,0.43943345546722412109,0.5999999999999999778
1712150817.7071788311,0.12170510739088058472,0,1.0302000045776367188,1,0.43941932916641235352,0.5999999999999999778
1712150817.75846982,0.13966464996337890625,0,1.0383379459381103516,1,0.43928566575050354004,0.5999999999999999778
1712150817.809851408,0.14831557869911193848,0,1.0425926446914672852,1,0.43920415639877319336,0.5999999999999999778
1712150817.8610758781,0.16243238747119903564,0,1.050030827522277832,1,0.43898546695709228516,0.5999999999999999778
1712150817.9122943878,0.1705134958028793335,0,1.0544039011001586914,1,0.43879106640815734863,0.5999999999999999778
1712150817.9644403458,0.18608461320400238037,0,1.0631954669952392578,1,0.43843364715576171875,0.5999999999999999778
1712150818.0156259537,0.20019561052322387695,0,1.0716927051544189453,1,0.43797349929809570312,0.5999999999999999778
1712150818.0668728352,0.20663750171661376953,0,1.0758544206619262695,1,0.43763497471809387207,0.5999999999999999778
1712150818.1181271076,0.218190804123878479,0,1.0838179588317871094,1,0.43725278973579406738,0.5999999999999999778
1712150818.1693000793,0.22326952219009399414,0,1.0877487659454345703,1,0.43707683682441711426,0.5999999999999999778
1712150818.2205119133,0.22636277973651885986,0,1.0901755094528198242,1,0.43685239553451538086,0.5999999999999999778
1712150818.2717037201,0.23443144559860229492,0,1.097103118896484375,1,0.43606203794479370117,0.5999999999999999778
1712150818.3229641914,0.24096043407917022705,0,1.1032880544662475586,1,0.43531253933906555176,0.5999999999999999778
1712150818.3739421368,0.24368329346179962158,0,1.105984807014465332,1,0.43496161699295043945,0.5999999999999999778
1712150818.4249482155,0.2480710148811340332,0,1.1109244823455810547,1,0.43444851040840148926,0.5999999999999999778
1712150818.4759430885,0.24912038445472717285,0,1.1124505996704101562,1,0.43437603116035461426,0.5999999999999999778
1712150818.5269284248,0.25056326389312744141,0,1.1145528554916381836,1,0.43427166342735290527,0.5999999999999999778
1712150818.5779414177,0.25303801894187927246,0,1.1192057132720947266,1,0.43405446410179138184,0.5999999999999999778
1712150818.6291031837,0.25349587202072143555,0,1.1205899715423583984,1,0.43391692638397216797,0.5999999999999999778
1712150818.6805677414,0.25358435511589050293,0,1.1225775480270385742,1,0.43344315886497497559,0.5999999999999999778
1712150818.7316179276,0.25343754887580871582,0,1.1230978965759277344,1,0.43325310945510864258,0.5999999999999999778
1712150818.7834980488,0.25255244970321655273,0,1.1243741512298583984,1,0.4328015446662902832,0.5999999999999999778
1712150818.8346407413,0.25129076838493347168,0,1.1250197887420654297,1,0.43286609649658203125,0.5999999999999999778
1712150818.8856179714,0.25050517916679382324,0,1.1250253915786743164,1,0.4329497218132019043,0.5999999999999999778
1712150818.9366390705,0.24817438423633575439,0,1.1239871978759765625,1,0.43247991800308227539,0.5999999999999999778
1712150818.987906456,0.24668475985527038574,0,1.1233565807342529297,1,0.43189591169357299805,0.5999999999999999778
1712150819.0392570496,0.24498914182186126709,0,1.1221529245376586914,1,0.4311510622501373291,0.5999999999999999778
1712150819.0906481743,0.24351806938648223877,0,1.1212201118469238281,1,0.43076288700103759766,0.5999999999999999778
1712150819.1415970325,0.23928746581077575684,0,1.1179511547088623047,1,0.43131196498870849609,0.5999999999999999778
1712150819.1925420761,0.237505301833152771,0,1.1165825128555297852,1,0.43211463093757629395,0.5999999999999999778
1712150819.2435019016,0.23515358567237854004,0,1.1144441366195678711,1,0.43333107233047485352,0.5999999999999999778
1712150819.29433465,0.23357923328876495361,0,1.1129179000854492188,1,0.43383356928825378418,0.5999999999999999778
1712150819.3451354504,0.23049084842205047607,0,1.1094486713409423828,1,0.43452230095863342285,0.5999999999999999778
1712150819.3959395885,0.22907036542892456055,0,1.1076784133911132812,1,0.43476757407188415527,0.5999999999999999778
1712150819.4470057487,0.22684372961521148682,0,1.1048898696899414062,1,0.43502447009086608887,0.5999999999999999778
1712150819.4981338978,0.22528702020645141602,0,1.1027337312698364258,1,0.43520843982696533203,0.5999999999999999778
1712150819.5492537022,0.22451648116111755371,0,1.1014968156814575195,1,0.43515989184379577637,0.5999999999999999778
1712150819.6007599831,0.22313424944877624512,0,1.099785923957824707,1,0.43473160266876220703,0.5999999999999999778
1712150819.6523058414,0.22279456257820129395,0,1.0991568565368652344,1,0.43447518348693847656,0.5999999999999999778
1712150819.7035007477,0.22253683209419250488,0,1.0986161231994628906,1,0.43426087498664855957,0.5999999999999999778
1712150819.7545816898,0.22220890223979949951,0,1.0980161428451538086,1,0.43422228097915649414,0.5999999999999999778
1712150819.8056950569,0.22241306304931640625,0,1.0981388092041015625,1,0.43438661098480224609,0.5999999999999999778
1712150819.8569486141,0.22261880338191986084,0,1.0984008312225341797,1,0.43454417586326599121,0.5999999999999999778
1712150819.9080357552,0.22335462272167205811,0,1.0995130538940429688,1,0.43486800789833068848,0.5999999999999999778
1712150819.9593374729,0.22384983301162719727,0,1.100317835807800293,1,0.43508920073509216309,0.5999999999999999778
1712150820.011336565,0.22517782449722290039,0,1.1021455526351928711,1,0.43577933311462402344,0.5999999999999999778
1712150820.0622551441,0.22597685456275939941,0,1.1029723882675170898,1,0.43649372458457946777,0.5999999999999999778
1712150820.1134872437,0.2271318286657333374,0,1.1043190956115722656,1,0.43782302737236022949,0.5999999999999999778
1712150820.1645972729,0.22799311578273773193,0,1.1051770448684692383,1,0.438610076904296875,0.5999999999999999778
1712150911.9976089001,-1.3471304178237915039,0,-0.092930361628532409668,1,0.78273653984069824219,0.5999999999999999778
1712150912.0490684509,-1.3482434749603271484,0,-0.092867337167263031006,1,0.78156018257141113281,0.5999999999999999778
1712150912.1015529633,-1.3487141132354736328,0,-0.092733696103096008301,1,0.78106737136840820312,0.5999999999999999778
1712150912.1528658867,-1.3483890295028686523,0,-0.09064734727144241333,1,0.77751868963241577148,0.5999999999999999778
1712150912.2042636871,-1.3456692695617675781,0,-0.087811000645160675049,1,0.77113443613052368164,0.5999999999999999778
1712150912.2557873726,-1.3383147716522216797,0,-0.080425605177879333496,1,0.74698555469512939453,0.5999999999999999778
1712150912.3070414066,-1.327305912971496582,0,-0.069777347147464752197,1,0.71785312891006469727,0.5999999999999999778
1712150912.3582746983,-1.3187924623489379883,0,-0.062095679342746734619,1,0.70416778326034545898,0.5999999999999999778
1712150912.4098854065,-1.2994698286056518555,0,-0.045451607555150985718,1,0.68379706144332885742,0.5999999999999999778
1712150912.4610316753,-1.2847301959991455078,0,-0.033081095665693283081,1,0.67261546850204467773,0.5999999999999999778
1712150912.5122416019,-1.2506208419799804688,0,-0.0036756866611540317535,1,0.65198904275894165039,0.5999999999999999778
1712150912.5633916855,-1.2307335138320922852,0,0.013229805976152420044,1,0.64209443330764770508,0.5999999999999999778
1712150912.6145226955,-1.1870326995849609375,0,0.050362240523099899292,1,0.6235548853874206543,0.5999999999999999778
1712150912.6658918858,-1.1630871295928955078,0,0.070908576250076293945,1,0.61456584930419921875,0.5999999999999999778
1712150912.7170789242,-1.1120655536651611328,0,0.11497458815574645996,1,0.59751117229461669922,0.5999999999999999778
1712150912.7683849335,-1.0936347246170043945,0,0.13098108768463134766,1,0.59183740615844726562,0.5999999999999999778
1712150912.819565773,-1.0388615131378173828,0,0.17865927517414093018,1,0.57622587680816650391,0.5999999999999999778
1712150912.870677948,-0.98123216629028320312,0,0.22892805933952331543,1,0.56101256608963012695,0.5999999999999999778
1712150912.921705246,-0.9526004791259765625,0,0.25424948334693908691,1,0.55377411842346191406,0.5999999999999999778
1712150912.9727096558,-0.9032573699951171875,0,0.2982998192310333252,1,0.5414975285530090332,0.5999999999999999778
1712150913.0237421989,-0.87467467784881591797,0,0.32411909103393554688,1,0.53472191095352172852,0.5999999999999999778
1712150913.0748243332,-0.81679135560989379883,0,0.37692740559577941895,1,0.52155727148056030273,0.5999999999999999778
1712150913.1256892681,-0.78898358345031738281,0,0.40268546342849731445,1,0.51558172702789306641,0.5999999999999999778
1712150913.1766741276,-0.73374235630035400391,0,0.45472702383995056152,1,0.50415974855422973633,0.5999999999999999778
1712150913.2277050018,-0.70701134204864501953,0,0.48022925853729248047,1,0.4990939795970916748,0.5999999999999999778
1712150913.2787036896,-0.66497200727462768555,0,0.52115410566329956055,1,0.49182873964309692383,0.5999999999999999778
1712150913.3298077583,-0.64030230045318603516,0,0.54563337564468383789,1,0.48795408010482788086,0.5999999999999999778
1712150913.3817341328,-0.59389567375183105469,0,0.5926456451416015625,1,0.48120176792144775391,0.5999999999999999778
1712150913.4326827526,-0.57262462377548217773,0,0.61466079950332641602,1,0.4785079658031463623,0.5999999999999999778
1712150913.4835457802,-0.53414571285247802734,0,0.65589159727096557617,1,0.47506850957870483398,0.5999999999999999778
1712150913.5345535278,-0.5213724970817565918,0,0.6697056889533996582,1,0.47447761893272399902,0.5999999999999999778
1712150913.5855548382,-0.48743814229965209961,0,0.70750820636749267578,1,0.47374364733695983887,0.5999999999999999778
1712151297.7651526928,-1.2666380405426025391,0,-0.015164756216108798981,1,0.77455931901931762695,0.5999999999999999778
1712151297.816454649,-1.266789555549621582,0,-0.01408246997743844986,1,0.77424883842468261719,0.5999999999999999778
1712151297.8678851128,-1.2671225070953369141,0,-0.010581553913652896881,1,0.7734457850456237793,0.5999999999999999778
1712151297.9193305969,-1.2661952972412109375,0,-0.0084131471812725067139,1,0.77197253704071044922,0.5999999999999999778
1712151297.9707026482,-1.2608476877212524414,0,-0.0023985416628420352936,1,0.76189345121383666992,0.5999999999999999778
1712151298.0219833851,-1.256777644157409668,0,0.0017713760025799274445,1,0.75119298696517944336,0.5999999999999999778
1712151298.074187994,-1.2460200786590576172,0,0.011434470303356647491,1,0.72588741779327392578,0.5999999999999999778
1712151298.1256790161,-1.2286009788513183594,0,0.025546964257955551147,1,0.70116382837295532227,0.5999999999999999778
1712151298.1769435406,-1.2166070938110351562,0,0.034727245569229125977,1,0.6899356842041015625,0.5999999999999999778
1712151298.2281248569,-1.1918435096740722656,0,0.05340221896767616272,1,0.67231094837188720703,0.5999999999999999778
1712151298.2794468403,-1.1684280633926391602,0,0.070881485939025878906,1,0.65927755832672119141,0.5999999999999999778
1712151298.3306219578,-1.1362667083740234375,0,0.094980113208293914795,1,0.64245307445526123047,0.5999999999999999778
1712151479.7480750084,-1.463118433952331543,0,-0.0084400316700339317322,1,0.63421767950057983398,0.5999999999999999778
1712151479.7994616032,-1.4604791402816772461,0,-0.0067859641276299953461,1,0.63565993309020996094,0.5999999999999999778
1712151479.850607872,-1.4590330123901367188,0,-0.0056914645247161388397,1,0.63650178909301757812,0.5999999999999999778
1712151479.9020822048,-1.4541794061660766602,0,-0.002613867633044719696,1,0.63611227273941040039,0.5999999999999999778
1712151479.9534471035,-1.4477585554122924805,0,0.0017970436019822955132,1,0.6292279362678527832,0.5999999999999999778
1712151480.0048356056,-1.4383172988891601562,0,0.0084683327004313468933,1,0.61335450410842895508,0.5999999999999999778
1712151480.056180954,-1.4312388896942138672,0,0.01329375244677066803,1,0.60193181037902832031,0.5999999999999999778
1712151480.1071965694,-1.4170783758163452148,0,0.022993462160229682922,1,0.58464199304580688477,0.5999999999999999778
1712151480.1583812237,-1.4049487113952636719,0,0.031472526490688323975,1,0.57465875148773193359,0.5999999999999999778
1712151480.2094500065,-1.3743741512298583984,0,0.053365442901849746704,1,0.55669748783111572266,0.5999999999999999778
1712151480.2604868412,-1.3560955524444580078,0,0.066721588373184204102,1,0.54814076423645019531,0.5999999999999999778
1712151480.3115394115,-1.3141831159591674805,0,0.097567081451416015625,1,0.53176426887512207031,0.5999999999999999778
1712151480.362729311,-1.2663921117782592773,0,0.13299399614334106445,1,0.51594406366348266602,0.5999999999999999778
1712151480.4141118526,-1.2498887777328491211,0,0.14534066617488861084,1,0.51091235876083374023,0.5999999999999999778
1712151480.4654121399,-1.1943542957305908203,0,0.18700088560581207275,1,0.49497315287590026855,0.5999999999999999778
1712151480.5168652534,-1.1649695634841918945,0,0.20938272774219512939,1,0.48683378100395202637,0.5999999999999999778
1712151480.5680272579,-1.1039599180221557617,0,0.2555834352970123291,1,0.46968829631805419922,0.5999999999999999778
1712151480.6190862656,-1.07375335693359375,0,0.27879241108894348145,1,0.46136045455932617188,0.5999999999999999778
1712151480.6701204777,-1.0104451179504394531,0,0.32829117774963378906,1,0.44461473822593688965,0.5999999999999999778
1712151480.721252203,-0.98921918869018554688,0,0.3448937833309173584,1,0.43917000293731689453,0.5999999999999999778
1712151480.7723343372,-0.92594259977340698242,0,0.39499717950820922852,1,0.42274451255798339844,0.5999999999999999778
1712151480.8233475685,-0.86296063661575317383,0,0.44563379883766174316,1,0.40685614943504333496,0.5999999999999999778
1712151480.874380827,-0.83303648233413696289,0,0.46996703743934631348,1,0.39962974190711975098,0.5999999999999999778
1712151480.926412344,-0.78359121084213256836,0,0.51105231046676635742,1,0.38809534907341003418,0.5999999999999999778
1712151480.9776444435,-0.75463902950286865234,0,0.53546410799026489258,1,0.38169568777084350586,0.5999999999999999778
1712151481.0287487507,-0.6994088292121887207,0,0.58151900768280029297,1,0.37041899561882019043,0.5999999999999999778
1712151481.0800027847,-0.67261338233947753906,0,0.60368138551712036133,1,0.36534515023231506348,0.5999999999999999778
1712151481.1311032772,-0.62236624956130981445,0,0.64455711841583251953,1,0.35647591948509216309,0.5999999999999999778
1712151481.1823744774,-0.59888303279876708984,0,0.66354566812515258789,1,0.35272833704948425293,0.5999999999999999778
1712151481.2337498665,-0.56036543846130371094,0,0.69422167539596557617,1,0.34695905447006225586,0.5999999999999999778
1712151481.2848639488,-0.53271973133087158203,0,0.71645897626876831055,1,0.34331557154655456543,0.5999999999999999778
1712151481.3360271454,-0.50102096796035766602,0,0.7419808506965637207,1,0.33914986252784729004,0.5999999999999999778
1712151481.3871898651,-0.48295539617538452148,0,0.75646620988845825195,1,0.33664476871490478516,0.5999999999999999778
1712151481.4386591911,-0.45045623183250427246,0,0.78240019083023071289,1,0.33247226476669311523,0.5999999999999999778
1712151481.489716053,-0.43572399020195007324,0,0.79410338401794433594,1,0.33081319928169250488,0.5999999999999999778
1712151481.5404875278,-0.41221320629119873047,0,0.81286692619323730469,1,0.32805603742599487305,0.5999999999999999778
1712151481.5913500786,-0.38825449347496032715,0,0.83240646123886108398,1,0.32529243826866149902,0.5999999999999999778
1712151481.6421947479,-0.37767887115478515625,0,0.84099167585372924805,1,0.32407858967781066895,0.5999999999999999778
1712151481.6931884289,-0.35804465413093566895,0,0.85725796222686767578,1,0.32174772024154663086,0.5999999999999999778
1712151481.7442190647,-0.34953135251998901367,0,0.86420583724975585938,1,0.32074263691902160645,0.5999999999999999778
1712151481.7952785492,-0.3384405970573425293,0,0.87380170822143554688,1,0.32004204392433166504,0.5999999999999999778
1712151481.8465521336,-0.3313312232494354248,0,0.87984418869018554688,1,0.31975886225700378418,0.5999999999999999778
1712151481.8979623318,-0.31926575303077697754,0,0.89005869626998901367,1,0.31939956545829772949,0.5999999999999999778
1712151481.9494366646,-0.31390622258186340332,0,0.8945299983024597168,1,0.31913918256759643555,0.5999999999999999778
1712151482.0004999638,-0.30404567718505859375,0,0.9021924138069152832,1,0.3186816871166229248,0.5999999999999999778
1712151482.0516088009,-0.29974088072776794434,0,0.90540450811386108398,1,0.31862780451774597168,0.5999999999999999778
1712151482.1027541161,-0.29076027870178222656,0,0.91169387102127075195,1,0.31844726204872131348,0.5999999999999999778
1712151482.1547651291,-0.28803962469100952148,0,0.91350388526916503906,1,0.31853011250495910645,0.5999999999999999778
1712151482.2061424255,-0.27986383438110351562,0,0.91893792152404785156,1,0.31893828511238098145,0.5999999999999999778
1712151482.2571518421,-0.27577137947082519531,0,0.92109096050262451172,1,0.31914624571800231934,0.5999999999999999778
1712151482.3083250523,-0.26680585741996765137,0,0.92558240890502929688,1,0.31969392299652099609,0.5999999999999999778
1712151482.3592591286,-0.25923368334770202637,0,0.92928832769393920898,1,0.32011663913726806641,0.5999999999999999778
1712151482.4103326797,-0.25524848699569702148,0,0.93086028099060058594,1,0.32014966011047363281,0.5999999999999999778
1712151482.4614562988,-0.24600611627101898193,0,0.93451702594757080078,1,0.31924170255661010742,0.5999999999999999778
1712151482.512440443,-0.24107503890991210938,0,0.9366251826286315918,1,0.31880024075508117676,0.5999999999999999778
1712151482.5636413097,-0.23128625750541687012,0,0.94109332561492919922,1,0.31867465376853942871,0.5999999999999999778
1712151482.6146483421,-0.22671483457088470459,0,0.94335293769836425781,1,0.31910282373428344727,0.5999999999999999778
1712151482.6656508446,-0.21662376821041107178,0,0.94836276769638061523,1,0.32027703523635864258,0.5999999999999999778
1712151482.7166659832,-0.21310438215732574463,0,0.95009881258010864258,1,0.32062390446662902832,0.5999999999999999778
1712151482.7677299976,-0.2020158916711807251,0,0.95550656318664550781,1,0.32151296734809875488,0.5999999999999999778
1712151482.8187739849,-0.19627863168716430664,0,0.95846527814865112305,1,0.32180047035217285156,0.5999999999999999778
1712151482.8697712421,-0.18403269350528717041,0,0.96488428115844726562,1,0.32267984747886657715,0.5999999999999999778
1712151482.9212594032,-0.17792339622974395752,0,0.96821832656860351562,1,0.32334345579147338867,0.5999999999999999778
1712151482.9727373123,-0.16464473307132720947,0,0.97535800933837890625,1,0.32482609152793884277,0.5999999999999999778
1712151483.0241436958,-0.15331113338470458984,0,0.98142981529235839844,1,0.32597240805625915527,0.5999999999999999778
1712151483.0751214027,-0.14630146324634552002,0,0.98549741506576538086,1,0.32678580284118652344,0.5999999999999999778
1712151483.126814127,-0.13367196917533874512,0,0.99280709028244018555,1,0.32956677675247192383,0.5999999999999999778
1712151483.1785752773,-0.12670803070068359375,0,0.9968662261962890625,1,0.33129706978797912598,0.5999999999999999778
1712151483.2300140858,-0.11279951781034469604,0,1.0049345493316650391,1,0.33416733145713806152,0.5999999999999999778
1712151483.2814688683,-0.10607493668794631958,0,1.0090409517288208008,1,0.33536362648010253906,0.5999999999999999778
1712151483.3329224586,-0.095622703433036804199,0,1.0160138607025146484,1,0.33709919452667236328,0.5999999999999999778
1712151483.384565115,-0.089341841638088226318,0,1.020061492919921875,1,0.33786436915397644043,0.5999999999999999778
1712151483.4360954762,-0.076949670910835266113,0,1.0283954143524169922,1,0.33865362405776977539,0.5999999999999999778
1712151483.4872424603,-0.07100220024585723877,0,1.0327324867248535156,1,0.33872300386428833008,0.5999999999999999778
1712151483.5389323235,-0.059325046837329864502,0,1.0412578582763671875,1,0.33805745840072631836,0.5999999999999999778
1712151483.590839386,-0.053605448454618453979,0,1.0456268787384033203,1,0.33756095170974731445,0.5999999999999999778
1712151483.6419854164,-0.044357705861330032349,0,1.0527615547180175781,1,0.33653301000595092773,0.5999999999999999778
1712151483.6931037903,-0.033538516610860824585,0,1.0610578060150146484,1,0.33510288596153259277,0.5999999999999999778
1712151483.7441351414,-0.028426980599761009216,0,1.0651952028274536133,1,0.33433562517166137695,0.5999999999999999778
1712151483.7950725555,-0.01905614510178565979,0,1.0730060338973999023,1,0.33303681015968322754,0.5999999999999999778
1712151483.8462939262,-0.014614840969443321228,0,1.0766937732696533203,1,0.33247476816177368164,0.5999999999999999778
1712151483.8974738121,-0.0064314901828765869141,0,1.0842680931091308594,1,0.33185037970542907715,0.5999999999999999778
1712151483.9486160278,-0.0041224039159715175629,0,1.0866783857345581055,1,0.33163341879844665527,0.5999999999999999778
1712151484.0000987053,0.0023993821814656257629,0,1.0936697721481323242,1,0.33072376251220703125,0.5999999999999999778
1712151484.0511796474,0.0052848993800580501556,0,1.0970593690872192383,1,0.33027336001396179199,0.5999999999999999778
1712151484.102178812,0.010372601449489593506,0,1.1036090850830078125,1,0.32946035265922546387,0.5999999999999999778
1712151484.1536774635,0.01249044761061668396,0,1.1068019866943359375,1,0.32916146516799926758,0.5999999999999999778
1712151484.2050738335,0.016120944172143936157,0,1.1132297515869140625,1,0.32890728116035461426,0.5999999999999999778
1712151484.2565104961,0.017053790390491485596,0,1.1154422760009765625,1,0.3290875852108001709,0.5999999999999999778
1712151484.3077669144,0.01928294450044631958,0,1.1219022274017333984,1,0.33000096678733825684,0.5999999999999999778
1712151484.3592412472,0.020340586081147193909,0,1.1251163482666015625,1,0.33040833473205566406,0.5999999999999999778
1712151484.4109389782,0.021954374387860298157,0,1.1314787864685058594,1,0.3308245539665222168,0.5999999999999999778
1712151484.4623527527,0.022939529269933700562,0,1.1376245021820068359,1,0.33132752776145935059,0.5999999999999999778
1712151484.5142905712,0.023374574258923530579,0,1.1406079530715942383,1,0.33153957128524780273,0.5999999999999999778
1712151484.5654394627,0.024086346849799156189,0,1.1462401151657104492,1,0.33174249529838562012,0.5999999999999999778
1712151484.616666317,0.024222416803240776062,0,1.1480176448822021484,1,0.3316707313060760498,0.5999999999999999778
1712151484.667881012,0.024555958807468414307,0,1.1533026695251464844,1,0.33124274015426635742,0.5999999999999999778
1712151484.7196085453,0.024808716028928756714,0,1.1558153629302978516,1,0.33114415407180786133,0.5999999999999999778
1712151484.7707619667,0.025268329307436943054,0,1.1604025363922119141,1,0.33050525188446044922,0.5999999999999999778
1712151484.8218574524,0.02550938725471496582,0,1.1625078916549682617,1,0.33016219735145568848,0.5999999999999999778
1712151484.8729777336,0.026120001450181007385,0,1.1656539440155029297,1,0.3297958672046661377,0.5999999999999999778
1712151484.9243562222,0.027008851990103721619,0,1.1692347526550292969,1,0.32955560088157653809,0.5999999999999999778
1712151484.9770264626,0.027460867539048194885,0,1.1709666252136230469,1,0.32966843247413635254,0.5999999999999999778
1712151485.0286531448,0.028626458719372749329,0,1.1739310026168823242,1,0.33028081059455871582,0.5999999999999999778
1712151485.0798373222,0.029396664351224899292,0,1.1752266883850097656,1,0.33056670427322387695,0.5999999999999999778
1712151485.1313858032,0.030611287802457809448,0,1.1771913766860961914,1,0.33091974258422851562,0.5999999999999999778
1712151485.1826190948,0.031571418046951293945,0,1.1784681081771850586,1,0.33098369836807250977,0.5999999999999999778
1712151485.2339193821,0.032664883881807327271,0,1.1796061992645263672,1,0.33078607916831970215,0.5999999999999999778
1712151485.2851545811,0.033367034047842025757,0,1.1801322698593139648,1,0.33054712414741516113,0.5999999999999999778
1712151485.3363764286,0.034908577799797058105,0,1.1807599067687988281,1,0.32968643307685852051,0.5999999999999999778
1712151485.387652874,0.035661958158016204834,0,1.1808295249938964844,1,0.32926163077354431152,0.5999999999999999778
1712151485.438803196,0.036606427282094955444,0,1.1803554296493530273,1,0.32867357134819030762,0.5999999999999999778
1712151485.490432024,0.037260033190250396729,0,1.1795530319213867188,1,0.32830306887626647949,0.5999999999999999778
1712151485.5415084362,0.038283780217170715332,0,1.1781406402587890625,1,0.32801213860511779785,0.5999999999999999778
1712151485.5925235748,0.039559282362461090088,0,1.1757310628890991211,1,0.32864579558372497559,0.5999999999999999778
1712151485.6437942982,0.040160927921533584595,0,1.1744035482406616211,1,0.32902923226356506348,0.5999999999999999778
1712151485.6950845718,0.041253671050071716309,0,1.1720117330551147461,1,0.3299312293529510498,0.5999999999999999778
1712151485.7461543083,0.041934374719858169556,0,1.1705477237701416016,1,0.33042958378791809082,0.5999999999999999778
1712151485.7973511219,0.043442964553833007812,0,1.1671876907348632812,1,0.33106049895286560059,0.5999999999999999778
1712151485.8485119343,0.044157568365335464478,0,1.1653604507446289062,1,0.33136692643165588379,0.5999999999999999778
1712151485.8998653889,0.0456446819007396698,0,1.161696314811706543,1,0.3322524726390838623,0.5999999999999999778
1712151485.9511055946,0.046416267752647399902,0,1.1599422693252563477,1,0.3327363133430480957,0.5999999999999999778
1712151486.0023498535,0.047546107321977615356,0,1.1568355560302734375,1,0.33336326479911804199,0.5999999999999999778
1712151486.0534946918,0.048140458762645721436,0,1.154908299446105957,1,0.33382210135459899902,0.5999999999999999778
1712151486.1054363251,0.04950836673378944397,0,1.1514849662780761719,1,0.33478683233261108398,0.5999999999999999778
1712151486.1570703983,0.049860451370477676392,0,1.1476569175720214844,1,0.33492237329483032227,0.5999999999999999778
1712151486.2082619667,0.05025501549243927002,0,1.1462165117263793945,1,0.33473938703536987305,0.5999999999999999778
1712151486.2593171597,0.050885315984487533569,0,1.143796086311340332,1,0.33446723222732543945,0.5999999999999999778
1712151486.3105626106,0.050926845520734786987,0,1.1422280073165893555,1,0.33447760343551635742,0.5999999999999999778
1712151486.3617887497,0.050973653793334960938,0,1.1393234729766845703,1,0.33455801010131835938,0.5999999999999999778
1712151486.4130637646,0.051179766654968261719,0,1.1380509138107299805,1,0.33445224165916442871,0.5999999999999999778
1712151486.4645564556,0.051320493221282958984,0,1.1368643045425415039,1,0.33417919278144836426,0.5999999999999999778
1712151486.5156714916,0.051566176116466522217,0,1.1340184211730957031,1,0.33345580101013183594,0.5999999999999999778
1712151486.5667955875,0.052368652075529098511,0,1.1304357051849365234,1,0.33243459463119506836,0.5999999999999999778
1712151486.6183199883,0.052516151219606399536,0,1.1292388439178466797,1,0.33220389485359191895,0.5999999999999999778
1712151486.669470787,0.052690658718347549438,0,1.1252336502075195312,1,0.33130645751953125,0.5999999999999999778
1712151486.7206258774,0.052618872374296188354,0,1.1232943534851074219,1,0.33070334792137145996,0.5999999999999999778
1712151486.7718291283,0.052256993949413299561,0,1.1200017929077148438,1,0.32953217625617980957,0.5999999999999999778
1712151486.8231737614,0.051741309463977813721,0,1.1183191537857055664,1,0.32906353473663330078,0.5999999999999999778
1712151486.8744668961,0.050792224705219268799,0,1.1155507564544677734,1,0.32828843593597412109,0.5999999999999999778
1712151486.9257359505,0.049173709005117416382,0,1.1125547885894775391,1,0.32729634642601013184,0.5999999999999999778
1712151486.9771749973,0.047121781855821609497,0,1.1104227304458618164,1,0.32671380043029785156,0.5999999999999999778
1712151487.0283458233,0.04155157133936882019,0,1.1067048311233520508,1,0.32668763399124145508,0.5999999999999999778
1712151487.0795733929,0.039067137986421585083,0,1.1054604053497314453,1,0.32679679989814758301,0.5999999999999999778
1712151487.1308691502,0.033597469329833984375,0,1.1027051210403442383,1,0.32594352960586547852,0.5999999999999999778
1712151487.1823310852,0.031264126300811767578,0,1.1014778614044189453,1,0.3255545496940612793,0.5999999999999999778
1712151487.2403666973,0.023365469649434089661,0,1.0977970361709594727,1,0.32457131147384643555,0.5999999999999999778
1712151487.2913527489,0.01796327345073223114,0,1.0956006050109863281,1,0.32430481910705566406,0.5999999999999999778
1712151487.34293437,0.011334080249071121216,0,1.0929052829742431641,1,0.32384568452835083008,0.5999999999999999778
1712151487.3940467834,0.0021191705018281936646,0,1.0887053012847900391,1,0.32420065999031066895,0.5999999999999999778
1712151487.4451973438,-0.0020870054140686988831,0,1.0870436429977416992,1,0.32443290948867797852,0.5999999999999999778
1712151487.4963216782,-0.0082141980528831481934,0,1.0849163532257080078,1,0.32416272163391113281,0.5999999999999999778
1712151487.5474364758,-0.01204424537718296051,0,1.0835372209548950195,1,0.32378777861595153809,0.5999999999999999778
1712152023.4628989697,-1.4818513393402099609,0,1.124831080436706543,1,0.94095391035079956055,0.5999999999999999778
1712152023.515042305,-1.4822609424591064453,0,1.1246867179870605469,1,0.94109988212585449219,0.5999999999999999778
1712152023.5662567616,-1.4826569557189941406,0,1.1243040561676025391,1,0.94184482097625732422,0.5999999999999999778
1712152023.6177084446,-1.4809830188751220703,0,1.1241310834884643555,1,0.9408175349235534668,0.5999999999999999778
1712152023.6689062119,-1.4735640287399291992,0,1.1238502264022827148,1,0.92807185649871826172,0.5999999999999999778
1712152023.7202267647,-1.4706258773803710938,0,1.1237391233444213867,1,0.92111802101135253906,0.5999999999999999778
1712152023.7713973522,-1.4587113857269287109,0,1.1235464811325073242,1,0.89609569311141967773,0.5999999999999999778
1712152023.8227899075,-1.4503449201583862305,0,1.1232402324676513672,1,0.88310581445693969727,0.5999999999999999778
1712152023.874011755,-1.425619959831237793,0,1.1223653554916381836,1,0.8574568629264831543,0.5999999999999999778
1712152023.9250504971,-1.3926993608474731445,0,1.1215877532958984375,1,0.8344122767448425293,0.5999999999999999778
1712152023.976079464,-1.3793874979019165039,0,1.1213463544845581055,1,0.82678723335266113281,0.5999999999999999778
1712152024.0274436474,-1.3361935615539550781,0,1.1209431886672973633,1,0.80546069145202636719,0.5999999999999999778
1712152024.0783672333,-1.312220454216003418,0,1.1208449602127075195,1,0.79517114162445068359,0.5999999999999999778
1712152024.1292607784,-1.2594472169876098633,0,1.1203590631484985352,1,0.7744967341423034668,0.5999999999999999778
1712152024.1802546978,-1.2318394184112548828,0,1.120330810546875,1,0.76459580659866333008,0.5999999999999999778
1712152024.2311775684,-1.1728836297988891602,0,1.120331883430480957,1,0.74496483802795410156,0.5999999999999999778
1712152024.2823162079,-1.1527683734893798828,0,1.1203284263610839844,1,0.73880970478057861328,0.5999999999999999778
1712152024.3331513405,-1.091637730598449707,0,1.120528101921081543,1,0.72131389379501342773,0.5999999999999999778
1712152024.3842558861,-1.0586861371994018555,0,1.1208183765411376953,1,0.7128429412841796875,0.5999999999999999778
1712152024.4354140759,-0.99459379911422729492,0,1.1216093301773071289,1,0.69763422012329101562,0.5999999999999999778
1712152024.4864623547,-0.96278059482574462891,0,1.1221975088119506836,1,0.69056189060211181641,0.5999999999999999778
1712152024.5375685692,-0.89812272787094116211,0,1.123625636100769043,1,0.67714619636535644531,0.5999999999999999778
1712152024.5885488987,-0.87712764739990234375,0,1.1241927146911621094,1,0.67312276363372802734,0.5999999999999999778
1712152024.6395778656,-0.81813377141952514648,0,1.1244814395904541016,1,0.66319119930267333984,0.5999999999999999778
1712152024.6905322075,-0.75950461626052856445,0,1.1258009672164916992,1,0.65529787540435791016,0.5999999999999999778
1712152024.7415030003,-0.73123323917388916016,0,1.1267248392105102539,1,0.65183103084564208984,0.5999999999999999778
1712152024.7925140858,-0.67884844541549682617,0,1.1278425455093383789,1,0.64564287662506103516,0.5999999999999999778
1712152024.8434708118,-0.65429502725601196289,0,1.1281366348266601562,1,0.64303290843963623047,0.5999999999999999778
1712152024.8945703506,-0.61617124080657958984,0,1.1292024850845336914,1,0.63923889398574829102,0.5999999999999999778
1712152024.9457352161,-0.59397232532501220703,0,1.129923701286315918,1,0.63685333728790283203,0.5999999999999999778
1712152024.9975247383,-0.55316549539566040039,0,1.1313657760620117188,1,0.63352000713348388672,0.5999999999999999778
1712152025.048961401,-0.53347659111022949219,0,1.1323008537292480469,1,0.63229238986968994141,0.5999999999999999778
1712152025.0998630524,-0.49745205044746398926,0,1.1342560052871704102,1,0.63060408830642700195,0.5999999999999999778
1712152025.1507987976,-0.48044490814208984375,0,1.1351343393325805664,1,0.630001068115234375,0.5999999999999999778
1712152025.2017476559,-0.45474585890769958496,0,1.1363790035247802734,1,0.62958943843841552734,0.5999999999999999778
1712152025.2539212704,-0.43975391983985900879,0,1.1372143030166625977,1,0.62957429885864257812,0.5999999999999999778
1712152025.3084867001,-0.41246873140335083008,0,1.1386438608169555664,1,0.63030105829238891602,0.5999999999999999778
1712152025.3592896461,-0.38810405135154724121,0,1.1398900747299194336,1,0.63144880533218383789,0.5999999999999999778
1712152025.410148859,-0.37800493836402893066,0,1.1398011445999145508,1,0.63240677118301391602,0.5999999999999999778
1712152025.4610755444,-0.36057081818580627441,0,1.1405420303344726562,1,0.63366568088531494141,0.5999999999999999778
1712152025.5122280121,-0.35110434889793395996,0,1.140948176383972168,1,0.63427215814590454102,0.5999999999999999778
1712152025.5637145042,-0.33362886309623718262,0,1.1411218643188476562,1,0.63535201549530029297,0.5999999999999999778
1712152025.6150200367,-0.32628729939460754395,0,1.1408678293228149414,1,0.63572961091995239258,0.5999999999999999778
1712152025.6660702229,-0.31192612648010253906,0,1.1403313875198364258,1,0.63586026430130004883,0.5999999999999999778
1712152025.7176218033,-0.3053149878978729248,0,1.1399810314178466797,1,0.63564509153366088867,0.5999999999999999778
1712152025.7690112591,-0.29427054524421691895,0,1.13910675048828125,1,0.63504272699356079102,0.5999999999999999778
1712152025.8200068474,-0.28788956999778747559,0,1.1384520530700683594,1,0.63444560766220092773,0.5999999999999999778
1712152025.8711719513,-0.27573436498641967773,0,1.1371103525161743164,1,0.63290685415267944336,0.5999999999999999778
1712152025.922242403,-0.26958602666854858398,0,1.1362758874893188477,1,0.63180267810821533203,0.5999999999999999778
1712152025.9734010696,-0.25834128260612487793,0,1.134476780891418457,1,0.62954962253570556641,0.5999999999999999778
1712152026.024823904,-0.24653770029544830322,0,1.1323561668395996094,1,0.62734448909759521484,0.5999999999999999778
1712152026.0761229992,-0.24277131259441375732,0,1.1314840316772460938,1,0.62650132179260253906,0.5999999999999999778
1712152026.1278514862,-0.23687238991260528564,0,1.1299651861190795898,1,0.62525600194931030273,0.5999999999999999778
1712152026.1791481972,-0.22170276939868927002,0,1.1257569789886474609,1,0.62254178524017333984,0.5999999999999999778
1712152026.2304725647,-0.21719376742839813232,0,1.1239557266235351562,1,0.6222006678581237793,0.5999999999999999778
1712152026.2817144394,-0.20797182619571685791,0,1.1209714412689208984,1,0.62123513221740722656,0.5999999999999999778
1712152026.333078146,-0.20228120684623718262,0,1.1190758943557739258,1,0.62043023109436035156,0.5999999999999999778
1712152026.3843431473,-0.19058699905872344971,0,1.1152331829071044922,1,0.61853861808776855469,0.5999999999999999778
1712152026.4356150627,-0.1849489063024520874,0,1.1132566928863525391,1,0.6172275543212890625,0.5999999999999999778
1712152026.4868328571,-0.17356212437152862549,0,1.1094118356704711914,1,0.61447113752365112305,0.5999999999999999778
1712152026.5379831791,-0.16956064105033874512,0,1.1082422733306884766,1,0.61338722705841064453,0.5999999999999999778
1712152026.589206934,-0.15713784098625183105,0,1.1047828197479248047,1,0.60990953445434570312,0.5999999999999999778
1712152026.6404166222,-0.15097641944885253906,0,1.1032397747039794922,1,0.60799801349639892578,0.5999999999999999778
1712152026.6916868687,-0.1377824246883392334,0,1.1005625724792480469,1,0.60385835170745849609,0.5999999999999999778
1712152026.7428143024,-0.13089230656623840332,0,1.0994614362716674805,1,0.60189211368560791016,0.5999999999999999778
1712152026.7941045761,-0.1168759465217590332,0,1.0979949235916137695,1,0.59787034988403320312,0.5999999999999999778
1712152026.8452544212,-0.10239761322736740112,0,1.0972044467926025391,1,0.59385317564010620117,0.5999999999999999778
1712152026.8966472149,-0.097535379230976104736,0,1.0970779657363891602,1,0.59256261587142944336,0.5999999999999999778
1712152026.9481782913,-0.082360118627548217773,0,1.0970510244369506836,1,0.5893046259880065918,0.5999999999999999778
1712152026.9994461536,-0.074864655733108520508,0,1.0971759557723999023,1,0.58781552314758300781,0.5999999999999999778
1712152027.0507955551,-0.062095161527395248413,0,1.0976150035858154297,1,0.58536100387573242188,0.5999999999999999778
1712152027.1023745537,-0.054431285709142684937,0,1.097873687744140625,1,0.58395457267761230469,0.5999999999999999778
1712152027.1538980007,-0.036682821810245513916,0,1.0985115766525268555,1,0.58093672990798950195,0.5999999999999999778
1712152027.2050771713,-0.023844530805945396423,0,1.0987827777862548828,1,0.57889759540557861328,0.5999999999999999778
1712152027.256424427,-0.016459491103887557983,0,1.0989048480987548828,1,0.57774204015731811523,0.5999999999999999778
1712152027.3077299595,-0.0020555320661514997482,0,1.0987210273742675781,1,0.57563138008117675781,0.5999999999999999778
1712152027.3590462208,0.0027718648780137300491,0,1.0985280275344848633,1,0.57504367828369140625,0.5999999999999999778
1712152027.410725832,0.016080271452665328979,0,1.0975828170776367188,1,0.57357394695281982422,0.5999999999999999778
1712152027.4621140957,0.024534590542316436768,0,1.0967899560928344727,1,0.57261288166046142578,0.5999999999999999778
1712152027.5133581161,0.03454763069748878479,0,1.0955995321273803711,1,0.57175755500793457031,0.5999999999999999778
1712152027.5647249222,0.040236748754978179932,0,1.0947957038879394531,1,0.57136595249176025391,0.5999999999999999778
1712152027.6158466339,0.049099996685981750488,0,1.0932270288467407227,1,0.57082533836364746094,0.5999999999999999778
1712152027.6670758724,0.054130956530570983887,0,1.0920234918594360352,1,0.57075983285903930664,0.5999999999999999778
1712152027.71833992,0.063285246491432189941,0,1.0896961688995361328,1,0.57124716043472290039,0.5999999999999999778
1712152027.769556284,0.06749871373176574707,0,1.0884306430816650391,1,0.57192057371139526367,0.5999999999999999778
1712152027.8207416534,0.075649529695510864258,0,1.0855419635772705078,1,0.57394504547119140625,0.5999999999999999778
1712152027.8719213009,0.079334944486618041992,0,1.0841158628463745117,1,0.57500851154327392578,0.5999999999999999778
1712152027.9231450558,0.086144857108592987061,0,1.0811628103256225586,1,0.57685703039169311523,0.5999999999999999778
1712152027.9745428562,0.089313812553882598877,0,1.0797065496444702148,1,0.57772058248519897461,0.5999999999999999778
1712152028.0256278515,0.093953549861907958984,0,1.0771843194961547852,1,0.57887917757034301758,0.5999999999999999778
1712152028.0768961906,0.099279671907424926758,0,1.0742511749267578125,1,0.58001857995986938477,0.5999999999999999778
1712152028.1280808449,0.10184012353420257568,0,1.0727667808532714844,1,0.58042001724243164062,0.5999999999999999778
1712152028.1791257858,0.10676871985197067261,0,1.0698622465133666992,1,0.5807297825813293457,0.5999999999999999778
1712152028.2303955555,0.10914812982082366943,0,1.0684788227081298828,1,0.58067339658737182617,0.5999999999999999778
1712152028.2815132141,0.11143029481172561646,0,1.0672086477279663086,1,0.58054405450820922852,0.5999999999999999778
1712152028.3328564167,0.11535780131816864014,0,1.0656179189682006836,1,0.58080577850341796875,0.5999999999999999778
1712152028.3840637207,0.12024199962615966797,0,1.0640748739242553711,1,0.58138704299926757812,0.5999999999999999778
1712152028.4353089333,0.12279906123876571655,0,1.0635193586349487305,1,0.5817483067512512207,0.5999999999999999778
1712152028.4867203236,0.12801823019981384277,0,1.0626230239868164062,1,0.58250904083251953125,0.5999999999999999778
1712152028.5383172035,0.1305840611457824707,0,1.0621101856231689453,1,0.58277595043182373047,0.5999999999999999778
1712152028.5894901752,0.13577547669410705566,0,1.0615155696868896484,1,0.58338207006454467773,0.5999999999999999778
1712152028.6406509876,0.13975426554679870605,0,1.060999751091003418,1,0.58347040414810180664,0.5999999999999999778
1712152028.6917266846,0.14186713099479675293,0,1.0606477260589599609,1,0.58345359563827514648,0.5999999999999999778
1712152028.742941618,0.14385023713111877441,0,1.0604317188262939453,1,0.58353865146636962891,0.5999999999999999778
1712152028.7940957546,0.14731392264366149902,0,1.0599563121795654297,1,0.58360970020294189453,0.5999999999999999778
1712152028.8452637196,0.14827965199947357178,0,1.0598115921020507812,1,0.5835857391357421875,0.5999999999999999778
1712152028.8963932991,0.15106257796287536621,0,1.05963897705078125,1,0.5833365321159362793,0.5999999999999999778
1712152028.9479026794,0.15368379652500152588,0,1.0594739913940429688,1,0.58253449201583862305,0.5999999999999999778
1712152028.9990656376,0.15446744859218597412,0,1.0593731403350830078,1,0.58214801549911499023,0.5999999999999999778
1712152029.0505309105,0.15637634694576263428,0,1.0590590238571166992,1,0.58122992515563964844,0.5999999999999999778
1712152029.1016423702,0.15742167830467224121,0,1.0591776371002197266,1,0.58083528280258178711,0.5999999999999999778
1712152029.1531875134,0.15853081643581390381,0,1.0593994855880737305,1,0.58039075136184692383,0.5999999999999999778
1712152029.2047996521,0.15886960923671722412,0,1.0597288608551025391,1,0.57997363805770874023,0.5999999999999999778
1712152029.2559242249,0.15988001227378845215,0,1.0610307455062866211,1,0.57929861545562744141,0.5999999999999999778
1712152029.307226181,0.15988001227378845215,0,1.0610307455062866211,1,0.57929861545562744141,0.5999999999999999778
1712152029.3583657742,0.16210098564624786377,0,1.0644201040267944336,1,0.57799905538558959961,0.5999999999999999778
1712152029.4095644951,0.16310471296310424805,0,1.0661668777465820312,1,0.57757735252380371094,0.5999999999999999778
1712152029.4607176781,0.16471312940120697021,0,1.0692735910415649414,1,0.57689636945724487305,0.5999999999999999778
1712152029.5118665695,0.16616566479206085205,0,1.0727267265319824219,1,0.57600522041320800781,0.5999999999999999778
1712152029.563229084,0.1670586317777633667,0,1.075504302978515625,1,0.57540720701217651367,0.5999999999999999778
1712152029.6143267155,0.1670586317777633667,0,1.075504302978515625,1,0.57540720701217651367,0.5999999999999999778
1712152029.6653931141,0.16887636482715606689,0,1.082019805908203125,1,0.57467728853225708008,0.5999999999999999778
1712152029.71656847,0.16944926977157592773,0,1.0842565298080444336,1,0.57465708255767822266,0.5999999999999999778
1712152029.7677180767,0.16944926977157592773,0,1.0842565298080444336,1,0.57465708255767822266,0.5999999999999999778
1712152029.8188199997,0.17065271735191345215,0,1.0921036005020141602,1,0.5748291015625,0.5999999999999999778
1712152029.8699193001,0.17081549763679504395,0,1.0942186117172241211,1,0.57487499713897705078,0.5999999999999999778
1712152029.9211101532,0.17081549763679504395,0,1.0942186117172241211,1,0.57487499713897705078,0.5999999999999999778
1712152029.9722981453,0.17090038955211639404,0,1.0997565984725952148,1,0.57486033439636230469,0.5999999999999999778
1712152030.0233705044,0.17032293975353240967,0,1.1045765876770019531,1,0.57477492094039916992,0.5999999999999999778
1712152030.0742092133,0.1699962317943572998,0,1.1059031486511230469,1,0.57468485832214355469,0.5999999999999999778
1712152030.1251037121,0.16883204877376556396,0,1.1094924211502075195,1,0.57414394617080688477,0.5999999999999999778
1712152030.1760993004,0.16815844178199768066,0,1.1110919713973999023,1,0.57362055778503417969,0.5999999999999999778
1712152030.2275681496,0.16815844178199768066,0,1.1110919713973999023,1,0.57362055778503417969,0.5999999999999999778
