1714488632.8834581375,-1.3729897737503051758,-1.5,-0.030213786289095878601,1,0.92272031307220458984,0.5999999999999999778
1714488632.936081171,-1.3717894554138183594,-1.5,-0.029346283525228500366,1,0.92320072650909423828,0.5999999999999999778
1714488632.9875307083,-1.3710589408874511719,-1.5,-0.028505710884928703308,1,0.92361915111541748047,0.5999999999999999778
1714488633.0389854908,-1.3703292608261108398,-1.5,-0.025803593918681144714,1,0.92312985658645629883,0.5999999999999999778
1714488633.0902659893,-1.3698793649673461914,-1.5,-0.022417884320020675659,1,0.91988623142242431641,0.5999999999999999778
1714488633.1416127682,-1.3690003156661987305,-1.5,-0.015071658417582511902,1,0.90690118074417114258,0.5999999999999999778
1714488633.1934626102,-1.368601679801940918,-1.5,-0.0064481562003493309021,1,0.89197123050689697266,0.5999999999999999778
1714488633.2451119423,-1.3686536550521850586,-1.5,0.00091534119565039873123,1,0.88205426931381225586,0.5999999999999999778
1714488633.2973074913,-1.3685395717620849609,-1.5,0.019363503903150558472,1,0.86179649829864501953,0.5999999999999999778
1714488633.3495883942,-1.3686182498931884766,-1.5,0.031202273443341255188,1,0.85127395391464233398,0.5999999999999999778
1714488633.4018023014,-1.3689520359039306641,-1.5,0.059268455952405929565,1,0.8296706080436706543,0.5999999999999999778
1714488633.4537422657,-1.3687767982482910156,-1.5,0.07419195026159286499,1,0.81871509552001953125,0.5999999999999999778
1714488633.5059804916,-1.3689768314361572266,-1.5,0.10295957326889038086,1,0.79973483085632324219,0.5999999999999999778
1714488633.5579755306,-1.3691049814224243164,-1.5,0.12126755714416503906,1,0.78800755739212036133,0.5999999999999999778
1714488633.6097047329,-1.3692563772201538086,-1.5,0.16039340198040008545,1,0.76375937461853027344,0.5999999999999999778
1714488633.661295414,-1.3692488670349121094,-1.5,0.18116940557956695557,1,0.75177669525146484375,0.5999999999999999778
1714488633.7124090195,-1.3684220314025878906,-1.5,0.22561952471733093262,1,0.72852158546447753906,0.5999999999999999778
1714488633.7636260986,-1.3677833080291748047,-1.5,0.27217522263526916504,1,0.70649766921997070312,0.5999999999999999778
1714488633.8171610832,-1.367615818977355957,-1.5,0.28741765022277832031,1,0.69983130693435668945,0.5999999999999999778
1714488633.8686578274,-1.3670233488082885742,-1.5,0.33584672212600708008,1,0.68000912666320800781,0.5999999999999999778
1714488633.9201245308,-1.3669977188110351562,-1.5,0.36049368977546691895,1,0.67075490951538085938,0.5999999999999999778
1714488633.9715571404,-1.3666093349456787109,-1.5,0.40864083170890808105,1,0.65339303016662597656,0.5999999999999999778
1714488634.0225679874,-1.3663468360900878906,-1.5,0.43234074115753173828,1,0.64521825313568115234,0.5999999999999999778
1714488634.0742242336,-1.3660786151885986328,-1.5,0.48013520240783691406,1,0.63020288944244384766,0.5999999999999999778
1714488634.1252417564,-1.3659676313400268555,-1.5,0.49551472067832946777,1,0.62563461065292358398,0.5999999999999999778
1714488634.1764178276,-1.3656362295150756836,-1.5,0.54021894931793212891,1,0.61384904384613037109,0.5999999999999999778
1714488634.2274639606,-1.3653510808944702148,-1.5,0.58376181125640869141,1,0.60405325889587402344,0.5999999999999999778
1714488634.2791011333,-1.3650405406951904297,-1.5,0.60431379079818725586,1,0.60030931234359741211,0.5999999999999999778
1714488634.3312613964,-1.3651396036148071289,-1.5,0.64341932535171508789,1,0.59374839067459106445,0.5999999999999999778
1714488634.3830606937,-1.3651202917098999023,-1.5,0.66162729263305664062,1,0.59108197689056396484,0.5999999999999999778
1714488634.4361088276,-1.3646478652954101562,-1.5,0.68986165523529052734,1,0.58654546737670898438,0.5999999999999999778
1714488634.4880197048,-1.3642647266387939453,-1.5,0.70528686046600341797,1,0.58437180519104003906,0.5999999999999999778
1714488634.539270401,-1.3641965389251708984,-1.5,0.73449444770812988281,1,0.58088260889053344727,0.5999999999999999778
1714488634.5907359123,-1.3641097545623779297,-1.5,0.74771219491958618164,1,0.579395294189453125,0.5999999999999999778
1714488634.641980648,-1.3630766868591308594,-1.5,0.77157300710678100586,1,0.5777518153190612793,0.5999999999999999778
1714488634.6932144165,-1.3622097969055175781,-1.5,0.78872495889663696289,1,0.57703000307083129883,0.5999999999999999778
1714488634.7444236279,-1.3616250753402709961,-1.5,0.79676800966262817383,1,0.57763850688934326172,0.5999999999999999778
1714488634.7959067822,-1.3602410554885864258,-1.5,0.8119691014289855957,1,0.5799553990364074707,0.5999999999999999778
1714488634.8472087383,-1.3595788478851318359,-1.5,0.81893086433410644531,1,0.58120119571685791016,0.5999999999999999778
1714488634.8986563683,-1.358263850212097168,-1.5,0.83014768362045288086,1,0.58342117071151733398,0.5999999999999999778
1714488634.9502174854,-1.3577054738998413086,-1.5,0.83506101369857788086,1,0.58420580625534057617,0.5999999999999999778
1714488635.001500845,-1.3570697307586669922,-1.5,0.84149944782257080078,1,0.58530557155609130859,0.5999999999999999778
1714488635.0532829762,-1.3568140268325805664,-1.5,0.84485578536987304688,1,0.58582526445388793945,0.5999999999999999778
1714488635.1055831909,-1.3559590578079223633,-1.5,0.85117167234420776367,1,0.5866705775260925293,0.5999999999999999778
1714488635.156910181,-1.3555521965026855469,-1.5,0.85377663373947143555,1,0.58698374032974243164,0.5999999999999999778
1714488635.2084643841,-1.3547188043594360352,-1.5,0.8589630126953125,1,0.58690184354782104492,0.5999999999999999778
1714488635.2617566586,-1.3543132543563842773,-1.5,0.86174422502517700195,1,0.58677047491073608398,0.5999999999999999778
1714488635.3139367104,-1.3535861968994140625,-1.5,0.86593741178512573242,1,0.58603847026824951172,0.5999999999999999778
1714488635.3657505512,-1.3531802892684936523,-1.5,0.87047630548477172852,1,0.58437645435333251953,0.5999999999999999778
1714488635.4174177647,-1.3525060415267944336,-1.5,0.87240403890609741211,1,0.58298593759536743164,0.5999999999999999778
1714488635.4689466953,-1.3520554304122924805,-1.5,0.87369906902313232422,1,0.58188599348068237305,0.5999999999999999778
1714488635.5203106403,-1.3515441417694091797,-1.5,0.87438762187957763672,1,0.58095210790634155273,0.5999999999999999778
1714488635.571723938,-1.3509256839752197266,-1.5,0.87468713521957397461,1,0.58098798990249633789,0.5999999999999999778
1714488635.6234705448,-1.3502801656723022461,-1.5,0.87453508377075195312,1,0.58092725276947021484,0.5999999999999999778
1714488635.6754691601,-1.3485850095748901367,-1.5,0.87286806106567382812,1,0.58001226186752319336,0.5999999999999999778
1714488635.7268943787,-1.3479063510894775391,-1.5,0.87198913097381591797,1,0.57929933071136474609,0.5999999999999999778
1714488635.7782063484,-1.3457520008087158203,-1.5,0.87043106555938720703,1,0.57753551006317138672,0.5999999999999999778
1714488635.8297293186,-1.3446297645568847656,-1.5,0.86989361047744750977,1,0.57665878534317016602,0.5999999999999999778
1714488635.8811273575,-1.3438247442245483398,-1.5,0.86973071098327636719,1,0.57604944705963134766,0.5999999999999999778
1714488635.9328739643,-1.3417574167251586914,-1.5,0.87077742815017700195,1,0.57466053962707519531,0.5999999999999999778
1714488635.9844141006,-1.3409130573272705078,-1.5,0.87153857946395874023,1,0.57417237758636474609,0.5999999999999999778
1714488636.036716938,-1.340218663215637207,-1.5,0.87229305505752563477,1,0.57372444868087768555,0.5999999999999999778
1714488636.0883934498,-1.3389779329299926758,-1.5,0.87561327219009399414,1,0.57282495498657226562,0.5999999999999999778
1714488636.1401474476,-1.3383976221084594727,-1.5,0.87742602825164794922,1,0.57231259346008300781,0.5999999999999999778
1714488636.1915774345,-1.3377913236618041992,-1.5,0.88011944293975830078,1,0.57246035337448120117,0.5999999999999999778
1714488636.2458193302,-1.3369190692901611328,-1.5,0.88532477617263793945,1,0.57363665103912353516,0.5999999999999999778
1714488636.2972259521,-1.3367173671722412109,-1.5,0.88803899288177490234,1,0.5742562413215637207,0.5999999999999999778
1714488636.3485820293,-1.3367173671722412109,-1.5,0.88803899288177490234,1,0.5742562413215637207,0.5999999999999999778
1714488636.4024116993,-1.335541844367980957,-1.5,0.89692378044128417969,1,0.57577472925186157227,0.5999999999999999778
1714488636.4552092552,-1.3350731134414672852,-1.5,0.90012317895889282227,1,0.57629191875457763672,0.5999999999999999778
1714488636.507114172,-1.3350731134414672852,-1.5,0.90012317895889282227,1,0.57629191875457763672,0.5999999999999999778
1714488636.5587260723,-1.3338452577590942383,-1.5,0.91522669792175292969,1,0.57788282632827758789,0.5999999999999999778
1714488636.6105189323,-1.3335839509963989258,-1.5,0.91915470361709594727,1,0.57787096500396728516,0.5999999999999999778
1714488636.6617708206,-1.3334078788757324219,-1.5,0.92581653594970703125,1,0.57765471935272216797,0.5999999999999999778
1714488636.7130484581,-1.3335164785385131836,-1.5,0.932758331298828125,1,0.57714647054672241211,0.5999999999999999778
1714488636.7643430233,-1.3336097002029418945,-1.5,0.93672466278076171875,1,0.57683527469635009766,0.5999999999999999778
1714488636.8157560825,-1.3336097002029418945,-1.5,0.93672466278076171875,1,0.57683527469635009766,0.5999999999999999778
1714488636.8674199581,-1.3349300622940063477,-1.5,0.95110970735549926758,1,0.5739790797233581543,0.5999999999999999778
1714488636.918992281,-1.3354398012161254883,-1.5,0.95501232147216796875,1,0.57341313362121582031,0.5999999999999999778
1714488636.9704043865,-1.3359103202819824219,-1.5,0.95866888761520385742,1,0.57362788915634155273,0.5999999999999999778
1714488637.021684885,-1.3359103202819824219,-1.5,0.95866888761520385742,1,0.57362788915634155273,0.5999999999999999778
1714488637.0741102695,-1.338794708251953125,-1.5,0.97305589914321899414,1,0.57666426897048950195,0.5999999999999999778
1714488637.1259052753,-1.3399080038070678711,-1.5,0.97678864002227783203,1,0.57677483558654785156,0.5999999999999999778
1714488637.1777102947,-1.3409727811813354492,-1.5,0.97994667291641235352,1,0.57667791843414306641,0.5999999999999999778
1714488637.2294802666,-1.3435091972351074219,-1.5,0.98710405826568603516,1,0.57546609640121459961,0.5999999999999999778
1714488637.2812335491,-1.3448158502578735352,-1.5,0.99044615030288696289,1,0.57439780235290527344,0.5999999999999999778
1714488637.3346381187,-1.3474102020263671875,-1.5,0.99653089046478271484,1,0.57257491350173950195,0.5999999999999999778
1714488637.3874008656,-1.3494906425476074219,-1.5,1.0014913082122802734,1,0.57105302810668945312,0.5999999999999999778
1714488637.4391725063,-1.3517835140228271484,-1.5,1.0061060190200805664,1,0.56955480575561523438,0.5999999999999999778
1714488637.4906027317,-1.3530433177947998047,-1.5,1.0085898637771606445,1,0.56887930631637573242,0.5999999999999999778
1714488637.5421276093,-1.3541917800903320312,-1.5,1.0109513998031616211,1,0.5683491826057434082,0.5999999999999999778
1714488637.5935368538,-1.3574481010437011719,-1.5,1.0164930820465087891,1,0.56628262996673583984,0.5999999999999999778
1714488637.6449422836,-1.3591722249984741211,-1.5,1.0186334848403930664,1,0.56508880853652954102,0.5999999999999999778
1714488637.6963922977,-1.3623360395431518555,-1.5,1.0225464105606079102,1,0.56325286626815795898,0.5999999999999999778
1714488637.7476279736,-1.3642253875732421875,-1.5,1.0248355865478515625,1,0.56177794933319091797,0.5999999999999999778
1714488637.7992823124,-1.3679752349853515625,-1.5,1.0296949148178100586,1,0.55840092897415161133,0.5999999999999999778
1714488637.850705862,-1.3699502944946289062,-1.5,1.0320947170257568359,1,0.55646824836730957031,0.5999999999999999778
1714488637.9021327496,-1.3743642568588256836,-1.5,1.0374476909637451172,1,0.55249172449111938477,0.5999999999999999778
1714488637.9537553787,-1.3757766485214233398,-1.5,1.0392525196075439453,1,0.55128026008605957031,0.5999999999999999778
1714488638.0060074329,-1.3798350095748901367,-1.5,1.0439544916152954102,1,0.54795682430267333984,0.5999999999999999778
1714488638.0583555698,-1.3816980123519897461,-1.5,1.0460942983627319336,1,0.54655414819717407227,0.5999999999999999778
1714488638.1106240749,-1.3841172456741333008,-1.5,1.0489389896392822266,1,0.54337978363037109375,0.5999999999999999778
1714488638.1620879173,-1.3863137960433959961,-1.5,1.051343083381652832,1,0.5397675633430480957,0.5999999999999999778
1714488638.2138848305,-1.3873946666717529297,-1.5,1.0524339675903320312,1,0.53833520412445068359,0.5999999999999999778
1714488638.2656905651,-1.3891555070877075195,-1.5,1.0527960062026977539,1,0.53625011444091796875,0.5999999999999999778
1714488638.3180780411,-1.3896752595901489258,-1.5,1.0525527000427246094,1,0.53576195240020751953,0.5999999999999999778
1714488638.3701334,-1.3903576135635375977,-1.5,1.0516365766525268555,1,0.53501760959625244141,0.5999999999999999778
1714490513.6917202473,-1.4135155677795410156,-1.5,0.050265125930309295654,1,0.89027667045593261719,0.5999999999999999778
1714490513.743796587,-1.4156627655029296875,-1.5,0.050815340131521224976,1,0.88993674516677856445,0.5999999999999999778
1714490513.7951002121,-1.4167079925537109375,-1.5,0.05085398256778717041,1,0.88989919424057006836,0.5999999999999999778
1714490513.8462774754,-1.4184321165084838867,-1.5,0.052540142089128494263,1,0.88841348886489868164,0.5999999999999999778
1714490513.8974356651,-1.4190943241119384766,-1.5,0.055275328457355499268,1,0.8844750523567199707,0.5999999999999999778
1714490513.9487226009,-1.4202126264572143555,-1.5,0.06127199903130531311,1,0.86931341886520385742,0.5999999999999999778
1714490514.0004684925,-1.4206550121307373047,-1.5,0.063828185200691223145,1,0.86307829618453979492,0.5999999999999999778
1714490514.051738739,-1.4213422536849975586,-1.5,0.07428957521915435791,1,0.84303534030914306641,0.5999999999999999778
1714490514.1029646397,-1.4219149351119995117,-1.5,0.090268611907958984375,1,0.82231813669204711914,0.5999999999999999778
1714490514.1540937424,-1.4223574399948120117,-1.5,0.10025442391633987427,1,0.81181615591049194336,0.5999999999999999778
1714490514.2052474022,-1.4233446121215820312,-1.5,0.12457940727472305298,1,0.79041129350662231445,0.5999999999999999778
1714490514.2563884258,-1.4235982894897460938,-1.5,0.13370871543884277344,1,0.78329247236251831055,0.5999999999999999778
1714490514.3076357841,-1.4246286153793334961,-1.5,0.16395120322704315186,1,0.76222282648086547852,0.5999999999999999778
1714490514.3589408398,-1.4252456426620483398,-1.5,0.18078520894050598145,1,0.75165146589279174805,0.5999999999999999778
1714490514.4100267887,-1.4265781641006469727,-1.5,0.21697819232940673828,1,0.73098456859588623047,0.5999999999999999778
1714490514.4610948563,-1.4275128841400146484,-1.5,0.23569540679454803467,1,0.72111350297927856445,0.5999999999999999778
1714490514.512229681,-1.4291929006576538086,-1.5,0.2684898674488067627,1,0.70499622821807861328,0.5999999999999999778
1714490514.563833952,-1.4304850101470947266,-1.5,0.2963600456714630127,1,0.69246602058410644531,0.5999999999999999778
1714490514.615008831,-1.4323239326477050781,-1.5,0.33126020431518554688,1,0.67790436744689941406,0.5999999999999999778
1714490514.666872263,-1.4335832595825195312,-1.5,0.35347133874893188477,1,0.66926538944244384766,0.5999999999999999778
1714490514.7181191444,-1.4358321428298950195,-1.5,0.39698883891105651855,1,0.65366458892822265625,0.5999999999999999778
1714490514.7693836689,-1.4378499984741210938,-1.5,0.44027313590049743652,1,0.63957607746124267578,0.5999999999999999778
1714490514.8205733299,-1.4388880729675292969,-1.5,0.46219089627265930176,1,0.63291651010513305664,0.5999999999999999778
1714490514.8716433048,-1.4407105445861816406,-1.5,0.49808830022811889648,1,0.62263464927673339844,0.5999999999999999778
1714490514.9228231907,-1.4417842626571655273,-1.5,0.51858872175216674805,1,0.61707574129104614258,0.5999999999999999778
1714490514.9739301205,-1.4441224336624145508,-1.5,0.55882102251052856445,1,0.60663968324661254883,0.5999999999999999778
1714490515.0251328945,-1.4454175233840942383,-1.5,0.57892829179763793945,1,0.60157012939453125,0.5999999999999999778
1714490515.0763912201,-1.4481008052825927734,-1.5,0.615814208984375,1,0.59262633323669433594,0.5999999999999999778
1714490515.1276359558,-1.4489629268646240234,-1.5,0.62756353616714477539,1,0.58984375,0.5999999999999999778
1714490515.1790184975,-1.4517263174057006836,-1.5,0.66114437580108642578,1,0.58216977119445800781,0.5999999999999999778
1714490515.2306087017,-1.4528013467788696289,-1.5,0.67654019594192504883,1,0.57907450199127197266,0.5999999999999999778
1714490515.2820928097,-1.4549034833908081055,-1.5,0.70600259304046630859,1,0.57310968637466430664,0.5999999999999999778
1714490515.333460331,-1.4558291435241699219,-1.5,0.71925771236419677734,1,0.57049703598022460938,0.5999999999999999778
1714490515.3849339485,-1.4578621387481689453,-1.5,0.74414753913879394531,1,0.56549590826034545898,0.5999999999999999778
1714490515.4364957809,-1.4594620466232299805,-1.5,0.76230221986770629883,1,0.56216615438461303711,0.5999999999999999778
1714490515.4881994724,-1.4604833126068115234,-1.5,0.77257537841796875,1,0.56044942140579223633,0.5999999999999999778
1714490515.5394666195,-1.462510228157043457,-1.5,0.79152125120162963867,1,0.55775153636932373047,0.5999999999999999778
1714490515.5909509659,-1.4634966850280761719,-1.5,0.7991835474967956543,1,0.55720603466033935547,0.5999999999999999778
1714490515.6423046589,-1.4648057222366333008,-1.5,0.81174027919769287109,1,0.55655074119567871094,0.5999999999999999778
1714490515.6938114166,-1.4656517505645751953,-1.5,0.81882828474044799805,1,0.55620175600051879883,0.5999999999999999778
1714490515.7451140881,-1.4670985937118530273,-1.5,0.83163416385650634766,1,0.55561757087707519531,0.5999999999999999778
1714490515.7964093685,-1.4678063392639160156,-1.5,0.83728653192520141602,1,0.5551655888557434082,0.5999999999999999778
1714490515.8476603031,-1.4685415029525756836,-1.5,0.84754788875579833984,1,0.55435723066329956055,0.5999999999999999778
1714490515.8988370895,-1.4688891172409057617,-1.5,0.85175889730453491211,1,0.55399549007415771484,0.5999999999999999778
1714490515.950075388,-1.4690073728561401367,-1.5,0.8582146763801574707,1,0.55324423313140869141,0.5999999999999999778
1714490516.0012867451,-1.4694968461990356445,-1.5,0.86500251293182373047,1,0.55204427242279052734,0.5999999999999999778
1714490516.0525450706,-1.469651341438293457,-1.5,0.86814367771148681641,1,0.55148577690124511719,0.5999999999999999778
1714490516.1038548946,-1.4697500467300415039,-1.5,0.87399613857269287109,1,0.55040085315704345703,0.5999999999999999778
1714490516.1551575661,-1.4697221517562866211,-1.5,0.8770764470100402832,1,0.54976171255111694336,0.5999999999999999778
1714490516.2065200806,-1.4699511528015136719,-1.5,0.88142365217208862305,1,0.5488160252571105957,0.5999999999999999778
1714490516.2579147816,-1.4697566032409667969,-1.5,0.88403970003128051758,1,0.54810285568237304688,0.5999999999999999778
1714490516.3103647232,-1.4693266153335571289,-1.5,0.88922733068466186523,1,0.54644745588302612305,0.5999999999999999778
1714490516.361713171,-1.4690076112747192383,-1.5,0.89177393913269042969,1,0.5456091761589050293,0.5999999999999999778
1714490516.4131073952,-1.4682961702346801758,-1.5,0.89690244197845458984,1,0.54378610849380493164,0.5999999999999999778
1714490516.4644072056,-1.4681676626205444336,-1.5,0.8986365199089050293,1,0.54345107078552246094,0.5999999999999999778
1714490516.515627861,-1.4678640365600585938,-1.5,0.90248513221740722656,1,0.54346638917922973633,0.5999999999999999778
1714490516.567387104,-1.4675438404083251953,-1.5,0.90588289499282836914,1,0.54336512088775634766,0.5999999999999999778
1714490678.7396991253,-1.4239189624786376953,-1.5,-0.023437948897480964661,1,0.85361152887344360352,0.5999999999999999778
1714490678.7912261486,-1.4234409332275390625,-1.5,-0.02417155727744102478,1,0.85428529977798461914,0.5999999999999999778
1714490678.842902422,-1.4228738546371459961,-1.5,-0.025007871910929679871,1,0.85557663440704345703,0.5999999999999999778
1714490678.8941743374,-1.4225254058837890625,-1.5,-0.022883867844939231873,1,0.85434073209762573242,0.5999999999999999778
1714490678.9454054832,-1.4223486185073852539,-1.5,-0.020395938307046890259,1,0.84906250238418579102,0.5999999999999999778
1714490678.9969100952,-1.4220536947250366211,-1.5,-0.015677349641919136047,1,0.83788776397705078125,0.5999999999999999778
1714490679.0485405922,-1.4218941926956176758,-1.5,-0.011586812324821949005,1,0.82927262783050537109,0.5999999999999999778
1714490679.0998415947,-1.4214606285095214844,-1.5,-0.0012901852605864405632,1,0.81225234270095825195,0.5999999999999999778
1714490679.1512322426,-1.4214650392532348633,-1.5,0.0065438612364232540131,1,0.80328154563903808594,0.5999999999999999778
1714490679.2028253078,-1.4213860034942626953,-1.5,0.022098593413829803467,1,0.78764432668685913086,0.5999999999999999778
1714490679.2543272972,-1.4214311838150024414,-1.5,0.033095717430114746094,1,0.7778384089469909668,0.5999999999999999778
1714490679.3057727814,-1.4214910268783569336,-1.5,0.058305323123931884766,1,0.75781643390655517578,0.5999999999999999778
1714490679.357493639,-1.4214220046997070312,-1.5,0.072588130831718444824,1,0.74783909320831298828,0.5999999999999999778
1714490679.4090409279,-1.4217655658721923828,-1.5,0.10486417263746261597,1,0.72749060392379760742,0.5999999999999999778
1714490679.4607560635,-1.4219801425933837891,-1.5,0.13423246145248413086,1,0.71062839031219482422,0.5999999999999999778
1714490679.5124228001,-1.4218256473541259766,-1.5,0.15268814563751220703,1,0.69973927736282348633,0.5999999999999999778
1714490679.5638532639,-1.4220211505889892578,-1.5,0.19232428073883056641,1,0.67778605222702026367,0.5999999999999999778
1714490679.6152207851,-1.4224656820297241211,-1.5,0.21366588771343231201,1,0.66704803705215454102,0.5999999999999999778
1714490679.6665916443,-1.4228928089141845703,-1.5,0.25727054476737976074,1,0.6466846466064453125,0.5999999999999999778
1714490679.7177376747,-1.4232627153396606445,-1.5,0.27902486920356750488,1,0.63716304302215576172,0.5999999999999999778
1714490679.7693104744,-1.4236102104187011719,-1.5,0.31628236174583435059,1,0.62188613414764404297,0.5999999999999999778
1714490679.8205444813,-1.4238197803497314453,-1.5,0.33966040611267089844,1,0.61269426345825195312,0.5999999999999999778
1714490679.8717384338,-1.4244463443756103516,-1.5,0.38417840003967285156,1,0.5962918400764465332,0.5999999999999999778
1714490679.9229323864,-1.4250558614730834961,-1.5,0.40737071633338928223,1,0.58835214376449584961,0.5999999999999999778
1714490679.9741539955,-1.4263362884521484375,-1.5,0.45113909244537353516,1,0.57429867982864379883,0.5999999999999999778
1714490680.0254170895,-1.426943659782409668,-1.5,0.47321081161499023438,1,0.56770712137222290039,0.5999999999999999778
1714490680.0769178867,-1.4284366369247436523,-1.5,0.51548218727111816406,1,0.55582863092422485352,0.5999999999999999778
1714490680.1280779839,-1.4291858673095703125,-1.5,0.53399717807769775391,1,0.55092388391494750977,0.5999999999999999778
1714490680.1793711185,-1.4304041862487792969,-1.5,0.567798614501953125,1,0.54212117195129394531,0.5999999999999999778
1714490680.2307744026,-1.4317435026168823242,-1.5,0.60469126701354980469,1,0.533092498779296875,0.5999999999999999778
1714490680.2825911045,-1.4323298931121826172,-1.5,0.62412244081497192383,1,0.52846306562423706055,0.5999999999999999778
1714490680.3337986469,-1.4330832958221435547,-1.5,0.65096682310104370117,1,0.52240318059921264648,0.5999999999999999778
1714490680.385201931,-1.433485865592956543,-1.5,0.66338521242141723633,1,0.51982033252716064453,0.5999999999999999778
1714490680.4364893436,-1.4338202476501464844,-1.5,0.69016057252883911133,1,0.51468002796173095703,0.5999999999999999778
1714490680.4877996445,-1.4336286783218383789,-1.5,0.70009243488311767578,1,0.51236540079116821289,0.5999999999999999778
1714490680.5414347649,-1.4326086044311523438,-1.5,0.7220160365104675293,1,0.50678914785385131836,0.5999999999999999778
1714490680.5939195156,-1.431908726692199707,-1.5,0.74084764719009399414,1,0.50235611200332641602,0.5999999999999999778
1714490680.6453588009,-1.4314534664154052734,-1.5,0.75067043304443359375,1,0.50016039609909057617,0.5999999999999999778
1714490680.696647644,-1.4307707548141479492,-1.5,0.76612222194671630859,1,0.49728664755821228027,0.5999999999999999778
1714490680.7481307983,-1.4302501678466796875,-1.5,0.77522552013397216797,1,0.49594286084175109863,0.5999999999999999778
1714490680.7996590137,-1.4293270111083984375,-1.5,0.792636871337890625,1,0.49386188387870788574,0.5999999999999999778
1714490680.850982666,-1.4290511608123779297,-1.5,0.79799735546112060547,1,0.49340912699699401855,0.5999999999999999778
1714490680.9021589756,-1.4280849695205688477,-1.5,0.81229722499847412109,1,0.4914264976978302002,0.5999999999999999778
1714490680.9535124302,-1.4275979995727539062,-1.5,0.81917798519134521484,1,0.49018779397010803223,0.5999999999999999778
1714490681.00471735,-1.4266318082809448242,-1.5,0.82975435256958007812,1,0.48823171854019165039,0.5999999999999999778
1714490681.0560548306,-1.4262261390686035156,-1.5,0.83569049835205078125,1,0.4871883392333984375,0.5999999999999999778
1714490681.1080167294,-1.425770878791809082,-1.5,0.84475028514862060547,1,0.48577961325645446777,0.5999999999999999778
1714490681.1599235535,-1.4249383211135864258,-1.5,0.85489279031753540039,1,0.48436686396598815918,0.5999999999999999778
1714490681.2111194134,-1.424414515495300293,-1.5,0.85959666967391967773,1,0.48370191454887390137,0.5999999999999999778
1714490681.2623963356,-1.4234170913696289062,-1.5,0.86579811573028564453,1,0.48370975255966186523,0.5999999999999999778
1714490681.3138575554,-1.4226832389831542969,-1.5,0.86967158317565917969,1,0.48411986231803894043,0.5999999999999999778
1714490681.3656773567,-1.4210335016250610352,-1.5,0.87697178125381469727,1,0.4847088158130645752,0.5999999999999999778
1714490681.4171414375,-1.4202576875686645508,-1.5,0.88036882877349853516,1,0.48486217856407165527,0.5999999999999999778
1714490681.4685094357,-1.4189604520797729492,-1.5,0.88585400581359863281,1,0.48508214950561523438,0.5999999999999999778
1714490681.5198295116,-1.4179352521896362305,-1.5,0.88849675655364990234,1,0.4848232567310333252,0.5999999999999999778
1714490681.5714673996,-1.4164334535598754883,-1.5,0.8941497802734375,1,0.48409759998321533203,0.5999999999999999778
1714490681.6229360104,-1.4154969453811645508,-1.5,0.89769881963729858398,1,0.48350468277931213379,0.5999999999999999778
1714490681.674298048,-1.4137442111968994141,-1.5,0.90510535240173339844,1,0.48223891854286193848,0.5999999999999999778
1714490681.7256834507,-1.4122408628463745117,-1.5,0.91133081912994384766,1,0.48132318258285522461,0.5999999999999999778
1714490681.7769594193,-1.4114420413970947266,-1.5,0.91551178693771362305,1,0.48079752922058105469,0.5999999999999999778
1714490681.8288872242,-1.4103343486785888672,-1.5,0.92321693897247314453,1,0.4800860285758972168,0.5999999999999999778
1714490681.880607605,-1.4097837209701538086,-1.5,0.92814713716506958008,1,0.47964116930961608887,0.5999999999999999778
1714490681.9321265221,-1.4085544347763061523,-1.5,0.93861436843872070312,1,0.47821405529975891113,0.5999999999999999778
1714490681.9836649895,-1.4080810546875,-1.5,0.9422900080680847168,1,0.4770463109016418457,0.5999999999999999778
1714490682.035274744,-1.4064483642578125,-1.5,0.95367950201034545898,1,0.4708645939826965332,0.5999999999999999778
1714490682.0870714188,-1.4055514335632324219,-1.5,0.95965546369552612305,1,0.46654722094535827637,0.5999999999999999778
1714490682.1392426491,-1.4045096635818481445,-1.5,0.97007846832275390625,1,0.45853242278099060059,0.5999999999999999778
1714490682.191202879,-1.4038288593292236328,-1.5,0.97654676437377929688,1,0.45321640372276306152,0.5999999999999999778
1714490682.2428045273,-1.4026404619216918945,-1.5,0.98992908000946044922,1,0.44174924492835998535,0.5999999999999999778
1714490682.294223547,-1.4017051458358764648,-1.5,1.0017927885055541992,1,0.43143132328987121582,0.5999999999999999778
1714490682.3460729122,-1.4010968208312988281,-1.5,1.0091100931167602539,1,0.42515391111373901367,0.5999999999999999778
1714490682.3984720707,-1.4000530242919921875,-1.5,1.0216770172119140625,1,0.41471078991889953613,0.5999999999999999778
1714490682.4503257275,-1.3993628025054931641,-1.5,1.029205322265625,1,0.40858769416809082031,0.5999999999999999778
1714490682.5020108223,-1.398136138916015625,-1.5,1.0447925329208374023,1,0.39670452475547790527,0.5999999999999999778
1714490682.5538461208,-1.3977634906768798828,-1.5,1.0501160621643066406,1,0.39294981956481933594,0.5999999999999999778
1714490682.6050665379,-1.3964196443557739258,-1.5,1.0657078027725219727,1,0.38241055607795715332,0.5999999999999999778
1714490682.6567153931,-1.3959952592849731445,-1.5,1.0735541582107543945,1,0.37758204340934753418,0.5999999999999999778
1714490682.7080392838,-1.3946812152862548828,-1.5,1.0887391567230224609,1,0.36855709552764892578,0.5999999999999999778
1714490682.759295702,-1.39408111572265625,-1.5,1.0961489677429199219,1,0.36441650986671447754,0.5999999999999999778
1714490682.8105676174,-1.3932111263275146484,-1.5,1.1104847192764282227,1,0.35582649707794189453,0.5999999999999999778
1714490682.8622550964,-1.3923765420913696289,-1.5,1.1219289302825927734,1,0.34829336404800415039,0.5999999999999999778
1714490682.9133617878,-1.391816258430480957,-1.5,1.1285883188247680664,1,0.34317317605018615723,0.5999999999999999778
1714490682.9645736217,-1.3906546831130981445,-1.5,1.1410936117172241211,1,0.33148714900016784668,0.5999999999999999778
1714490683.0158519745,-1.3901619911193847656,-1.5,1.1471686363220214844,1,0.32460772991180419922,0.5999999999999999778
1714490683.0668764114,-1.3887792825698852539,-1.5,1.1582113504409790039,1,0.30836215615272521973,0.5999999999999999778
1714490683.1178469658,-1.3882490396499633789,-1.5,1.1615912914276123047,1,0.30218663811683654785,0.5999999999999999778
1714490683.1694214344,-1.3869411945343017578,-1.5,1.1713546514511108398,1,0.2813593745231628418,0.5999999999999999778
1714490683.2205033302,-1.3864589929580688477,-1.5,1.1758637428283691406,1,0.27021148800849914551,0.5999999999999999778
1714490683.271323204,-1.3857840299606323242,-1.5,1.1842947006225585938,1,0.24541164934635162354,0.5999999999999999778
1714490683.3223323822,-1.3853963613510131836,-1.5,1.1880196332931518555,1,0.23239900171756744385,0.5999999999999999778
1714490683.3737053871,-1.3852623701095581055,-1.5,1.1952786445617675781,1,0.20438623428344726562,0.5999999999999999778
1714490683.4246506691,-1.3855872154235839844,-1.5,1.2004516124725341797,1,0.17972929775714874268,0.5999999999999999778
1714490683.4757487774,-1.3856576681137084961,-1.5,1.2029721736907958984,1,0.16633136570453643799,0.5999999999999999778
1714490683.5270597935,-1.3863984346389770508,-1.5,1.2086127996444702148,1,0.16724942624568939209,0.5999999999999999778
1714490683.5780165195,-1.3871359825134277344,-1.5,1.2119218111038208008,1,0.17409822344779968262,0.5999999999999999778
1714490683.6290051937,-1.3883903026580810547,-1.5,1.2170979976654052734,1,0.17827619612216949463,0.5999999999999999778
1714490683.6804068089,-1.3889540433883666992,-1.5,1.2196868658065795898,1,0.17464344203472137451,0.5999999999999999778
1714490683.7317078114,-1.3903151750564575195,-1.5,1.2239643335342407227,1,0.16138331592082977295,0.5999999999999999778
1714490683.7827544212,-1.3906626701354980469,-1.5,1.226153254508972168,1,0.15205039083957672119,0.5999999999999999778
1714490683.8337888718,-1.3921204805374145508,-1.5,1.2299538850784301758,1,0.15549992024898529053,0.5999999999999999778
1714490683.8847987652,-1.3929669857025146484,-1.5,1.2322822809219360352,1,0.16600708663463592529,0.5999999999999999778
1714490683.935811758,-1.3944132328033447266,-1.5,1.2346612215042114258,1,0.17607764899730682373,0.5999999999999999778
1714490683.987205267,-1.3950846195220947266,-1.5,1.2355234622955322266,1,0.17270745337009429932,0.5999999999999999778
1714490684.0382330418,-1.3954943418502807617,-1.5,1.2371453046798706055,1,0.16141831874847412109,0.5999999999999999778
1714490684.0899410248,-1.3957436084747314453,-1.5,1.2377756834030151367,1,0.16120593249797821045,0.5999999999999999778
1714490684.1409890652,-1.3971645832061767578,-1.5,1.239739537239074707,1,0.18081392347812652588,0.5999999999999999778
1714490684.1920340061,-1.3983852863311767578,-1.5,1.2401505708694458008,1,0.18880322575569152832,0.5999999999999999778
1714490684.24325037,-1.3987625837326049805,-1.5,1.2400339841842651367,1,0.18268895149230957031,0.5999999999999999778
1714490684.2942814827,-1.3989539146423339844,-1.5,1.2401424646377563477,1,0.17266951501369476318,0.5999999999999999778
1714490684.3452107906,-1.3996579647064208984,-1.5,1.2396892309188842773,1,0.18304426968097686768,0.5999999999999999778
1714490684.3963048458,-1.4016040563583374023,-1.5,1.2391817569732666016,1,0.20273590087890625,0.5999999999999999778
1714490684.4474527836,-1.4024448394775390625,-1.5,1.2386023998260498047,1,0.20533078908920288086,0.5999999999999999778
1714490684.4985966682,-1.4034638404846191406,-1.5,1.2372506856918334961,1,0.18967612087726593018,0.5999999999999999778
1714490684.5496356487,-1.4039224386215209961,-1.5,1.2361527681350708008,1,0.18604272603988647461,0.5999999999999999778
1714490684.6011734009,-1.406780242919921875,-1.5,1.2338025569915771484,1,0.20207947492599487305,0.5999999999999999778
1714490684.6522686481,-1.4096752405166625977,-1.5,1.2322348356246948242,1,0.21250270307064056396,0.5999999999999999778
1714490684.703322649,-1.414049983024597168,-1.5,1.2297776937484741211,1,0.20662719011306762695,0.5999999999999999778
1714490684.7543025017,-1.41576385498046875,-1.5,1.2287609577178955078,1,0.19598276913166046143,0.5999999999999999778
1714490684.8054320812,-1.422045588493347168,-1.5,1.2244797945022583008,1,0.20432692766189575195,0.5999999999999999778
1714490684.8564412594,-1.431536555290222168,-1.5,1.2210490703582763672,1,0.2165940701961517334,0.5999999999999999778
1714490684.9077544212,-1.4363790750503540039,-1.5,1.2195525169372558594,1,0.21229089796543121338,0.5999999999999999778
1714490684.9593272209,-1.4448239803314208984,-1.5,1.2162452936172485352,1,0.19799187779426574707,0.5999999999999999778
1714490685.0110445023,-1.451039433479309082,-1.5,1.2132534980773925781,1,0.20182010531425476074,0.5999999999999999778
1714490685.0622396469,-1.4699304103851318359,-1.5,1.2058210372924804688,1,0.20510108768939971924,0.5999999999999999778
1714490685.113499403,-1.4790250062942504883,-1.5,1.2024757862091064453,1,0.19973261654376983643,0.5999999999999999778
1714490685.1648240089,-1.4994292259216308594,-1.5,1.1935445070266723633,1,0.18991981446743011475,0.5999999999999999778
1714490685.2160608768,-1.5082503557205200195,-1.5,1.1897404193878173828,1,0.18619416654109954834,0.5999999999999999778
1714490685.2672553062,-1.541445612907409668,-1.5,1.1784193515777587891,1,0.17863824963569641113,0.5999999999999999778
1714490685.3186428547,-1.5622259378433227539,-1.5,1.1723047494888305664,1,0.17559891939163208008,0.5999999999999999778
1714490685.3698971272,-1.6111112833023071289,-1.5,1.1622469425201416016,1,0.15998379886150360107,0.5999999999999999778
1714490685.4209184647,-1.6403880119323730469,-1.5,1.1584413051605224609,1,0.14188443124294281006,0.5999999999999999778
1714490685.4718465805,-1.6750813722610473633,-1.5,1.1622260808944702148,1,0.13754859566688537598,0.5999999999999999778
1714490685.5230834484,-1.6812440156936645508,-1.5,1.1645689010620117188,1,0.13801524043083190918,0.5999999999999999778
1714490685.5744075775,-1.6919173002243041992,-1.5,1.1663467884063720703,1,0.13564765453338623047,0.5999999999999999778
1714490685.625423193,-1.7032889127731323242,-1.5,1.1657327413558959961,1,0.13571116328239440918,0.5999999999999999778
1714490685.6764638424,-1.7077986001968383789,-1.5,1.1664224863052368164,1,0.13674405217170715332,0.5999999999999999778
1714490685.7274255753,-1.7115466594696044922,-1.5,1.1698925495147705078,1,0.13841806352138519287,0.5999999999999999778
1714490685.7783682346,-1.7145849466323852539,-1.5,1.1712598800659179688,1,0.14106152951717376709,0.5999999999999999778
1714490685.8294067383,-1.71547698974609375,-1.5,1.1741653680801391602,1,0.14468616247177124023,0.5999999999999999778
1714490685.8804130554,-1.7149655818939208984,-1.5,1.1760663986206054688,1,0.14719851315021514893,0.5999999999999999778
1714490685.9313230515,-1.714252471923828125,-1.5,1.1796834468841552734,1,0.1541868746280670166,0.5999999999999999778
1714490685.9823393822,-1.7128409147262573242,-1.5,1.1816699504852294922,1,0.15780922770500183105,0.5999999999999999778
1714490686.033301115,-1.708165287971496582,-1.5,1.1857074499130249023,1,0.16508424282073974609,0.5999999999999999778
1714490686.0841021538,-1.7063711881637573242,-1.5,1.1875945329666137695,1,0.16977870464324951172,0.5999999999999999778
1714490686.1350381374,-1.7011864185333251953,-1.5,1.1909059286117553711,1,0.17661237716674804688,0.5999999999999999778
1714490686.1862866879,-1.6977478265762329102,-1.5,1.1928373575210571289,1,0.18079081177711486816,0.5999999999999999778
1714490686.2374174595,-1.6913715600967407227,-1.5,1.1964505910873413086,1,0.1901919245719909668,0.5999999999999999778
1714490686.288394928,-1.6875689029693603516,-1.5,1.1983051300048828125,1,0.19470854103565216064,0.5999999999999999778
1714490686.3394832611,-1.6798080205917358398,-1.5,1.2016931772232055664,1,0.20357741415500640869,0.5999999999999999778
1714490686.3913624287,-1.6761770248413085938,-1.5,1.2032502889633178711,1,0.20828410983085632324,0.5999999999999999778
1714490686.4429183006,-1.6693568229675292969,-1.5,1.2057194709777832031,1,0.2152251899242401123,0.5999999999999999778
1714490686.4939687252,-1.6618559360504150391,-1.5,1.2082735300064086914,1,0.22382099926471710205,0.5999999999999999778
1714490686.5454926491,-1.6582621335983276367,-1.5,1.2092810869216918945,1,0.22767287492752075195,0.5999999999999999778
1714490686.5968871117,-1.6509493589401245117,-1.5,1.2111878395080566406,1,0.23504018783569335938,0.5999999999999999778
1714490686.6478567123,-1.6478590965270996094,-1.5,1.211789250373840332,1,0.23828101158142089844,0.5999999999999999778
1714490686.6990704536,-1.6428447961807250977,-1.5,1.212607264518737793,1,0.24314971268177032471,0.5999999999999999778
1714490686.7500994205,-1.6400213241577148438,-1.5,1.2130452394485473633,1,0.24604344367980957031,0.5999999999999999778
1714490686.8010668755,-1.635445713996887207,-1.5,1.2131330966949462891,1,0.25017464160919189453,0.5999999999999999778
1714490686.8519966602,-1.6328169107437133789,-1.5,1.2128980159759521484,1,0.25219711661338806152,0.5999999999999999778
1714490686.9029386044,-1.6300617456436157227,-1.5,1.2123960256576538086,1,0.25426059961318969727,0.5999999999999999778
1714490686.9537503719,-1.6289415359497070312,-1.5,1.2117716073989868164,1,0.25468224287033081055,0.5999999999999999778
1714490687.0046212673,-1.6273819208145141602,-1.5,1.2105447053909301758,1,0.25466519594192504883,0.5999999999999999778
1714490687.0566630363,-1.626744389533996582,-1.5,1.2097378969192504883,1,0.25454354286193847656,0.5999999999999999778
1714490687.1077430248,-1.6263843774795532227,-1.5,1.2075428962707519531,1,0.25248447060585021973,0.5999999999999999778
1714490687.1589002609,-1.6266931295394897461,-1.5,1.2050722837448120117,1,0.24928826093673706055,0.5999999999999999778
1714490687.2101721764,-1.6266931295394897461,-1.5,1.2050722837448120117,1,0.24928826093673706055,0.5999999999999999778
1714490687.2608990669,-1.6266931295394897461,-1.5,1.2050722837448120117,1,0.24928826093673706055,0.5999999999999999778
1714490687.311619997,-1.6266931295394897461,-1.5,1.2050722837448120117,1,0.24928826093673706055,0.5999999999999999778
1714490802.3538482189,-1.4628669023513793945,-1.5,0.042368456721305847168,1,0.8033307194709777832,0.5999999999999999778
1714490802.4049742222,-1.4627155065536499023,-1.5,0.041790682822465896606,1,0.8011951446533203125,0.5999999999999999778
1714490802.4563522339,-1.4626652002334594727,-1.5,0.040673669427633285522,1,0.79811328649520874023,0.5999999999999999778
1714490802.5078835487,-1.4623588323593139648,-1.5,0.040605839341878890991,1,0.79667270183563232422,0.5999999999999999778
1714490802.5592541695,-1.4613279104232788086,-1.5,0.044272981584072113037,1,0.7881336212158203125,0.5999999999999999778
1714490802.611474514,-1.4608739614486694336,-1.5,0.04999497532844543457,1,0.77305549383163452148,0.5999999999999999778
1714490802.6628644466,-1.4606391191482543945,-1.5,0.052502121776342391968,1,0.7672176361083984375,0.5999999999999999778
1714490802.7151908875,-1.4598932266235351562,-1.5,0.063791498541831970215,1,0.74875736236572265625,0.5999999999999999778
1714490802.7671284676,-1.4596222639083862305,-1.5,0.071384005248546600342,1,0.73959076404571533203,0.5999999999999999778
1714490802.8188066483,-1.4596837759017944336,-1.5,0.091496959328651428223,1,0.72074973583221435547,0.5999999999999999778
1714490802.8707942963,-1.4595541954040527344,-1.5,0.10318975895643234253,1,0.71153926849365234375,0.5999999999999999778
1714490802.9225709438,-1.4596424102783203125,-1.5,0.13073042035102844238,1,0.69268286228179931641,0.5999999999999999778
1714490802.9740772247,-1.4602743387222290039,-1.5,0.15702971816062927246,1,0.67731046676635742188,0.5999999999999999778
1714490803.0257539749,-1.4606691598892211914,-1.5,0.17397621273994445801,1,0.66815596818923950195,0.5999999999999999778
1714490803.0770797729,-1.4614673852920532227,-1.5,0.2104873359203338623,1,0.64872902631759643555,0.5999999999999999778
1714490803.1285495758,-1.4621610641479492188,-1.5,0.2300027310848236084,1,0.63936585187911987305,0.5999999999999999778
1714490803.1798901558,-1.4633662700653076172,-1.5,0.26477256417274475098,1,0.62353748083114624023,0.5999999999999999778
1714490803.2312428951,-1.4641019105911254883,-1.5,0.29174223542213439941,1,0.61080342531204223633,0.5999999999999999778
1714490803.2822654247,-1.4652044773101806641,-1.5,0.32672020792961120605,1,0.59492206573486328125,0.5999999999999999778
1714490803.3335709572,-1.466154932975769043,-1.5,0.34872767329216003418,1,0.58564102649688720703,0.5999999999999999778
1714490803.3846402168,-1.4677399396896362305,-1.5,0.39244917035102844238,1,0.56901031732559204102,0.5999999999999999778
1714490803.4356484413,-1.4685826301574707031,-1.5,0.41396331787109375,1,0.56154900789260864258,0.5999999999999999778
1714490803.4868032932,-1.4702953100204467773,-1.5,0.45066383481025695801,1,0.54965507984161376953,0.5999999999999999778
1714490803.5378372669,-1.4712862968444824219,-1.5,0.47172623872756958008,1,0.54348075389862060547,0.5999999999999999778
1714490803.5889947414,-1.4733188152313232422,-1.5,0.5141455531120300293,1,0.532070159912109375,0.5999999999999999778
1714490803.6404910088,-1.4756461381912231445,-1.5,0.5545342564582824707,1,0.52250975370407104492,0.5999999999999999778
1714490803.6918120384,-1.4769408702850341797,-1.5,0.57386738061904907227,1,0.51828199625015258789,0.5999999999999999778
1714490803.7430415154,-1.4791148900985717773,-1.5,0.61082130670547485352,1,0.50948756933212280273,0.5999999999999999778
1714490803.7942667007,-1.4798871278762817383,-1.5,0.62279546260833740234,1,0.50674223899841308594,0.5999999999999999778
1714490803.8456487656,-1.4819912910461425781,-1.5,0.65620845556259155273,1,0.49968087673187255859,0.5999999999999999778
1714490803.8968923092,-1.4829478263854980469,-1.5,0.6724713444709777832,1,0.49637091159820556641,0.5999999999999999778
1714490803.9485538006,-1.4845041036605834961,-1.5,0.70091724395751953125,1,0.49130678176879882812,0.5999999999999999778
1714490804.0005214214,-1.4853365421295166016,-1.5,0.71476453542709350586,1,0.48908704519271850586,0.5999999999999999778
1714490804.0520505905,-1.4866490364074707031,-1.5,0.74017620086669921875,1,0.48539212346076965332,0.5999999999999999778
1714490804.1036200523,-1.4867762327194213867,-1.5,0.74694764614105224609,1,0.48429512977600097656,0.5999999999999999778
1714490804.1553397179,-1.4872363805770874023,-1.5,0.76799726486206054688,1,0.48111835122108459473,0.5999999999999999778
1714490804.2070522308,-1.4873919486999511719,-1.5,0.77761036157608032227,1,0.47982567548751831055,0.5999999999999999778
1714490804.2584483624,-1.4868991374969482422,-1.5,0.79381716251373291016,1,0.47796615958213806152,0.5999999999999999778
1714490804.3114151955,-1.4863107204437255859,-1.5,0.80791300535202026367,1,0.47663736343383789062,0.5999999999999999778
1714490804.3630480766,-1.4858524799346923828,-1.5,0.81400507688522338867,1,0.4762420356273651123,0.5999999999999999778
1714490804.4142901897,-1.4845377206802368164,-1.5,0.82522469758987426758,1,0.47557929158210754395,0.5999999999999999778
1714490804.4658095837,-1.484231114387512207,-1.5,0.82862138748168945312,1,0.47544872760772705078,0.5999999999999999778
1714490804.5172111988,-1.4830189943313598633,-1.5,0.83942484855651855469,1,0.47520172595977783203,0.5999999999999999778
1714490804.5685312748,-1.4826564788818359375,-1.5,0.84256100654602050781,1,0.47509977221488952637,0.5999999999999999778
1714490804.6199822426,-1.4811599254608154297,-1.5,0.85062867403030395508,1,0.47491446137428283691,0.5999999999999999778
1714490804.6712701321,-1.4801013469696044922,-1.5,0.85435533523559570312,1,0.47480762004852294922,0.5999999999999999778
1714490804.722779274,-1.4776751995086669922,-1.5,0.86130231618881225586,1,0.47453993558883666992,0.5999999999999999778
1714490804.7742652893,-1.475879669189453125,-1.5,0.86734628677368164062,1,0.47428917884826660156,0.5999999999999999778
1714490804.8254811764,-1.4745602607727050781,-1.5,0.87061542272567749023,1,0.47414734959602355957,0.5999999999999999778
1714490804.8773868084,-1.4716140031814575195,-1.5,0.87744677066802978516,1,0.47348999977111816406,0.5999999999999999778
1714490804.9289636612,-1.4699752330780029297,-1.5,0.88050723075866699219,1,0.47312286496162414551,0.5999999999999999778
1714490804.9805281162,-1.4668747186660766602,-1.5,0.88538050651550292969,1,0.47252836823463439941,0.5999999999999999778
1714490805.0320737362,-1.4651141166687011719,-1.5,0.8885968327522277832,1,0.47200182080268859863,0.5999999999999999778
1714490805.0839614868,-1.4620368480682373047,-1.5,0.89508861303329467773,1,0.47081211209297180176,0.5999999999999999778
1714490805.1355409622,-1.460532069206237793,-1.5,0.89834386110305786133,1,0.47026473283767700195,0.5999999999999999778
1714490805.1878242493,-1.4575092792510986328,-1.5,0.90528130531311035156,1,0.46925666928291320801,0.5999999999999999778
1714490805.2396161556,-1.4546136856079101562,-1.5,0.91270154714584350586,1,0.46822944283485412598,0.5999999999999999778
1714490805.2913460732,-1.4536217451095581055,-1.5,0.91531711816787719727,1,0.46785244345664978027,0.5999999999999999778
1714490805.3430218697,-1.4507365226745605469,-1.5,0.92365354299545288086,1,0.46667745709419250488,0.5999999999999999778
1714490805.3943071365,-1.4494662284851074219,-1.5,0.92799615859985351562,1,0.4660854339599609375,0.5999999999999999778
1714490805.4459924698,-1.447377324104309082,-1.5,0.9372641444206237793,1,0.4650904536247253418,0.5999999999999999778
1714490805.4976933002,-1.4463752508163452148,-1.5,0.9419841766357421875,1,0.46459287405014038086,0.5999999999999999778
1714490805.549251318,-1.4449087381362915039,-1.5,0.95020067691802978516,1,0.46323382854461669922,0.5999999999999999778
1714490805.6018242836,-1.4439469575881958008,-1.5,0.95497012138366699219,1,0.46153491735458374023,0.5999999999999999778
1714490805.6532487869,-1.4426870346069335938,-1.5,0.96530354022979736328,1,0.45567125082015991211,0.5999999999999999778
1714490805.7049496174,-1.4420071840286254883,-1.5,0.9705371856689453125,1,0.45163586735725402832,0.5999999999999999778
1714490805.7571678162,-1.4402273893356323242,-1.5,0.98064428567886352539,1,0.44263187050819396973,0.5999999999999999778
1714490805.8090126514,-1.4385099411010742188,-1.5,0.99119716882705688477,1,0.43188208341598510742,0.5999999999999999778
1714490805.8608279228,-1.4373818635940551758,-1.5,0.99620366096496582031,1,0.42612388730049133301,0.5999999999999999778
1714490805.9122061729,-1.4348300695419311523,-1.5,1.0061935186386108398,1,0.4137827754020690918,0.5999999999999999778
1714490805.9637355804,-1.433859705924987793,-1.5,1.009501338005065918,1,0.40964335203170776367,0.5999999999999999778
1714490806.0159864426,-1.4304212331771850586,-1.5,1.0190716981887817383,1,0.39769953489303588867,0.5999999999999999778
1714490806.0678217411,-1.4284644126892089844,-1.5,1.0235663652420043945,1,0.39197471737861633301,0.5999999999999999778
1714490806.11957407,-1.4243978261947631836,-1.5,1.0322951078414916992,1,0.38107788562774658203,0.5999999999999999778
1714490806.1708052158,-1.420758366584777832,-1.5,1.0392342805862426758,1,0.37240001559257507324,0.5999999999999999778
1714490806.2218620777,-1.4184405803680419922,-1.5,1.0433542728424072266,1,0.3671518862247467041,0.5999999999999999778
1714490806.2730948925,-1.4136872291564941406,-1.5,1.0509563684463500977,1,0.35714203119277954102,0.5999999999999999778
1714490806.3242702484,-1.4115262031555175781,-1.5,1.0549362897872924805,1,0.35258719325065612793,0.5999999999999999778
1714490806.3754425049,-1.4074865579605102539,-1.5,1.0629063844680786133,1,0.34437826275825500488,0.5999999999999999778
1714490806.4270532131,-1.4054939746856689453,-1.5,1.0668817758560180664,1,0.34070768952369689941,0.5999999999999999778
1714490806.4781479836,-1.4019089937210083008,-1.5,1.0733048915863037109,1,0.33479931950569152832,0.5999999999999999778
1714490806.5294110775,-1.3993735313415527344,-1.5,1.0784256458282470703,1,0.33001443743705749512,0.5999999999999999778
1714490806.5813729763,-1.3960481882095336914,-1.5,1.0844594240188598633,1,0.32300612330436706543,0.5999999999999999778
1714490806.6326341629,-1.3942010402679443359,-1.5,1.088137507438659668,1,0.31795299053192138672,0.5999999999999999778
1714490806.6838026047,-1.3907237052917480469,-1.5,1.0952341556549072266,1,0.30520078539848327637,0.5999999999999999778
1714490806.7349963188,-1.3890645503997802734,-1.5,1.0985692739486694336,1,0.29727587103843688965,0.5999999999999999778
1714490806.7861316204,-1.3867090940475463867,-1.5,1.1042982339859008789,1,0.28119039535522460938,0.5999999999999999778
1714490806.8372604847,-1.3852597475051879883,-1.5,1.1074573993682861328,1,0.26969769597053527832,0.5999999999999999778
1714490806.8883895874,-1.3826636075973510742,-1.5,1.1130858659744262695,1,0.24377591907978057861,0.5999999999999999778
1714490806.9395143986,-1.3804398775100708008,-1.5,1.1184442043304443359,1,0.21235105395317077637,0.5999999999999999778
1714490806.9907538891,-1.3795434236526489258,-1.5,1.1208930015563964844,1,0.19483625888824462891,0.5999999999999999778
1714490807.0421657562,-1.3786385059356689453,-1.5,1.1247982978820800781,1,0.16948664188385009766,0.5999999999999999778
1714490807.0932424068,-1.3784908056259155273,-1.5,1.1266616582870483398,1,0.1695429682731628418,0.5999999999999999778
1714490807.1442120075,-1.3787857294082641602,-1.5,1.1357566118240356445,1,0.18247386813163757324,0.5999999999999999778
1714490807.1952946186,-1.3792101144790649414,-1.5,1.1406325101852416992,1,0.18439306318759918213,0.5999999999999999778
1714490807.2464680672,-1.3797307014465332031,-1.5,1.1493527889251708984,1,0.17357987165451049805,0.5999999999999999778
1714490807.2975430489,-1.3798602819442749023,-1.5,1.1540343761444091797,1,0.16470412909984588623,0.5999999999999999778
1714490807.3486051559,-1.3805906772613525391,-1.5,1.1654528379440307617,1,0.16212214529514312744,0.5999999999999999778
1714490807.3996663094,-1.3809903860092163086,-1.5,1.1760772466659545898,1,0.1651608198881149292,0.5999999999999999778
1714490807.4508793354,-1.3819738626480102539,-1.5,1.1983842849731445312,1,0.15841004252433776855,0.5999999999999999778
1714490807.5018789768,-1.3824982643127441406,-1.5,1.2075407505035400391,1,0.1501159369945526123,0.5999999999999999778
1714490807.5528810024,-1.3836271762847900391,-1.5,1.2274173498153686523,1,0.12978303432464599609,0.5999999999999999778
1714490807.6038820744,-1.3844556808471679688,-1.5,1.2368602752685546875,1,0.1287212371826171875,0.5999999999999999778
1714490807.6549303532,-1.3859075307846069336,-1.5,1.2455981969833374023,1,0.1441815793514251709,0.5999999999999999778
1714490807.7059316635,-1.3865571022033691406,-1.5,1.2485487461090087891,1,0.14931437373161315918,0.5999999999999999778
1714490807.7570025921,-1.3872236013412475586,-1.5,1.2507132291793823242,1,0.14839917421340942383,0.5999999999999999778
1714490807.8081884384,-1.387912750244140625,-1.5,1.254711151123046875,1,0.13624326884746551514,0.5999999999999999778
1714490807.859464407,-1.3880227804183959961,-1.5,1.2570153474807739258,1,0.1369774937629699707,0.5999999999999999778
1714490807.9105818272,-1.3883780241012573242,-1.5,1.2581720352172851562,1,0.14961373805999755859,0.5999999999999999778
1714490807.9616062641,-1.3885753154754638672,-1.5,1.259070277214050293,1,0.15070722997188568115,0.5999999999999999778
1714490808.0130364895,-1.3888432979583740234,-1.5,1.2637771368026733398,1,0.14448052644729614258,0.5999999999999999778
1714490808.0639903545,-1.3889060020446777344,-1.5,1.2663111686706542969,1,0.14361242949962615967,0.5999999999999999778
1714490808.1152076721,-1.3895914554595947266,-1.5,1.2706406116485595703,1,0.15311062335968017578,0.5999999999999999778
1714490808.1662774086,-1.3902953863143920898,-1.5,1.2732179164886474609,1,0.15425240993499755859,0.5999999999999999778
1714490808.2173211575,-1.3912774324417114258,-1.5,1.2790722846984863281,1,0.15227885544300079346,0.5999999999999999778
1714490808.2683949471,-1.3917177915573120117,-1.5,1.2814427614212036133,1,0.15355361998081207275,0.5999999999999999778
1714490808.3194153309,-1.3940039873123168945,-1.5,1.290465235710144043,1,0.15976719558238983154,0.5999999999999999778
1714490808.3705122471,-1.3954033851623535156,-1.5,1.2966028451919555664,1,0.16068156063556671143,0.5999999999999999778
1714490808.4215135574,-1.3978611230850219727,-1.5,1.3125511407852172852,1,0.15902948379516601562,0.5999999999999999778
1714490808.47250247,-1.3999401330947875977,-1.5,1.3330477476119995117,1,0.15899434685707092285,0.5999999999999999778
1714490808.5234062672,-1.4007836580276489258,-1.5,1.3496730327606201172,1,0.15593469142913818359,0.5999999999999999778
1714490808.5746047497,-1.4007747173309326172,-1.5,1.3896892070770263672,1,0.13601660728454589844,0.5999999999999999778
1714490808.6261396408,-1.3948196172714233398,-1.5,1.4090967178344726562,1,0.12895548343658447266,0.5999999999999999778
1714490808.6773099899,-1.3927133083343505859,-1.5,1.4199404716491699219,1,0.13233748078346252441,0.5999999999999999778
1714490808.7281398773,-1.3872014284133911133,-1.5,1.431641697883605957,1,0.12916320562362670898,0.5999999999999999778
1714490808.7790868282,-1.3874661922454833984,-1.5,1.4349546432495117188,1,0.12855698168277740479,0.5999999999999999778
1714490808.8300619125,-1.3877606391906738281,-1.5,1.4379391670227050781,1,0.12834337353706359863,0.5999999999999999778
1714490808.8815491199,-1.3866682052612304688,-1.5,1.4446399211883544922,1,0.12799966335296630859,0.5999999999999999778
1714490808.9325764179,-1.3854098320007324219,-1.5,1.4463251829147338867,1,0.12748697400093078613,0.5999999999999999778
1714490808.9834377766,-1.3841335773468017578,-1.5,1.4480649232864379883,1,0.12729211151599884033,0.5999999999999999778
1714490809.0346403122,-1.3835452795028686523,-1.5,1.4484192132949829102,1,0.12738469243049621582,0.5999999999999999778
1714490809.0856440067,-1.3826961517333984375,-1.5,1.4472240209579467773,1,0.12717935442924499512,0.5999999999999999778
1714490809.1367051601,-1.3820983171463012695,-1.5,1.4464380741119384766,1,0.12746894359588623047,0.5999999999999999778
1714490809.1876285076,-1.3813637495040893555,-1.5,1.4440504312515258789,1,0.1275583803653717041,0.5999999999999999778
1714490809.2383887768,-1.3806600570678710938,-1.5,1.4406245946884155273,1,0.12780122458934783936,0.5999999999999999778
1714490809.289191246,-1.3803203105926513672,-1.5,1.4386626482009887695,1,0.12795284390449523926,0.5999999999999999778
1714490809.3400278091,-1.3798938989639282227,-1.5,1.435001373291015625,1,0.12816579639911651611,0.5999999999999999778
1714490809.3909475803,-1.3796776533126831055,-1.5,1.432749629020690918,1,0.12830103933811187744,0.5999999999999999778
1714490809.4418613911,-1.3793168067932128906,-1.5,1.4281781911849975586,1,0.12857478857040405273,0.5999999999999999778
1714490809.4926671982,-1.3791996240615844727,-1.5,1.425811767578125,1,0.1286525428295135498,0.5999999999999999778
1714490809.5437488556,-1.3789823055267333984,-1.5,1.4212156534194946289,1,0.12882499396800994873,0.5999999999999999778
1714490809.5945367813,-1.3789156675338745117,-1.5,1.419022679328918457,1,0.12892577052116394043,0.5999999999999999778
1714490809.6453750134,-1.3788635730743408203,-1.5,1.4152890443801879883,1,0.12891286611557006836,0.5999999999999999778
1714490809.696141243,-1.3788740634918212891,-1.5,1.4133280515670776367,1,0.12897305190563201904,0.5999999999999999778
1714490809.747262001,-1.3789418935775756836,-1.5,1.4094618558883666992,1,0.12890553474426269531,0.5999999999999999778
1714490809.7981958389,-1.3790086507797241211,-1.5,1.4076786041259765625,1,0.12885607779026031494,0.5999999999999999778
1714490809.8493051529,-1.3792347908020019531,-1.5,1.4045304059982299805,1,0.12876439094543457031,0.5999999999999999778
1714490809.9006533623,-1.3793557882308959961,-1.5,1.4030325412750244141,1,0.12865974009037017822,0.5999999999999999778
1714490809.951777935,-1.3796300888061523438,-1.5,1.4009113311767578125,1,0.12849228084087371826,0.5999999999999999778
1714490810.0027067661,-1.3798365592956542969,-1.5,1.399805903434753418,1,0.12835367023944854736,0.5999999999999999778
1714490810.0538461208,-1.3802456855773925781,-1.5,1.3978105783462524414,1,0.12805297970771789551,0.5999999999999999778
1714490810.1047947407,-1.3804903030395507812,-1.5,1.3969820737838745117,1,0.12786825001239776611,0.5999999999999999778
1714490810.1557605267,-1.381018519401550293,-1.5,1.3955262899398803711,1,0.12743738293647766113,0.5999999999999999778
1714490810.2068157196,-1.3812035322189331055,-1.5,1.39513397216796875,1,0.12726238369941711426,0.5999999999999999778
1714490810.2577629089,-1.3817933797836303711,-1.5,1.3942966461181640625,1,0.12672248482704162598,0.5999999999999999778
1714490810.3085665703,-1.3821036815643310547,-1.5,1.3940018415451049805,1,0.12641066312789916992,0.5999999999999999778
1714490810.3594450951,-1.3827644586563110352,-1.5,1.3936809301376342773,1,0.12576089799404144287,0.5999999999999999778
1714490810.4112269878,-1.3834278583526611328,-1.5,1.393553614616394043,1,0.1250305473804473877,0.5999999999999999778
1714490810.462117672,-1.3837590217590332031,-1.5,1.3936135768890380859,1,0.12465773522853851318,0.5999999999999999778
1714490810.5129137039,-1.3844610452651977539,-1.5,1.3938831090927124023,1,0.12387352436780929565,0.5999999999999999778
1714490810.5638747215,-1.3846927881240844727,-1.5,1.3939983844757080078,1,0.12359628081321716309,0.5999999999999999778
1714490810.6147198677,-1.3853528499603271484,-1.5,1.3944643735885620117,1,0.1227507665753364563,0.5999999999999999778
1714490810.6656868458,-1.3856807947158813477,-1.5,1.3947312831878662109,1,0.12232521176338195801,0.5999999999999999778
1714490810.7167224884,-1.3862770795822143555,-1.5,1.3952659368515014648,1,0.12145369499921798706,0.5999999999999999778
1714490810.7679126263,-1.3864657878875732422,-1.5,1.395465850830078125,1,0.12116865068674087524,0.5999999999999999778
1714490810.8196158409,-1.3870918750762939453,-1.5,1.3961542844772338867,1,0.12015365064144134521,0.5999999999999999778
1714490810.8707208633,-1.3872514963150024414,-1.5,1.3963431119918823242,1,0.11985322833061218262,0.5999999999999999778
1714490810.9217786789,-1.3877336978912353516,-1.5,1.3970289230346679688,1,0.11903090029954910278,0.5999999999999999778
1714490810.9728024006,-1.3881705999374389648,-1.5,1.397704005241394043,1,0.11822182685136795044,0.5999999999999999778
1714490811.0238873959,-1.3883649110794067383,-1.5,1.3980597257614135742,1,0.11784911900758743286,0.5999999999999999778
1714490811.0749778748,-1.3886760473251342773,-1.5,1.3986498117446899414,1,0.11723963171243667603,0.5999999999999999778
1714490811.1259503365,-1.3888856172561645508,-1.5,1.399084925651550293,1,0.11673158407211303711,0.5999999999999999778
1714490811.17694664,-1.3891195058822631836,-1.5,1.3996906280517578125,1,0.11620667576789855957,0.5999999999999999778
1714490811.2279171944,-1.3892221450805664062,-1.5,1.3999861478805541992,1,0.11586132645606994629,0.5999999999999999778
1714490811.2792556286,-1.3894726037979125977,-1.5,1.4005988836288452148,1,0.11529388278722763062,0.5999999999999999778
1714490811.3302583694,-1.3895958662033081055,-1.5,1.4009039402008056641,1,0.11504086107015609741,0.5999999999999999778
1714490811.3812322617,-1.3897899389266967773,-1.5,1.4013372659683227539,1,0.1146349981427192688,0.5999999999999999778
1714490811.4321501255,-1.3899364471435546875,-1.5,1.4016869068145751953,1,0.11433889716863632202,0.5999999999999999778
1714490811.4831376076,-1.3901098966598510742,-1.5,1.4020543098449707031,1,0.11399276554584503174,0.5999999999999999778
1714490811.5341377258,-1.3901921510696411133,-1.5,1.402258753776550293,1,0.11382253468036651611,0.5999999999999999778
1714490811.5853767395,-1.3903232812881469727,-1.5,1.4025704860687255859,1,0.11354547739028930664,0.5999999999999999778
1714490811.636370182,-1.3903814554214477539,-1.5,1.4026846885681152344,1,0.11344266682863235474,0.5999999999999999778
1714490811.6874454021,-1.3904641866683959961,-1.5,1.4029035568237304688,1,0.11329168081283569336,0.5999999999999999778
1714490811.7384836674,-1.3905490636825561523,-1.5,1.4031264781951904297,1,0.11314990371465682983,0.5999999999999999778
1714490811.7901759148,-1.3905780315399169922,-1.5,1.403029322624206543,1,0.1130134090781211853,0.5999999999999999778
1714490811.841078043,-1.3906000852584838867,-1.5,1.4030327796936035156,1,0.11290761828422546387,0.5999999999999999778
1714490811.8920087814,-1.3906254768371582031,-1.5,1.4034361839294433594,1,0.11308979988098144531,0.5999999999999999778
1714490811.9430382252,-1.3905586004257202148,-1.5,1.4030292034149169922,1,0.11287006735801696777,0.5999999999999999778
1714490811.9939997196,-1.3905328512191772461,-1.5,1.4032292366027832031,1,0.1129983067512512207,0.5999999999999999778
1714490812.0451002121,-1.3904492855072021484,-1.5,1.4033446311950683594,1,0.11311268806457519531,0.5999999999999999778
1714490812.0961167812,-1.3903602361679077148,-1.5,1.4030845165252685547,1,0.11300841718912124634,0.5999999999999999778
1714490812.1471419334,-1.3902519941329956055,-1.5,1.4034012556076049805,1,0.11328061670064926147,0.5999999999999999778
1714490812.1982204914,-1.3901348114013671875,-1.5,1.4031307697296142578,1,0.11319441348314285278,0.5999999999999999778
1714490812.24923563,-1.3899918794631958008,-1.5,1.4032338857650756836,1,0.11343042552471160889,0.5999999999999999778
1714490812.3002166748,-1.3899381160736083984,-1.5,1.4032533168792724609,1,0.11350836604833602905,0.5999999999999999778
1714490812.3512153625,-1.389738917350769043,-1.5,1.4029016494750976562,1,0.1136048734188079834,0.5999999999999999778
1714490812.4021451473,-1.3896653652191162109,-1.5,1.4029885530471801758,1,0.11381112039089202881,0.5999999999999999778
1714490812.4531521797,-1.3894389867782592773,-1.5,1.4025319814682006836,1,0.11395289748907089233,0.5999999999999999778
1714490812.5042176247,-1.3893355131149291992,-1.5,1.4024820327758789062,1,0.11413722485303878784,0.5999999999999999778
1714490812.5554783344,-1.3891043663024902344,-1.5,1.4022620916366577148,1,0.11449633538722991943,0.5999999999999999778
1714490812.606525898,-1.3890188932418823242,-1.5,1.4020531177520751953,1,0.11454900354146957397,0.5999999999999999778
1714490812.6578731537,-1.3888090848922729492,-1.5,1.4018833637237548828,1,0.11490088701248168945,0.5999999999999999778
1714490812.7088973522,-1.3885818719863891602,-1.5,1.4012869596481323242,1,0.11505935341119766235,0.5999999999999999778
1714490812.7598321438,-1.3884879350662231445,-1.5,1.4011527299880981445,1,0.1152057945728302002,0.5999999999999999778
1714490812.8113503456,-1.3882848024368286133,-1.5,1.4006547927856445312,1,0.11535590887069702148,0.5999999999999999778
1714490812.8624610901,-1.3882040977478027344,-1.5,1.4004290103912353516,1,0.11546222120523452759,0.5999999999999999778
1714490812.9137420654,-1.3880659341812133789,-1.5,1.4000546932220458984,1,0.11567570269107818604,0.5999999999999999778
1714490812.9647181034,-1.3880059719085693359,-1.5,1.3998175859451293945,1,0.1156797558069229126,0.5999999999999999778
1714490813.0155763626,-1.3879245519638061523,-1.5,1.3994499444961547852,1,0.11588532477617263794,0.5999999999999999778
1714490813.0668256283,-1.3878749608993530273,-1.5,1.3992875814437866211,1,0.11599566042423248291,0.5999999999999999778
1714490813.1177396774,-1.3877638578414916992,-1.5,1.3988063335418701172,1,0.11614339053630828857,0.5999999999999999778
1714490813.1685862541,-1.3877243995666503906,-1.5,1.3985823392868041992,1,0.11636559665203094482,0.5999999999999999778
1714490813.2194745541,-1.3877043724060058594,-1.5,1.3983682394027709961,1,0.11643654108047485352,0.5999999999999999778
1714490813.270424366,-1.3876436948776245117,-1.5,1.398121953010559082,1,0.11669003218412399292,0.5999999999999999778
1714490813.3213064671,-1.3876177072525024414,-1.5,1.3979556560516357422,1,0.1168017163872718811,0.5999999999999999778
1714490813.3720834255,-1.3875535726547241211,-1.5,1.3976142406463623047,1,0.11698104441165924072,0.5999999999999999778
1714490813.422999382,-1.3875440359115600586,-1.5,1.3975049257278442383,1,0.11706041544675827026,0.5999999999999999778
1714490813.4738879204,-1.3874850273132324219,-1.5,1.3971468210220336914,1,0.11710941046476364136,0.5999999999999999778
1714490813.5247175694,-1.3874787092208862305,-1.5,1.3971080780029296875,1,0.1172256767749786377,0.5999999999999999778
1714490813.5759050846,-1.3874214887619018555,-1.5,1.3968330621719360352,1,0.11730816960334777832,0.5999999999999999778
1714490813.626909256,-1.3874046802520751953,-1.5,1.3967454433441162109,1,0.11735689640045166016,0.5999999999999999778
1714490813.6778392792,-1.3873503208160400391,-1.5,1.3965857028961181641,1,0.1174483373761177063,0.5999999999999999778
1714490813.7292802334,-1.3873114585876464844,-1.5,1.3964555263519287109,1,0.1174694746732711792,0.5999999999999999778
1714490813.7805321217,-1.3872377872467041016,-1.5,1.3963644504547119141,1,0.11753464490175247192,0.5999999999999999778
1714490813.8313527107,-1.3872377872467041016,-1.5,1.3963644504547119141,1,0.11753464490175247192,0.5999999999999999778
1714490813.8825559616,-1.3872377872467041016,-1.5,1.3963644504547119141,1,0.11753464490175247192,0.5999999999999999778
1714490813.9334559441,-1.3872377872467041016,-1.5,1.3963644504547119141,1,0.11753464490175247192,0.5999999999999999778
1714490813.9842779636,-1.3872377872467041016,-1.5,1.3963644504547119141,1,0.11753464490175247192,0.5999999999999999778
1714491086.7805981636,-1.4831906557083129883,-1.5,0.0080992402508854866028,1,0.78722453117370605469,0.5999999999999999778
1714491086.8325402737,-1.482958674430847168,-1.5,0.0078143682330846786499,1,0.78632128238677978516,0.5999999999999999778
1714491086.8839848042,-1.4827320575714111328,-1.5,0.0073492573574185371399,1,0.7842877507209777832,0.5999999999999999778
1714491086.9356739521,-1.4824963808059692383,-1.5,0.008146786130964756012,1,0.78299784660339355469,0.5999999999999999778
1714491086.9876682758,-1.4819163084030151367,-1.5,0.013208033517003059387,1,0.77392983436584472656,0.5999999999999999778
1714491087.0389947891,-1.4817221164703369141,-1.5,0.016273664310574531555,1,0.76651275157928466797,0.5999999999999999778
1714491087.0904426575,-1.4813185930252075195,-1.5,0.022966030985116958618,1,0.75171875953674316406,0.5999999999999999778
1714491087.1418571472,-1.4810187816619873047,-1.5,0.028787408024072647095,1,0.74210071563720703125,0.5999999999999999778
1714491087.1941218376,-1.4806629419326782227,-1.5,0.044891186058521270752,1,0.72275555133819580078,0.5999999999999999778
1714491087.2460567951,-1.4807152748107910156,-1.5,0.067433580756187438965,1,0.70325618982315063477,0.5999999999999999778
1714491087.2973895073,-1.4810727834701538086,-1.5,0.080988235771656036377,1,0.69342023134231567383,0.5999999999999999778
1714491087.3489718437,-1.4812824726104736328,-1.5,0.11198326200246810913,1,0.6737918853759765625,0.5999999999999999778
1714491087.4000980854,-1.4811941385269165039,-1.5,0.12284515798091888428,1,0.66702604293823242188,0.5999999999999999778
1714491087.4514453411,-1.4813551902770996094,-1.5,0.16057050228118896484,1,0.64591616392135620117,0.5999999999999999778
1714491087.5028619766,-1.4815602302551269531,-1.5,0.18101638555526733398,1,0.6354096531867980957,0.5999999999999999778
1714491087.55397892,-1.4821275472640991211,-1.5,0.22412592172622680664,1,0.61428445577621459961,0.5999999999999999778
1714491087.605227232,-1.4824595451354980469,-1.5,0.24682061374187469482,1,0.60384368896484375,0.5999999999999999778
1714491087.656471014,-1.4829772710800170898,-1.5,0.28505727648735046387,1,0.58666175603866577148,0.5999999999999999778
1714491087.7077634335,-1.4835860729217529297,-1.5,0.30795907974243164062,1,0.57677924633026123047,0.5999999999999999778
1714491087.758957386,-1.4859360456466674805,-1.5,0.36260482668876647949,1,0.55444687604904174805,0.5999999999999999778
1714491087.8102285862,-1.4866471290588378906,-1.5,0.37817493081092834473,1,0.54848533868789672852,0.5999999999999999778
1714491087.8615140915,-1.4889141321182250977,-1.5,0.42378738522529602051,1,0.53048121929168701172,0.5999999999999999778
1714491087.9126679897,-1.4912433624267578125,-1.5,0.46812018752098083496,1,0.51360285282135009766,0.5999999999999999778
1714491087.964384079,-1.4926034212112426758,-1.5,0.4897041618824005127,1,0.50590187311172485352,0.5999999999999999778
1714491088.0157785416,-1.4948279857635498047,-1.5,0.52509695291519165039,1,0.49379938840866088867,0.5999999999999999778
1714491088.0672214031,-1.4963589906692504883,-1.5,0.54497075080871582031,1,0.48737469315528869629,0.5999999999999999778
1714491088.1184971333,-1.4993183612823486328,-1.5,0.58409726619720458984,1,0.47569525241851806641,0.5999999999999999778
1714491088.1699314117,-1.5004976987838745117,-1.5,0.6025606989860534668,1,0.47060066461563110352,0.5999999999999999778
1714491088.2212328911,-1.5028784275054931641,-1.5,0.63697606325149536133,1,0.46146169304847717285,0.5999999999999999778
1714491088.2727172375,-1.5038863420486450195,-1.5,0.65270191431045532227,1,0.4569638371467590332,0.5999999999999999778
1714491088.3247687817,-1.5053876638412475586,-1.5,0.67726790904998779297,1,0.45011922717094421387,0.5999999999999999778
1714491088.3765251637,-1.5062874555587768555,-1.5,0.69158452749252319336,1,0.44628354907035827637,0.5999999999999999778
1714491088.4277722836,-1.5078492164611816406,-1.5,0.717235565185546875,1,0.43993031978607177734,0.5999999999999999778
1714491088.4794180393,-1.5084415674209594727,-1.5,0.74055248498916625977,1,0.43485248088836669922,0.5999999999999999778
1714491088.5315773487,-1.508565068244934082,-1.5,0.75079685449600219727,1,0.43288290500640869141,0.5999999999999999778
1714491088.5829896927,-1.508488774299621582,-1.5,0.76703751087188720703,1,0.43010079860687255859,0.5999999999999999778
1714491088.6344964504,-1.5083165168762207031,-1.5,0.77570384740829467773,1,0.42877939343452453613,0.5999999999999999778
1714491088.6858756542,-1.5073091983795166016,-1.5,0.79147523641586303711,1,0.42646500468254089355,0.5999999999999999778
1714491088.7371976376,-1.5069565773010253906,-1.5,0.79876661300659179688,1,0.42563283443450927734,0.5999999999999999778
1714491088.7885453701,-1.5058279037475585938,-1.5,0.81206393241882324219,1,0.42441827058792114258,0.5999999999999999778
1714491088.8401360512,-1.5053116083145141602,-1.5,0.81600946187973022461,1,0.42415714263916015625,0.5999999999999999778
1714491088.8914365768,-1.5038074254989624023,-1.5,0.82594209909439086914,1,0.42375677824020385742,0.5999999999999999778
1714491088.9430186749,-1.5031794309616088867,-1.5,0.83090615272521972656,1,0.42357358336448669434,0.5999999999999999778
1714491088.9958231449,-1.5017875432968139648,-1.5,0.83914792537689208984,1,0.4233672022819519043,0.5999999999999999778
1714491089.0472960472,-1.500336766242980957,-1.5,0.84627592563629150391,1,0.42359852790832519531,0.5999999999999999778
1714491089.0987288952,-1.499693751335144043,-1.5,0.84982395172119140625,1,0.42377102375030517578,0.5999999999999999778
1714491089.1504278183,-1.4982792139053344727,-1.5,0.8566830754280090332,1,0.42429015040397644043,0.5999999999999999778
1714491089.2020587921,-1.4978411197662353516,-1.5,0.85856598615646362305,1,0.42445957660675048828,0.5999999999999999778
1714491089.2538354397,-1.49648284912109375,-1.5,0.86468034982681274414,1,0.42475232481956481934,0.5999999999999999778
1714491089.3052661419,-1.4958441257476806641,-1.5,0.86770206689834594727,1,0.42481267452239990234,0.5999999999999999778
1714491089.3565404415,-1.494706273078918457,-1.5,0.87263792753219604492,1,0.42492595314979553223,0.5999999999999999778
1714491089.4077963829,-1.4937185049057006836,-1.5,0.87665003538131713867,1,0.42513638734817504883,0.5999999999999999778
1714491089.4590961933,-1.4923080205917358398,-1.5,0.88148504495620727539,1,0.42538839578628540039,0.5999999999999999778
1714491089.5107569695,-1.4907282590866088867,-1.5,0.88755106925964355469,1,0.42578881978988647461,0.5999999999999999778
1714491089.5619864464,-1.4900559186935424805,-1.5,0.89049494266510009766,1,0.42597153782844543457,0.5999999999999999778
1714491089.6132938862,-1.4890387058258056641,-1.5,0.89536929130554199219,1,0.42726784944534301758,0.5999999999999999778
1714491089.6645259857,-1.4885301589965820312,-1.5,0.89690792560577392578,1,0.42770707607269287109,0.5999999999999999778
1714491089.7157812119,-1.4877251386642456055,-1.5,0.9026177525520324707,1,0.42851817607879638672,0.5999999999999999778
1714491089.7671439648,-1.4873121976852416992,-1.5,0.90659528970718383789,1,0.42877209186553955078,0.5999999999999999778
1714491089.8186471462,-1.4863276481628417969,-1.5,0.9109465479850769043,1,0.42877066135406494141,0.5999999999999999778
1714491089.8703956604,-1.4857581853866577148,-1.5,0.91353029012680053711,1,0.4286212623119354248,0.5999999999999999778
1714491089.9223973751,-1.4850461483001708984,-1.5,0.91867840290069580078,1,0.42817297577857971191,0.5999999999999999778
1714491089.9737610817,-1.4844141006469726562,-1.5,0.9222869873046875,1,0.42701113224029541016,0.5999999999999999778
1714491090.0250635147,-1.4835039377212524414,-1.5,0.92655241489410400391,1,0.4230810701847076416,0.5999999999999999778
1714491090.0770292282,-1.4828042984008789062,-1.5,0.93020731210708618164,1,0.41793054342269897461,0.5999999999999999778
1714491090.1291019917,-1.4817736148834228516,-1.5,0.93436133861541748047,1,0.40955206751823425293,0.5999999999999999778
1714491090.1819615364,-1.4804273843765258789,-1.5,0.93882429599761962891,1,0.39698040485382080078,0.5999999999999999778
1714491090.2334768772,-1.4800257682800292969,-1.5,0.94017404317855834961,1,0.39250528812408447266,0.5999999999999999778
1714491090.2853045464,-1.4779429435729980469,-1.5,0.94452232122421264648,1,0.37614929676055908203,0.5999999999999999778
1714491090.3370008469,-1.4771872758865356445,-1.5,0.94557350873947143555,1,0.37143525481224060059,0.5999999999999999778
1714491090.3885476589,-1.4754650592803955078,-1.5,0.94873571395874023438,1,0.35796010494232177734,0.5999999999999999778
1714491090.4407942295,-1.4744079113006591797,-1.5,0.95020705461502075195,1,0.35152301192283630371,0.5999999999999999778
1714491090.4924833775,-1.4720872640609741211,-1.5,0.95313596725463867188,1,0.33839893341064453125,0.5999999999999999778
1714491090.5439517498,-1.4710595607757568359,-1.5,0.9545758366584777832,1,0.33178472518920898438,0.5999999999999999778
1714491090.5958373547,-1.4692058563232421875,-1.5,0.95684289932250976562,1,0.32102999091148376465,0.5999999999999999778
1714491090.6472702026,-1.4679692983627319336,-1.5,0.95827454328536987305,1,0.31467974185943603516,0.5999999999999999778
1714491090.6990232468,-1.4656833410263061523,-1.5,0.96087294816970825195,1,0.30286759138107299805,0.5999999999999999778
1714491090.751193285,-1.4634085893630981445,-1.5,0.96343851089477539062,1,0.2923450171947479248,0.5999999999999999778
1714491090.8026928902,-1.4621951580047607422,-1.5,0.96467959880828857422,1,0.28766137361526489258,0.5999999999999999778
1714491090.8542206287,-1.4598315954208374023,-1.5,0.96734213829040527344,1,0.27979210019111633301,0.5999999999999999778
1714491090.9059531689,-1.4591122865676879883,-1.5,0.96824598312377929688,1,0.27742341160774230957,0.5999999999999999778
1714491090.9573361874,-1.4569464921951293945,-1.5,0.97063696384429931641,1,0.27145302295684814453,0.5999999999999999778
1714491091.0088422298,-1.4559789896011352539,-1.5,0.97167998552322387695,1,0.26905140280723571777,0.5999999999999999778
1714491091.060438633,-1.4545705318450927734,-1.5,0.97356200218200683594,1,0.26532310247421264648,0.5999999999999999778
1714491091.1126778126,-1.4526952505111694336,-1.5,0.97549414634704589844,1,0.26313665509223937988,0.5999999999999999778
1714491091.1658513546,-1.4520802497863769531,-1.5,0.97614753246307373047,1,0.26267361640930175781,0.5999999999999999778
1714491091.2175469398,-1.4511089324951171875,-1.5,0.97676771879196166992,1,0.26212024688720703125,0.5999999999999999778
1714491091.2690382004,-1.4494929313659667969,-1.5,0.97742450237274169922,1,0.26152598857879638672,0.5999999999999999778
1714491091.3210198879,-1.4485256671905517578,-1.5,0.97799956798553466797,1,0.26150572299957275391,0.5999999999999999778
1714491091.3734328747,-1.448146820068359375,-1.5,0.9778988957405090332,1,0.26159939169883728027,0.5999999999999999778
1714491091.4251129627,-1.4468195438385009766,-1.5,0.9773012995719909668,1,0.26183119416236877441,0.5999999999999999778
1714491091.4765872955,-1.4458820819854736328,-1.5,0.97694242000579833984,1,0.26208773255348205566,0.5999999999999999778
1714491091.5280234814,-1.4443831443786621094,-1.5,0.97634559869766235352,1,0.26268723607063293457,0.5999999999999999778
1714491091.5795469284,-1.442858576774597168,-1.5,0.97540241479873657227,1,0.2635180056095123291,0.5999999999999999778
1714491091.6315648556,-1.4422886371612548828,-1.5,0.97506386041641235352,1,0.26401814818382263184,0.5999999999999999778
1714491091.6830556393,-1.4415972232818603516,-1.5,0.97445857524871826172,1,0.26514950394630432129,0.5999999999999999778
1714491091.7347002029,-1.4415267705917358398,-1.5,0.97426933050155639648,1,0.26560667157173156738,0.5999999999999999778
1714491091.7863972187,-1.4415812492370605469,-1.5,0.97345536947250366211,1,0.26701554656028747559,0.5999999999999999778
1714491091.8380839825,-1.441649317741394043,-1.5,0.97313255071640014648,1,0.26766002178192138672,0.5999999999999999778
1714491091.8919389248,-1.4420626163482666016,-1.5,0.97289746999740600586,1,0.26890957355499267578,0.5999999999999999778
1714491091.9433836937,-1.442386627197265625,-1.5,0.97285658121109008789,1,0.26937505602836608887,0.5999999999999999778
1714491091.994987011,-1.4432725906372070312,-1.5,0.97302013635635375977,1,0.26866638660430908203,0.5999999999999999778
1714491092.0466341972,-1.444103240966796875,-1.5,0.97352761030197143555,1,0.26659992337226867676,0.5999999999999999778
1714491092.0988848209,-1.4444354772567749023,-1.5,0.97380930185317993164,1,0.26476913690567016602,0.5999999999999999778
1714491092.1501617432,-1.4451761245727539062,-1.5,0.97454249858856201172,1,0.26019647717475891113,0.5999999999999999778
1714491092.201186657,-1.4457814693450927734,-1.5,0.97517216205596923828,1,0.25752726197242736816,0.5999999999999999778
1714491092.2523796558,-1.446902155876159668,-1.5,0.97654622793197631836,1,0.25221276283264160156,0.5999999999999999778
1714491092.3036501408,-1.4472005367279052734,-1.5,0.97721594572067260742,1,0.24934121966361999512,0.5999999999999999778
1714491092.3550438881,-1.4475096464157104492,-1.5,0.97834098339080810547,1,0.24475325644016265869,0.5999999999999999778
1714491092.4063048363,-1.4479086399078369141,-1.5,0.97923839092254638672,1,0.24189798533916473389,0.5999999999999999778
1714491092.4575896263,-1.4483407735824584961,-1.5,0.9812405705451965332,1,0.23467178642749786377,0.5999999999999999778
1714491092.5087723732,-1.4486395120620727539,-1.5,0.98246842622756958008,1,0.23029747605323791504,0.5999999999999999778
1714491092.5602164268,-1.448960423469543457,-1.5,0.98460203409194946289,1,0.21882517635822296143,0.5999999999999999778
1714491092.6115932465,-1.4492834806442260742,-1.5,0.98686933517456054688,1,0.20656077563762664795,0.5999999999999999778
1714491092.6633310318,-1.4498559236526489258,-1.5,0.98927301168441772461,1,0.19511528313159942627,0.5999999999999999778
1714491092.7145984173,-1.4504027366638183594,-1.5,0.99086463451385498047,1,0.18255990743637084961,0.5999999999999999778
1714491092.7657761574,-1.4509842395782470703,-1.5,0.990009307861328125,1,0.18383625149726867676,0.5999999999999999778
1714491092.8168718815,-1.4522973299026489258,-1.5,0.98804181814193725586,1,0.19091521203517913818,0.5999999999999999778
1714491092.8680531979,-1.4527378082275390625,-1.5,0.98699790239334106445,1,0.1898806840181350708,0.5999999999999999778
1714491092.9193365574,-1.4532493352890014648,-1.5,0.98454123735427856445,1,0.17863292992115020752,0.5999999999999999778
1714491092.9709508419,-1.4534506797790527344,-1.5,0.98278313875198364258,1,0.17484825849533081055,0.5999999999999999778
1714491093.0221266747,-1.4538439512252807617,-1.5,0.97704231739044189453,1,0.17974369227886199951,0.5999999999999999778
1714491093.0734200478,-1.4541164636611938477,-1.5,0.97389930486679077148,1,0.18304398655891418457,0.5999999999999999778
1714491093.1246271133,-1.4544978141784667969,-1.5,0.96861666440963745117,1,0.17758850753307342529,0.5999999999999999778
1714491093.176078558,-1.454663395881652832,-1.5,0.96607238054275512695,1,0.17368432879447937012,0.5999999999999999778
1714491093.2272539139,-1.4543371200561523438,-1.5,0.9588387608528137207,1,0.17367032170295715332,0.5999999999999999778
1714491093.2782998085,-1.4542489051818847656,-1.5,0.95621788501739501953,1,0.17788015305995941162,0.5999999999999999778
1714491093.329521656,-1.4541559219360351562,-1.5,0.95740705728530883789,1,0.17871138453483581543,0.5999999999999999778
1714491093.3806018829,-1.4533430337905883789,-1.5,0.96059769392013549805,1,0.18043798208236694336,0.5999999999999999778
1714491093.4318642616,-1.4529513120651245117,-1.5,0.96080315113067626953,1,0.18171681463718414307,0.5999999999999999778
1714491093.4832191467,-1.4521979093551635742,-1.5,0.95725858211517333984,1,0.18420314788818359375,0.5999999999999999778
1714491093.5342979431,-1.4519056081771850586,-1.5,0.95554721355438232422,1,0.18500745296478271484,0.5999999999999999778
1714491093.5851728916,-1.4508963823318481445,-1.5,0.95168358087539672852,1,0.18621499836444854736,0.5999999999999999778
1714491093.6361250877,-1.4502010345458984375,-1.5,0.95119422674179077148,1,0.18704022467136383057,0.5999999999999999778
1714491093.6869900227,-1.4487299919128417969,-1.5,0.95224517583847045898,1,0.19032581150531768799,0.5999999999999999778
1714491093.7378437519,-1.4480761289596557617,-1.5,0.95304238796234130859,1,0.19217523932456970215,0.5999999999999999778
1714491093.7888784409,-1.4469999074935913086,-1.5,0.95331913232803344727,1,0.19508759677410125732,0.5999999999999999778
1714491093.8398213387,-1.4467079639434814453,-1.5,0.9528325200080871582,1,0.19579102098941802979,0.5999999999999999778
1714491093.8916866779,-1.4460380077362060547,-1.5,0.95035606622695922852,1,0.19766387343406677246,0.5999999999999999778
1714491093.9429924488,-1.445840001106262207,-1.5,0.94915312528610229492,1,0.19866034388542175293,0.5999999999999999778
1714491093.9938561916,-1.4455888271331787109,-1.5,0.94831585884094238281,1,0.2000239938497543335,0.5999999999999999778
1714491094.0449717045,-1.4454653263092041016,-1.5,0.94952040910720825195,1,0.20133033394813537598,0.5999999999999999778
1714491094.0960993767,-1.4455398321151733398,-1.5,0.95051234960556030273,1,0.20212258398532867432,0.5999999999999999778
1714491094.1472744942,-1.4460358619689941406,-1.5,0.95285576581954956055,1,0.20233866572380065918,0.5999999999999999778
1714491094.1995229721,-1.4466385841369628906,-1.5,0.95519798994064331055,1,0.200897216796875,0.5999999999999999778
1714491094.25167346,-1.448071599006652832,-1.5,0.96378016471862792969,1,0.19091348350048065186,0.5999999999999999778
1714491094.3029606342,-1.4489154815673828125,-1.5,0.97130465507507324219,1,0.18038213253021240234,0.5999999999999999778
1714491094.3547580242,-1.4497472047805786133,-1.5,0.99235582351684570312,1,0.16398102045059204102,0.5999999999999999778
1714491094.4058902264,-1.4495128393173217773,-1.5,1.0059888362884521484,1,0.1670942455530166626,0.5999999999999999778
1714491094.4570171833,-1.4486500024795532227,-1.5,1.0309326648712158203,1,0.16936452686786651611,0.5999999999999999778
1714491094.5080051422,-1.4478750228881835938,-1.5,1.0452220439910888672,1,0.16136460006237030029,0.5999999999999999778
1714491094.5590548515,-1.4454445838928222656,-1.5,1.0757992267608642578,1,0.1343018263578414917,0.5999999999999999778
1714491094.6100883484,-1.444924473762512207,-1.5,1.1034734249114990234,1,0.1393810659646987915,0.5999999999999999778
1714491094.6612260342,-1.4450447559356689453,-1.5,1.1126375198364257812,1,0.13584212958812713623,0.5999999999999999778
1714491094.7124359608,-1.4455351829528808594,-1.5,1.1280703544616699219,1,0.13500554859638214111,0.5999999999999999778
1714491094.7634234428,-1.4453383684158325195,-1.5,1.1320183277130126953,1,0.13321535289287567139,0.5999999999999999778
1714491094.8144040108,-1.4448698759078979492,-1.5,1.1319578886032104492,1,0.1297232210636138916,0.5999999999999999778
1714491094.8654465675,-1.4446519613265991211,-1.5,1.1290640830993652344,1,0.1288426518440246582,0.5999999999999999778
1714491094.9164726734,-1.4437590837478637695,-1.5,1.1228927373886108398,1,0.12699484825134277344,0.5999999999999999778
1714491094.9675385952,-1.4427180290222167969,-1.5,1.1204053163528442383,1,0.12730821967124938965,0.5999999999999999778
1714491095.018848896,-1.4388077259063720703,-1.5,1.1200469732284545898,1,0.12770627439022064209,0.5999999999999999778
1714491095.0698666573,-1.4376665353775024414,-1.5,1.1207776069641113281,1,0.12750738859176635742,0.5999999999999999778
1714491095.1208205223,-1.4388540983200073242,-1.5,1.1214643716812133789,1,0.12771427631378173828,0.5999999999999999778
1714491095.1717033386,-1.4397656917572021484,-1.5,1.1209176778793334961,1,0.12797996401786804199,0.5999999999999999778
1714491095.2228415012,-1.4391444921493530273,-1.5,1.1173605918884277344,1,0.128993988037109375,0.5999999999999999778
1714491095.2739117146,-1.4383150339126586914,-1.5,1.1148103475570678711,1,0.12957862019538879395,0.5999999999999999778
1714491095.3249387741,-1.4374533891677856445,-1.5,1.1103223562240600586,1,0.13042029738426208496,0.5999999999999999778
1714491095.3759052753,-1.4371050596237182617,-1.5,1.1079157590866088867,1,0.130976065993309021,0.5999999999999999778
1714491095.4270336628,-1.4367361068725585938,-1.5,1.1042717695236206055,1,0.13260956108570098877,0.5999999999999999778
1714491095.4780182838,-1.4360547065734863281,-1.5,1.1001340150833129883,1,0.13407425582408905029,0.5999999999999999778
1714491095.5289957523,-1.4357001781463623047,-1.5,1.0980447530746459961,1,0.13489173352718353271,0.5999999999999999778
1714491095.5800821781,-1.4351233243942260742,-1.5,1.0946084260940551758,1,0.13616669178009033203,0.5999999999999999778
1714491095.6311042309,-1.4348218441009521484,-1.5,1.0927560329437255859,1,0.13695062696933746338,0.5999999999999999778
1714491095.6821300983,-1.4341304302215576172,-1.5,1.0890959501266479492,1,0.1383482515811920166,0.5999999999999999778
1714491095.7330527306,-1.4337373971939086914,-1.5,1.0870336294174194336,1,0.13899259269237518311,0.5999999999999999778
1714491095.7840328217,-1.4330487251281738281,-1.5,1.0837537050247192383,1,0.14029929041862487793,0.5999999999999999778
1714491095.8354239464,-1.4327909946441650391,-1.5,1.0825750827789306641,1,0.14064149558544158936,0.5999999999999999778
1714491095.8864250183,-1.4321740865707397461,-1.5,1.0798540115356445312,1,0.14185549318790435791,0.5999999999999999778
1714491095.9376113415,-1.4318637847900390625,-1.5,1.0785254240036010742,1,0.14222504198551177979,0.5999999999999999778
1714491095.9889981747,-1.4312822818756103516,-1.5,1.0759066343307495117,1,0.14295560121536254883,0.5999999999999999778
1714491096.0400209427,-1.4309829473495483398,-1.5,1.0748083591461181641,1,0.14333419501781463623,0.5999999999999999778
1714491096.0910639763,-1.4305202960968017578,-1.5,1.0728731155395507812,1,0.14391188323497772217,0.5999999999999999778
1714491096.1421740055,-1.430357813835144043,-1.5,1.0722910165786743164,1,0.14407819509506225586,0.5999999999999999778
1714491096.1931722164,-1.4300019741058349609,-1.5,1.0712021589279174805,1,0.1447207033634185791,0.5999999999999999778
1714491096.2442779541,-1.429692387580871582,-1.5,1.0697301626205444336,1,0.14487586915493011475,0.5999999999999999778
1714491096.2953293324,-1.42960357666015625,-1.5,1.0694347620010375977,1,0.14512531459331512451,0.5999999999999999778
1714491096.3467438221,-1.4295067787170410156,-1.5,1.068976283073425293,1,0.14533154666423797607,0.5999999999999999778
1714491096.3976855278,-1.4294865131378173828,-1.5,1.0687143802642822266,1,0.14542236924171447754,0.5999999999999999778
1714491096.4486527443,-1.4295136928558349609,-1.5,1.0683572292327880859,1,0.14547981321811676025,0.5999999999999999778
1714491096.5000634193,-1.4295426607131958008,-1.5,1.0680021047592163086,1,0.14541530609130859375,0.5999999999999999778
1714491096.550973177,-1.4297263622283935547,-1.5,1.0681742429733276367,1,0.14562137424945831299,0.5999999999999999778
1714491096.6017272472,-1.4298609495162963867,-1.5,1.068385004997253418,1,0.14569720625877380371,0.5999999999999999778
1714491096.6524574757,-1.4301201105117797852,-1.5,1.0683264732360839844,1,0.14556951820850372314,0.5999999999999999778
1714491096.703202486,-1.4302382469177246094,-1.5,1.0679420232772827148,1,0.14538611471652984619,0.5999999999999999778
1714491096.7540941238,-1.430487513542175293,-1.5,1.0683263540267944336,1,0.14534536004066467285,0.5999999999999999778
1714491096.8049423695,-1.4306632280349731445,-1.5,1.0686575174331665039,1,0.1453183293342590332,0.5999999999999999778
1714491096.8557264805,-1.4310249090194702148,-1.5,1.0685460567474365234,1,0.14492945373058319092,0.5999999999999999778
1714491096.9066076279,-1.4312160015106201172,-1.5,1.0686289072036743164,1,0.14472752809524536133,0.5999999999999999778
1714491096.9578073025,-1.4315965175628662109,-1.5,1.0687932968139648438,1,0.14428117871284484863,0.5999999999999999778
1714491097.0086560249,-1.4318220615386962891,-1.5,1.0691782236099243164,1,0.14422233402729034424,0.5999999999999999778
1714491097.0598344803,-1.4323112964630126953,-1.5,1.0697041749954223633,1,0.14377380907535552979,0.5999999999999999778
1714491097.1110768318,-1.4326257705688476562,-1.5,1.0693624019622802734,1,0.14320735633373260498,0.5999999999999999778
1714491097.1621618271,-1.4328142404556274414,-1.5,1.0696922540664672852,1,0.14304116368293762207,0.5999999999999999778
1714491097.2132503986,-1.4333132505416870117,-1.5,1.0700663328170776367,1,0.14238417148590087891,0.5999999999999999778
1714491097.2644305229,-1.4334175586700439453,-1.5,1.0699399709701538086,1,0.14212855696678161621,0.5999999999999999778
1714491097.3153860569,-1.4337916374206542969,-1.5,1.0704730749130249023,1,0.14170601963996887207,0.5999999999999999778
1714491097.3663058281,-1.433962702751159668,-1.5,1.07053375244140625,1,0.1413965374231338501,0.5999999999999999778
1714491097.4170372486,-1.433962702751159668,-1.5,1.07053375244140625,1,0.1413965374231338501,0.5999999999999999778
1714491097.4676904678,-1.433962702751159668,-1.5,1.07053375244140625,1,0.1413965374231338501,0.5999999999999999778
1714491097.5184197426,-1.433962702751159668,-1.5,1.07053375244140625,1,0.1413965374231338501,0.5999999999999999778
