1711786961.5616855621,-1.0309392213821411133,-1,-0.052503615617752075195,0,0.56448340415954589844,1.5
1711786961.6122837067,-1.0278847217559814453,-1,-0.054923813790082931519,0,0.56444197893142700195,1.5
1711786961.6627750397,-1.0262734889984130859,-1,-0.055879745632410049438,0,0.56459355354309082031,1.5
1711786961.71331954,-1.0232436656951904297,-1,-0.057763308286666870117,0,0.5692113041877746582,1.5
1711786961.7638318539,-1.0223487615585327148,-1,-0.058493960648775100708,0,0.57372331619262695312,1.5
1711786961.814445734,-1.019322514533996582,-1,-0.059788040816783905029,0,0.59652471542358398438,1.5
1711786961.8649542332,-1.017833709716796875,-1,-0.06020104140043258667,0,0.61326235532760620117,1.5
1711786961.9154634476,-1.0151337385177612305,-1,-0.060564231127500534058,0,0.65201300382614135742,1.5
1711786961.9659576416,-1.0134252309799194336,-1,-0.060546834021806716919,0,0.67507511377334594727,1.5
1711786962.0164246559,-1.0102711915969848633,-1,-0.060150627046823501587,0,0.72547835111618041992,1.5
1711786962.0669295788,-1.0091110467910766602,-1,-0.059908919036388397217,0,0.74336045980453491211,1.5
1711786962.1174321175,-1.0051608085632324219,-1,-0.058665893971920013428,0,0.80024218559265136719,1.5
1711786962.1678905487,-1.0029636621475219727,-1,-0.05791109427809715271,0,0.82872885465621948242,1.5
1711786962.2183754444,-0.998348236083984375,-1,-0.056161414831876754761,0,0.88765579462051391602,1.5
1711786962.2688772678,-0.99582123756408691406,-1,-0.055081643164157867432,0,0.91621476411819458008,1.5
1711786962.3193485737,-0.99123787879943847656,-1,-0.053497757762670516968,0,0.96414899826049804688,1.5
1711786962.369818449,-0.98844754695892333984,-1,-0.052691750228404998779,0,0.99242043495178222656,1.5
1711786962.4203457832,-0.98252046108245849609,-1,-0.050993509590625762939,0,1.0456577539443969727,1.5
1711786962.4708735943,-0.97948873043060302734,-1,-0.049872871488332748413,0,1.0718407630920410156,1.5
1711786962.5215818882,-0.97367691993713378906,-1,-0.047392714768648147583,0,1.1209789514541625977,1.5
1711786962.5722465515,-0.97181922197341918945,-1,-0.046474620699882507324,0,1.1361368894577026367,1.5
1711786962.6228847504,-0.96626138687133789062,-1,-0.043950453400611877441,0,1.178580164909362793,1.5
1711786962.6735374928,-0.96363103389739990234,-1,-0.042526144534349441528,0,1.1977670192718505859,1.5
1711786962.72428298,-0.95854026079177856445,-1,-0.039854858070611953735,0,1.2329907417297363281,1.5
1711786962.7749657631,-0.95612895488739013672,-1,-0.038473498076200485229,0,1.2486867904663085938,1.5
1711786962.8256647587,-0.95171195268630981445,-1,-0.035551000386476516724,0,1.2755475044250488281,1.5
1711786962.8762488365,-0.95036178827285766602,-1,-0.034518256783485412598,0,1.2841085195541381836,1.5
1711786962.9269111156,-0.94684785604476928711,-1,-0.031473789364099502563,0,1.3058742284774780273,1.5
1711786962.9774782658,-0.94376081228256225586,-1,-0.027704026550054550171,0,1.3246895074844360352,1.5
1711786963.0282654762,-0.94241422414779663086,-1,-0.025730399414896965027,0,1.3325127363204956055,1.5
1711786963.0788171291,-0.94039839506149291992,-1,-0.02158499695360660553,0,1.3463522195816040039,1.5
1711786963.1293420792,-0.93971353769302368164,-1,-0.019543359056115150452,0,1.3514462709426879883,1.5
1711786963.1800091267,-0.93871808052062988281,-1,-0.016210345551371574402,0,1.3583611249923706055,1.5
1711786963.2306725979,-0.93825733661651611328,-1,-0.014219655655324459076,0,1.3619112968444824219,1.5
1711786963.2813293934,-0.93809676170349121094,-1,-0.010209436528384685516,0,1.3671189546585083008,1.5
1711786963.3319673538,-0.93817758560180664062,-1,-0.0090787317603826522827,0,1.368031620979309082,1.5
1711786963.3826329708,-0.93903011083602905273,-1,-0.0058101033791899681091,0,1.3697779178619384766,1.5
1711786963.4333372116,-0.93952769041061401367,-1,-0.0042670913971960544586,0,1.3699436187744140625,1.5
1711786963.4840524197,-0.9408079981803894043,-1,-0.0014184571336954832077,0,1.3701914548873901367,1.5
1711786963.5347700119,-0.9413693547248840332,-1,-0.00046956090955063700676,0,1.3701070547103881836,1.5
1711786963.5854654312,-0.94362926483154296875,-1,0.0022585659753531217575,0,1.3689171075820922852,1.5
1711786963.6362028122,-0.94437420368194580078,-1,0.0029268921352922916412,0,1.3684759140014648438,1.5
1711786963.6868746281,-0.94639319181442260742,-1,0.0046686944551765918732,0,1.367297053337097168,1.5
1711786963.7375495434,-0.94764083623886108398,-1,0.0053019244223833084106,0,1.3667064905166625977,1.5
1711786963.7882831097,-0.94965630769729614258,-1,0.0061859902925789356232,0,1.3651632070541381836,1.5
1711786963.838996172,-0.95097565650939941406,-1,0.0066675445996224880219,0,1.3641078472137451172,1.5
1711786963.8896350861,-0.95398569107055664062,-1,0.0074593941681087017059,0,1.3624464273452758789,1.5
1711786963.9402618408,-0.95481342077255249023,-1,0.0075096897780895233154,0,1.362009882926940918,1.5
1711786963.9909334183,-0.9571297764778137207,-1,0.0080378009006381034851,0,1.3614193201065063477,1.5
1711786964.0416259766,-0.95929682254791259766,-1,0.0082340324297547340393,0,1.3614965677261352539,1.5
1711786964.0923185349,-0.96088236570358276367,-1,0.0085001690313220024109,0,1.3614356517791748047,1.5
1711786964.1429700851,-0.96316599845886230469,-1,0.0087848184630274772644,0,1.3615576028823852539,1.5
1711786964.1936101913,-0.96434581279754638672,-1,0.0090401172637939453125,0,1.3617850542068481445,1.5
1711786964.2443037033,-0.96652162075042724609,-1,0.009394211694598197937,0,1.3629362583160400391,1.5
1711786964.2949347496,-0.96741920709609985352,-1,0.009524974040687084198,0,1.3636192083358764648,1.5
1711786964.3455665112,-0.9684619903564453125,-1,0.0099147390574216842651,0,1.3658269643783569336,1.5
1711786964.3962011337,-0.96878713369369506836,-1,0.010096221230924129486,0,1.3682121038436889648,1.5
1711786964.4468431473,-0.96931815147399902344,-1,0.010020753368735313416,0,1.3714132308959960938,1.5
1711786964.4974370003,-0.96928697824478149414,-1,0.010010094381868839264,0,1.3736342191696166992,1.5
1711786964.5480775833,-0.96860700845718383789,-1,0.010085972025990486145,0,1.3785148859024047852,1.5
1711786964.5987668037,-0.96823513507843017578,-1,0.010029342025518417358,0,1.3810982704162597656,1.5
1711786964.6494777203,-0.96657711267471313477,-1,0.010077453218400478363,0,1.3862040042877197266,1.5
1711786964.7001404762,-0.96570593118667602539,-1,0.010106551460921764374,0,1.3889293670654296875,1.5
1711786964.7508587837,-0.96380335092544555664,-1,0.010028683580458164215,0,1.3935141563415527344,1.5
1711786964.8014016151,-0.96269702911376953125,-1,0.010205360129475593567,0,1.3965008258819580078,1.5
1711786964.8521649837,-0.96079242229461669922,-1,0.011575365439057350159,0,1.4026247262954711914,1.5
1711786964.9027764797,-0.95987981557846069336,-1,0.012611580081284046173,0,1.4057497978210449219,1.5
1711786964.9533448219,-0.95802122354507446289,-1,0.01458195224404335022,0,1.4122278690338134766,1.5
1711786965.0039093494,-0.95647591352462768555,-1,0.01560834888368844986,0,1.4160339832305908203,1.5
1711786965.054459095,-0.95315593481063842773,-1,0.016972845420241355896,0,1.4224441051483154297,1.5
1711786965.1050014496,-0.95115500688552856445,-1,0.017503652721643447876,0,1.4259113073348999023,1.5
1711786965.1556761265,-0.94670689105987548828,-1,0.018298588693141937256,0,1.4323194026947021484,1.5
1711786965.206319809,-0.94412589073181152344,-1,0.018846319988369941711,0,1.4357514381408691406,1.5
1711786965.2569842339,-0.93882209062576293945,-1,0.019766148179769515991,0,1.4422560930252075195,1.5
1711786965.3076224327,-0.9360955357551574707,-1,0.020086528733372688293,0,1.4453538656234741211,1.5
1711786965.3582448959,-0.93175160884857177734,-1,0.020273745059967041016,0,1.4496535062789916992,1.5
1711786965.408904314,-0.92937141656875610352,-1,0.020178725942969322205,0,1.4517816305160522461,1.5
1711786965.4595472813,-0.92507940530776977539,-1,0.019871076568961143494,0,1.454953312873840332,1.5
1711786965.5103247166,-0.92311507463455200195,-1,0.019800074398517608643,0,1.4562005996704101562,1.5
1711786965.5611588955,-0.9200890660285949707,-1,0.01921500079333782196,0,1.4580745697021484375,1.5
1711786965.6118602753,-0.91700547933578491211,-1,0.018225593492388725281,0,1.4594835042953491211,1.5
1711786965.6625742912,-0.91586142778396606445,-1,0.017587030306458473206,0,1.4597866535186767578,1.5
1711786965.7132875919,-0.91416585445404052734,-1,0.016209546476602554321,0,1.4599027633666992188,1.5
1711786965.7639615536,-0.91353029012680053711,-1,0.015291103161871433258,0,1.4599497318267822266,1.5
1711786965.8152499199,-0.91276180744171142578,-1,0.013562248088419437408,0,1.4601712226867675781,1.5
1711786965.8659207821,-0.91263622045516967773,-1,0.01258568931370973587,0,1.4602075815200805664,1.5
1711786965.9166355133,-0.91283190250396728516,-1,0.011143476702272891998,0,1.460234522819519043,1.5
1711786965.9673740864,-0.9131972193717956543,-1,0.010346574708819389343,0,1.4600185155868530273,1.5
1711786966.0180552006,-0.91458332538604736328,-1,0.0086737871170043945312,0,1.4593763351440429688,1.5
1711786966.0687274933,-0.91561430692672729492,-1,0.0077027943916618824005,0,1.4586939811706542969,1.5
1711786966.1193597317,-0.91828507184982299805,-1,0.0054614590480923652649,0,1.4570825099945068359,1.5
1711786966.1700029373,-0.9193369746208190918,-1,0.0046308180317282676697,0,1.4564074277877807617,1.5
1711786966.2206745148,-0.92263782024383544922,-1,0.0022487316746264696121,0,1.4546784162521362305,1.5
1711786966.2712626457,-0.92446702718734741211,-1,0.00088982842862606048584,0,1.4539650678634643555,1.5
1711786966.3219091892,-0.92810970544815063477,-1,-0.0015605842927470803261,0,1.4528052806854248047,1.5
1711786966.3724787235,-0.93014764785766601562,-1,-0.0029820455238223075867,0,1.4524350166320800781,1.5
1711786966.4230208397,-0.9337018132209777832,-1,-0.0057030320167541503906,0,1.4521329402923583984,1.5
1711786966.4735574722,-0.93486940860748291016,-1,-0.0064308824948966503143,0,1.4523248672485351562,1.5
1711786966.5241672993,-0.93837273120880126953,-1,-0.0084999809041619300842,0,1.4524980783462524414,1.5
1711786966.5748403072,-0.93994665145874023438,-1,-0.0095998905599117279053,0,1.4528369903564453125,1.5
1711786966.62550354,-0.94296002388000488281,-1,-0.011764433234930038452,0,1.4536364078521728516,1.5
1711786966.6761624813,-0.94431167840957641602,-1,-0.012903811410069465637,0,1.4541285037994384766,1.5
1711786966.7268211842,-0.94697749614715576172,-1,-0.014613972976803779602,0,1.4551827907562255859,1.5
1711786966.7774903774,-0.9488207697868347168,-1,-0.015297952108085155487,0,1.456569671630859375,1.5
1711786966.8281505108,-0.94986939430236816406,-1,-0.015424411743879318237,0,1.4572657346725463867,1.5
1711786966.8788254261,-0.95209634304046630859,-1,-0.015223927795886993408,0,1.4578813314437866211,1.5
1711786966.9294960499,-0.95323383808135986328,-1,-0.01495283469557762146,0,1.4581496715545654297,1.5
1711786966.9801867008,-0.95550912618637084961,-1,-0.014151928946375846863,0,1.4582688808441162109,1.5
1711786967.0308673382,-0.95681715011596679688,-1,-0.01356367114931344986,0,1.4580870866775512695,1.5
1711786967.0815668106,-0.9588972926139831543,-1,-0.012333779595792293549,0,1.4579751491546630859,1.5
1711786967.13215065,-0.96023154258728027344,-1,-0.011595917865633964539,0,1.4576981067657470703,1.5
1711786967.182716608,-0.963146209716796875,-1,-0.010114217177033424377,0,1.4564009904861450195,1.5
1711786967.2332479954,-0.96439701318740844727,-1,-0.0092302663251757621765,0,1.4558976888656616211,1.5
1711786967.283803463,-0.96656149625778198242,-1,-0.0073059825226664543152,0,1.4553775787353515625,1.5
1711786967.334387064,-0.967479705810546875,-1,-0.0062933526933193206787,0,1.4553284645080566406,1.5
1711786967.3849308491,-0.96930360794067382812,-1,-0.0042277113534510135651,0,1.4547106027603149414,1.5
1711786967.4354474545,-0.96983510255813598633,-1,-0.0034516393207013607025,0,1.4545934200286865234,1.5
1711786967.4859690666,-0.97120440006256103516,-1,-0.0014019049704074859619,0,1.4540922641754150391,1.5
1711786967.536536932,-0.97190225124359130859,-1,-0.00044863153016194701195,0,1.4537687301635742188,1.5
1711786967.5872547626,-0.97294974327087402344,-1,0.0011010541347786784172,0,1.4531389474868774414,1.5
1711786967.6378905773,-0.97348535060882568359,-1,0.0020171052310615777969,0,1.4526917934417724609,1.5
1711786967.6885578632,-0.97482967376708984375,-1,0.003942327108234167099,0,1.4508663415908813477,1.5
1711786967.7393107414,-0.97524231672286987305,-1,0.004474077373743057251,0,1.4502531290054321289,1.5
1711786967.7900426388,-0.97663766145706176758,-1,0.0057723913341760635376,0,1.4481550455093383789,1.5
1711786967.8409309387,-0.97740751504898071289,-1,0.0062656141817569732666,0,1.4470332860946655273,1.5
1711786967.891605854,-0.97873520851135253906,-1,0.0067230802960693836212,0,1.4449663162231445312,1.5
1711786967.9422781467,-0.98031848669052124023,-1,0.0069781318306922912598,0,1.4428040981292724609,1.5
1711786967.9930233955,-0.98147553205490112305,-1,0.0067722266539931297302,0,1.4414511919021606445,1.5
1711786968.0436902046,-0.98211371898651123047,-1,0.0066338535398244857788,0,1.4406943321228027344,1.5
1711786968.0943427086,-0.98379606008529663086,-1,0.0059909112751483917236,0,1.4389564990997314453,1.5
1711786968.1450214386,-0.98556077480316162109,-1,0.0049302964471280574799,0,1.4375594854354858398,1.5
1711786968.1956651211,-0.98716598749160766602,-1,0.0037679544184356927872,0,1.4360156059265136719,1.5
1711786968.2463107109,-0.9895464777946472168,-1,0.0017273186240345239639,0,1.4337426424026489258,1.5
1711786968.2970254421,-0.99085760116577148438,-1,0.00045149560901336371899,0,1.432583928108215332,1.5
1711786968.3476679325,-0.99342775344848632812,-1,-0.0024628529790788888931,0,1.4307416677474975586,1.5
1711786968.3982903957,-0.99482268095016479492,-1,-0.0040163719095289707184,0,1.4297091960906982422,1.5
1711786968.4490075111,-0.99689269065856933594,-1,-0.0067902598530054092407,0,1.4286124706268310547,1.5
1711786968.499671936,-0.99759191274642944336,-1,-0.0077106803655624389648,0,1.4281427860260009766,1.5
1711786968.5503842831,-0.99964857101440429688,-1,-0.010095085948705673218,0,1.4272376298904418945,1.5
1711786968.6011486053,-1.0006097555160522461,-1,-0.011149499565362930298,0,1.4268805980682373047,1.5
1711786968.6518280506,-1.0025148391723632812,-1,-0.012847390025854110718,0,1.4261701107025146484,1.5
1711786968.7025530338,-1.0035270452499389648,-1,-0.013651971705257892609,0,1.4260388612747192383,1.5
1711786968.753223896,-1.0051265954971313477,-1,-0.014882728457450866699,0,1.4254062175750732422,1.5
1711786968.8038980961,-1.0061032772064208984,-1,-0.015421235933899879456,0,1.4251843690872192383,1.5
1711786968.854619503,-1.0081425905227661133,-1,-0.016580598428845405579,0,1.4244685173034667969,1.5
1711786968.9052886963,-1.0094035863876342773,-1,-0.017019912600517272949,0,1.4239386320114135742,1.5
1711786968.9559829235,-1.0118709802627563477,-1,-0.01798929460346698761,0,1.4229968786239624023,1.5
1711786969.0066940784,-1.0131676197052001953,-1,-0.01857823692262172699,0,1.4225342273712158203,1.5
1711786969.0573406219,-1.015904545783996582,-1,-0.019671428948640823364,0,1.4215793609619140625,1.5
1711786969.1079516411,-1.0168248414993286133,-1,-0.020080434158444404602,0,1.4212654829025268555,1.5
1711786969.1585028172,-1.0192480087280273438,-1,-0.020885769277811050415,0,1.4207805395126342773,1.5
1711786969.2090330124,-1.0203934907913208008,-1,-0.021182188764214515686,0,1.4205996990203857422,1.5
1711786969.2596290112,-1.0222249031066894531,-1,-0.021500246599316596985,0,1.4204769134521484375,1.5
1711786969.3102486134,-1.0236715078353881836,-1,-0.021421032026410102844,0,1.4203191995620727539,1.5
1711786969.3608293533,-1.0241152048110961914,-1,-0.021302096545696258545,0,1.4204249382019042969,1.5
1711786969.4113481045,-1.0251184701919555664,-1,-0.02075498923659324646,0,1.4206740856170654297,1.5
1711786969.4618980885,-1.0253642797470092773,-1,-0.020244136452674865723,0,1.4209254980087280273,1.5
1711786969.5124957561,-1.0256581306457519531,-1,-0.019672544673085212708,0,1.4210021495819091797,1.5
1711786969.5630464554,-1.0257371664047241211,-1,-0.018091326579451560974,0,1.4217396974563598633,1.5
1711786969.6136341095,-1.0254722833633422852,-1,-0.016737546771764755249,0,1.4224901199340820312,1.5
1711786969.664274931,-1.0253572463989257812,-1,-0.015837607905268669128,0,1.4229918718338012695,1.5
1711786969.7149116993,-1.0250356197357177734,-1,-0.013998834416270256042,0,1.4238528013229370117,1.5
1711786969.7656188011,-1.0247064828872680664,-1,-0.013153623789548873901,0,1.4245171546936035156,1.5
1711786969.8163359165,-1.0237435102462768555,-1,-0.011560698039829730988,0,1.4264888763427734375,1.5
1711786969.8669819832,-1.0231990814208984375,-1,-0.01090841926634311676,0,1.4276547431945800781,1.5
1711786969.9176821709,-1.0220993757247924805,-1,-0.0095953643321990966797,0,1.4299504756927490234,1.5
1711786969.9683232307,-1.021831512451171875,-1,-0.0092496713623404502869,0,1.4306107759475708008,1.5
1711786970.0190060139,-1.0208590030670166016,-1,-0.0082680163905024528503,0,1.4327623844146728516,1.5
1711786970.0696938038,-1.0202387571334838867,-1,-0.0077015492133796215057,0,1.4339275360107421875,1.5
1711786970.1203434467,-1.0191695690155029297,-1,-0.0065514342859387397766,0,1.4362473487854003906,1.5
1711786970.1710014343,-1.0185455083847045898,-1,-0.0061424053274095058441,0,1.437548518180847168,1.5
1711786970.2216415405,-1.017332911491394043,-1,-0.0055803768336772918701,0,1.4402151107788085938,1.5
1711786970.2722854614,-1.0168771743774414062,-1,-0.0054195295087993144989,0,1.4411370754241943359,1.5
1711786970.3229496479,-1.0153576135635375977,-1,-0.0047515267506241798401,0,1.4440414905548095703,1.5
1711786970.3735892773,-1.0144870281219482422,-1,-0.0043746503069996833801,0,1.4455435276031494141,1.5
1711786970.424241066,-1.012968897819519043,-1,-0.0039201858453452587128,0,1.4480106830596923828,1.5
1711786970.4748961926,-1.012203216552734375,-1,-0.0035921970847994089127,0,1.4491559267044067383,1.5
1711786970.5256147385,-1.0110139846801757812,-1,-0.0029606427997350692749,0,1.4508240222930908203,1.5
1711786970.5762939453,-1.0097488164901733398,-1,-0.0022382747847586870193,0,1.4523651599884033203,1.5
1711786970.6269171238,-1.0091714859008789062,-1,-0.0018968137446790933609,0,1.453128814697265625,1.5
1711786970.6775150299,-1.0082951784133911133,-1,-0.0013430096441879868507,0,1.4539995193481445312,1.5
1711786970.7281563282,-1.0079412460327148438,-1,-0.0013965789694339036942,0,1.4544533491134643555,1.5
1711786970.7788610458,-1.0073007345199584961,-1,-0.0015666624531149864197,0,1.4552545547485351562,1.5
1711786970.8295240402,-1.0069456100463867188,-1,-0.0016481606289744377136,0,1.4557014703750610352,1.5
1711786970.8802206516,-1.0062131881713867188,-1,-0.0021949526853859424591,0,1.456799626350402832,1.5
1711786970.930898428,-1.0060679912567138672,-1,-0.0025318919215351343155,0,1.4570958614349365234,1.5
1711786970.9816060066,-1.0059149265289306641,-1,-0.0034772004000842571259,0,1.4578254222869873047,1.5
1711786971.0323140621,-1.0059418678283691406,-1,-0.0040850839577615261078,0,1.4580878019332885742,1.5
1711786971.0830132961,-1.0063165426254272461,-1,-0.005163301713764667511,0,1.4582754373550415039,1.5
1711786971.1337091923,-1.0065681934356689453,-1,-0.0057469969615340232849,0,1.4585077762603759766,1.5
1711786971.1843931675,-1.0071953535079956055,-1,-0.0070205535739660263062,0,1.4592919349670410156,1.5
1711786971.2349579334,-1.0075883865356445312,-1,-0.0077204867266118526459,0,1.4595507383346557617,1.5
1711786971.2855012417,-1.0084180831909179688,-1,-0.0089904209598898887634,0,1.459981083869934082,1.5
1711786971.3359827995,-1.0089451074600219727,-1,-0.0094946445897221565247,0,1.4600126743316650391,1.5
1711786971.3864707947,-1.0098358392715454102,-1,-0.010440834797918796539,0,1.4602218866348266602,1.5
1711786971.4370536804,-1.0103833675384521484,-1,-0.010957167483866214752,0,1.4604775905609130859,1.5
1711786971.4875843525,-1.0119376182556152344,-1,-0.011701007373631000519,0,1.4602715969085693359,1.5
1711786971.538225174,-1.0126502513885498047,-1,-0.01199817657470703125,0,1.4602254629135131836,1.5
1711786971.5889487267,-1.0142568349838256836,-1,-0.012605664320290088654,0,1.460360407829284668,1.5
1711786971.6396074295,-1.0149396657943725586,-1,-0.01284461095929145813,0,1.4607760906219482422,1.5
1711786971.690310955,-1.016272425651550293,-1,-0.012962731532752513885,0,1.4613130092620849609,1.5
1711786971.7410526276,-1.0179512500762939453,-1,-0.01276699453592300415,0,1.4617513418197631836,1.5
1711786971.7917277813,-1.0186469554901123047,-1,-0.012538610957562923431,0,1.4621884822845458984,1.5
1711786971.8426961899,-1.019794464111328125,-1,-0.011554239317774772644,0,1.4632812738418579102,1.5
1711786971.8934285641,-1.0204489231109619141,-1,-0.011019556783139705658,0,1.4637073278427124023,1.5
1711786971.9442236423,-1.021380305290222168,-1,-0.0099436743184924125671,0,1.4643199443817138672,1.5
1711786971.9949038029,-1.021785736083984375,-1,-0.0090644247829914093018,0,1.4649016857147216797,1.5
1711786972.0455534458,-1.022473454475402832,-1,-0.0069256592541933059692,0,1.4662014245986938477,1.5
1711786972.0961999893,-1.0229108333587646484,-1,-0.0059639085084199905396,0,1.466855168342590332,1.5
1711786972.1468436718,-1.0235477685928344727,-1,-0.003338965587317943573,0,1.4683830738067626953,1.5
1711786972.1974999905,-1.0239100456237792969,-1,-0.0019288071198388934135,0,1.4691373109817504883,1.5
1711786972.2481589317,-1.0243324041366577148,-1,0.00063722545746713876724,0,1.4703572988510131836,1.5
1711786972.2987844944,-1.0245220661163330078,-1,0.0021741478703916072845,0,1.4708261489868164062,1.5
1711786972.3494017124,-1.0249375104904174805,-1,0.0051301047205924987793,0,1.4718490839004516602,1.5
1711786972.4000229836,-1.0251070261001586914,-1,0.0065193376503884792328,0,1.4721723794937133789,1.5
1711786972.4506511688,-1.0258960723876953125,-1,0.0087812552228569984436,0,1.4720258712768554688,1.5
1711786972.5012903214,-1.0261422395706176758,-1,0.0094768889248371124268,0,1.4719364643096923828,1.5
1711786972.551831007,-1.0266987085342407227,-1,0.011343822814524173737,0,1.4718286991119384766,1.5
1711786972.6024079323,-1.0270332098007202148,-1,0.011983596719801425934,0,1.4717779159545898438,1.5
1711786972.6532051563,-1.0274872779846191406,-1,0.012774606235325336456,0,1.4718046188354492188,1.5
1711786972.7039818764,-1.027520298957824707,-1,0.012914199382066726685,0,1.4719398021697998047,1.5
1711786972.7549479008,-1.0280106067657470703,-1,0.013201735913753509521,0,1.470347285270690918,1.5
1711786972.8057672977,-1.0292333364486694336,-1,0.013456623069941997528,0,1.4652067422866821289,1.5
1711786972.8569290638,-1.0323373079299926758,-1,0.013941742479801177979,0,1.4439584016799926758,1.5
1711786972.9078345299,-1.0342246294021606445,-1,0.014204557053744792938,0,1.4279787540435791016,1.5
1711786972.9588110447,-1.0392673015594482422,-1,0.014987384900450706482,0,1.3879985809326171875,1.5
1711786973.0096268654,-1.0426183938980102539,-1,0.015447930432856082916,0,1.3643324375152587891,1.5
1711786973.0605576038,-1.0510125160217285156,-1,0.016206087544560432434,0,1.3117094039916992188,1.5
1711786973.1115267277,-1.0600064992904663086,-1,0.016900448128581047058,0,1.2639133930206298828,1.5
1711786973.1622953415,-1.0661910772323608398,-1,0.017171336337924003601,0,1.2345899343490600586,1.5
1711786973.213139534,-1.0806432962417602539,-1,0.017564026638865470886,0,1.1734032630920410156,1.5
1711786973.2640798092,-1.0882357358932495117,-1,0.017842853441834449768,0,1.1435362100601196289,1.5
1711786973.3149001598,-1.1052917242050170898,-1,0.018191695213317871094,0,1.0828672647476196289,1.5
1711786973.3654875755,-1.111336827278137207,-1,0.018242789432406425476,0,1.0630480051040649414,1.5
1711786973.4159975052,-1.1302481889724731445,-1,0.018152981996536254883,0,1.0048656463623046875,1.5
1711786973.4665720463,-1.1401746273040771484,-1,0.017939688637852668762,0,0.97653555870056152344,1.5
1711786973.5171365738,-1.1601862907409667969,-1,0.017389774322509765625,0,0.92301982641220092773,1.5
1711786973.5677237511,-1.1699247360229492188,-1,0.016970548778772354126,0,0.89859998226165771484,1.5
1711786973.618329525,-1.1904447078704833984,-1,0.01625271327793598175,0,0.85167372226715087891,1.5
1711786973.6689727306,-1.1969829797744750977,-1,0.015878548845648765564,0,0.83747243881225585938,1.5
1711786973.7197506428,-1.217785954475402832,-1,0.014381982386112213135,0,0.79546260833740234375,1.5
1711786973.7707872391,-1.2278476953506469727,-1,0.013471293263137340546,0,0.77666848897933959961,1.5
1711786973.8216485977,-1.2483421564102172852,-1,0.010908119380474090576,0,0.74142408370971679688,1.5
1711786973.8725714684,-1.2584056854248046875,-1,0.0095673771575093269348,0,0.72539037466049194336,1.5
1711786973.9234375954,-1.2784394025802612305,-1,0.0070232087746262550354,0,0.69682163000106811523,1.5
1711786973.9743754864,-1.2849657535552978516,-1,0.006178248673677444458,0,0.68803751468658447266,1.5
1711786974.025261879,-1.3043372631072998047,-1,0.0035733766853809356689,0,0.66418230533599853516,1.5
1711786974.0760514736,-1.3227678537368774414,-1,0.0013139535440132021904,0,0.64442169666290283203,1.5
1711786974.1268396378,-1.3314709663391113281,-1,0.00025429943343624472618,0,0.63625049591064453125,1.5
1711786974.1776444912,-1.3483650684356689453,-1,-0.0020109612960368394852,0,0.62169814109802246094,1.5
1711786974.2283074856,-1.3564170598983764648,-1,-0.0028555905446410179138,0,0.61552488803863525391,1.5
1711786974.2791321278,-1.3680598735809326172,-1,-0.0039418935775756835938,0,0.60795313119888305664,1.5
1711786974.329880476,-1.3744248151779174805,-1,-0.004581419285386800766,0,0.60433822870254516602,1.5
1711786974.3805325031,-1.3859736919403076172,-1,-0.0056598056107759475708,0,0.59875410795211791992,1.5
1711786974.4313137531,-1.3910644054412841797,-1,-0.0060113491490483283997,0,0.59655880928039550781,1.5
1711786974.4819843769,-1.4000253677368164062,-1,-0.0067173168063163757324,0,0.59306997060775756836,1.5
1711786974.5327038765,-1.403598785400390625,-1,-0.0067962016910314559937,0,0.59209412336349487305,1.5
1711786974.5838191509,-1.4088799953460693359,-1,-0.0068343374878168106079,0,0.59093302488327026367,1.5
1711786974.6347432137,-1.4115964174270629883,-1,-0.0067624319344758987427,0,0.59057646989822387695,1.5
1711786974.6855566502,-1.4154989719390869141,-1,-0.0065768403001129627228,0,0.59083294868469238281,1.5
1711786974.7364058495,-1.4171751737594604492,-1,-0.0063512874767184257507,0,0.59091091156005859375,1.5
1711786974.7872107029,-1.4194146394729614258,-1,-0.0050339177250862121582,0,0.59150117635726928711,1.5
1711786974.8379585743,-1.4199700355529785156,-1,-0.0041325017809867858887,0,0.59203356504440307617,1.5
1711786974.8888134956,-1.420269012451171875,-1,-0.0024082502350211143494,0,0.59289580583572387695,1.5
1711786974.9395372868,-1.4204386472702026367,-1,-0.0013388008810579776764,0,0.5930888056755065918,1.5
1711786974.9903686047,-1.4202315807342529297,-1,0.0015254286117851734161,0,0.59343451261520385742,1.5
1711786975.0412781239,-1.4199296236038208008,-1,0.0030852849595248699188,0,0.59342157840728759766,1.5
1711786975.0921106339,-1.4194997549057006836,-1,0.0062492555007338523865,0,0.59309530258178710938,1.5
1711786975.1429121494,-1.4189020395278930664,-1,0.01052611134946346283,0,0.59266376495361328125,1.5
1711786975.1936891079,-1.4186660051345825195,-1,0.012707863003015518188,0,0.59216588735580444336,1.5
1711786975.2445693016,-1.418051600456237793,-1,0.017407268285751342773,0,0.59103357791900634766,1.5
1711786975.2953505516,-1.417713165283203125,-1,0.019848328083753585815,0,0.59040248394012451172,1.5
1711786975.3461117744,-1.417512059211730957,-1,0.023913547396659851074,0,0.58883762359619140625,1.5
1711786975.3969013691,-1.4176508188247680664,-1,0.026303829625248908997,0,0.5875084996223449707,1.5
1711786975.4476981163,-1.4180455207824707031,-1,0.031224628910422325134,0,0.58473736047744750977,1.5
1711786975.4984917641,-1.4184583425521850586,-1,0.033878225833177566528,0,0.58319419622421264648,1.5
1711786975.5492265224,-1.4196486473083496094,-1,0.039136227220296859741,0,0.58003705739974975586,1.5
1711786975.6000192165,-1.4204102754592895508,-1,0.041375748813152313232,0,0.57842314243316650391,1.5
1711786975.6508479118,-1.4216892719268798828,-1,0.044617868959903717041,0,0.57576662302017211914,1.5
1711786975.7016603947,-1.4227904081344604492,-1,0.046404212713241577148,0,0.57400286197662353516,1.5
1711786975.7524528503,-1.4246667623519897461,-1,0.049055725336074829102,0,0.57123070955276489258,1.5
1711786975.8032846451,-1.4257385730743408203,-1,0.050135780125856399536,0,0.57001167535781860352,1.5
1711786975.8542394638,-1.4278101921081542969,-1,0.05173838883638381958,0,0.56797772645950317383,1.5
1711786975.9051084518,-1.4289487600326538086,-1,0.052180644124746322632,0,0.56706207990646362305,1.5
1711786975.9560010433,-1.4308518171310424805,-1,0.052239362150430679321,0,0.56551408767700195312,1.5
1711786976.0069124699,-1.4322018623352050781,-1,0.052087556570768356323,0,0.56461101770401000977,1.5
1711786976.0577893257,-1.4352632761001586914,-1,0.051598988473415374756,0,0.56240475177764892578,1.5
1711786976.108631134,-1.4369189739227294922,-1,0.051073070615530014038,0,0.56136751174926757812,1.5
1711786976.159476757,-1.4400924444198608398,-1,0.049286533147096633911,0,0.55956304073333740234,1.5
1711786976.2102379799,-1.4420337677001953125,-1,0.048260975629091262817,0,0.55863851308822631836,1.5
1711786976.2610754967,-1.4451329708099365234,-1,0.046580336987972259521,0,0.55754107236862182617,1.5
1711786976.3118498325,-1.4491332769393920898,-1,0.044154621660709381104,0,0.55634993314743041992,1.5
1711786976.3626253605,-1.4512526988983154297,-1,0.042679324746131896973,0,0.55588442087173461914,1.5
1711786976.4132406712,-1.4554063081741333008,-1,0.039876338094472885132,0,0.55517125129699707031,1.5
1711786976.4639146328,-1.4576498270034790039,-1,0.038268383592367172241,0,0.55445367097854614258,1.5
1711786976.5145552158,-1.4616630077362060547,-1,0.035392183810472488403,0,0.55381131172180175781,1.5
1711786976.5652110577,-1.4628582000732421875,-1,0.034566707909107208252,0,0.55375725030899047852,1.5
1711786976.6159832478,-1.4665460586547851562,-1,0.031821973621845245361,0,0.55394977331161499023,1.5
1711786976.6666769981,-1.4678819179534912109,-1,0.03084085509181022644,0,0.55467587709426879883,1.5
1711786976.7173717022,-1.4702712297439575195,-1,0.029122641310095787048,0,0.55620145797729492188,1.5
1711786976.7683076859,-1.4713511466979980469,-1,0.028362665325403213501,0,0.55689382553100585938,1.5
1711786976.8190147877,-1.4727113246917724609,-1,0.026858476921916007996,0,0.55893027782440185547,1.5
1711786976.8699221611,-1.473164677619934082,-1,0.026480238884687423706,0,0.5594679713249206543,1.5
1711786976.9208748341,-1.4740633964538574219,-1,0.025526752695441246033,0,0.56111979484558105469,1.5
1711786976.9717545509,-1.4745939970016479492,-1,0.02515932917594909668,0,0.56163698434829711914,1.5
1711786977.0225548744,-1.4750314950942993164,-1,0.024622419849038124084,0,0.56298106908798217773,1.5
1711786977.0734109879,-1.4751017093658447266,-1,0.024723369628190994263,0,0.56363087892532348633,1.5
1711786977.1242315769,-1.4750673770904541016,-1,0.02496172487735748291,0,0.56460553407669067383,1.5
1711786977.1748661995,-1.4749941825866699219,-1,0.025047648698091506958,0,0.56491166353225708008,1.5
1711786977.225549221,-1.4743021726608276367,-1,0.025113848969340324402,0,0.56567376852035522461,1.5
1711786977.276235342,-1.4731103181838989258,-1,0.025019271299242973328,0,0.56619846820831298828,1.5
1711786977.3268961906,-1.4725217819213867188,-1,0.024935137480497360229,0,0.56633722782135009766,1.5
1711786977.3779215813,-1.4708769321441650391,-1,0.024406865239143371582,0,0.56676781177520751953,1.5
1711786977.4286675453,-1.4698833227157592773,-1,0.024180760607123374939,0,0.56707167625427246094,1.5
1711786977.47924757,-1.4673193693161010742,-1,0.023198425769805908203,0,0.56787198781967163086,1.5
1711786977.5298871994,-1.4659330844879150391,-1,0.022588687017560005188,0,0.56830656528472900391,1.5
1711786977.5806782246,-1.4632871150970458984,-1,0.021217890083789825439,0,0.56884765625,1.5
1711786977.6313900948,-1.4620456695556640625,-1,0.020226975902915000916,0,0.56886786222457885742,1.5
1711786977.6821286678,-1.460169672966003418,-1,0.018276365473866462708,0,0.56851363182067871094,1.5
1711786977.7329416275,-1.4588547945022583008,-1,0.016227727755904197693,0,0.56785881519317626953,1.5
1711786977.7838375568,-1.4572771787643432617,-1,0.012939971871674060822,0,0.56698906421661376953,1.5
1711786977.834672451,-1.4564349651336669922,-1,0.010932803153991699219,0,0.56654304265975952148,1.5
1711786977.8854482174,-1.4552671909332275391,-1,0.0070018758997321128845,0,0.56548696756362915039,1.5
1711786977.9361071587,-1.4546703100204467773,-1,0.0050099939107894897461,0,0.56504255533218383789,1.5
1711786977.986982584,-1.4537888765335083008,-1,0.0019129944266751408577,0,0.56473839282989501953,1.5
1711786978.0376977921,-1.4534658193588256836,-1,6.4367763116024434566e-05,0,0.56465131044387817383,1.5
1711786978.0885639191,-1.4529846906661987305,-1,-0.003284584730863571167,0,0.56440341472625732422,1.5
1711786978.1394116879,-1.4528014659881591797,-1,-0.0049222782254219055176,0,0.5644219517707824707,1.5
1711786978.1902172565,-1.4524908065795898438,-1,-0.0076948432251811027527,0,0.56466645002365112305,1.5
1711786978.2410626411,-1.4520983695983886719,-1,-0.010462339036166667938,0,0.56546884775161743164,1.5
1711786978.2918338776,-1.4519896507263183594,-1,-0.011877655051648616791,0,0.56593799591064453125,1.5
1711786978.342625618,-1.4520661830902099609,-1,-0.013231169432401657104,0,0.56606078147888183594,1.5
1711786978.3934190273,-1.4525785446166992188,-1,-0.015132597647607326508,0,0.56622976064682006836,1.5
1711786978.4442586899,-1.4532669782638549805,-1,-0.015758322551846504211,0,0.56669270992279052734,1.5
1711786978.4950618744,-1.4537911415100097656,-1,-0.015810133889317512512,0,0.56666094064712524414,1.5
1711786978.545851469,-1.4547383785247802734,-1,-0.015986351296305656433,0,0.56628948450088500977,1.5
1711786978.5966539383,-1.4552576541900634766,-1,-0.015877136960625648499,0,0.56610888242721557617,1.5
1711786978.6474719048,-1.4567495584487915039,-1,-0.015644742175936698914,0,0.56503880023956298828,1.5
1711786978.6982731819,-1.4574263095855712891,-1,-0.015629842877388000488,0,0.56453776359558105469,1.5
1711786978.749163866,-1.4590963125228881836,-1,-0.015704322606325149536,0,0.56303751468658447266,1.5
1711786978.8000466824,-1.4596962928771972656,-1,-0.015887634828686714172,0,0.56231057643890380859,1.5
1711786978.8509316444,-1.4611243009567260742,-1,-0.01665895804762840271,0,0.5605983734130859375,1.5
1711786978.901763916,-1.4618883132934570312,-1,-0.017388684675097465515,0,0.55953329801559448242,1.5
1711786978.9524514675,-1.4636000394821166992,-1,-0.019051359966397285461,0,0.55739945173263549805,1.5
1711786979.0032329559,-1.4644412994384765625,-1,-0.019850002601742744446,0,0.55636578798294067383,1.5
1711786979.054138422,-1.4662147760391235352,-1,-0.021005094051361083984,0,0.55454784631729125977,1.5
1711786979.1049954891,-1.4674317836761474609,-1,-0.02200457453727722168,0,0.55325394868850708008,1.5
1711786979.1562371254,-1.4692416191101074219,-1,-0.023887105286121368408,0,0.55146622657775878906,1.5
1711786979.2070534229,-1.4700732231140136719,-1,-0.024638714268803596497,0,0.55090004205703735352,1.5
1711786979.2578053474,-1.4716233015060424805,-1,-0.026581674814224243164,0,0.54970544576644897461,1.5
1711786979.3086943626,-1.4725373983383178711,-1,-0.027858454734086990356,0,0.54902744293212890625,1.5
1711786979.3593895435,-1.4738168716430664062,-1,-0.029649348929524421692,0,0.54827177524566650391,1.5
1711786979.4100635052,-1.4749369621276855469,-1,-0.0314408913254737854,0,0.54803800582885742188,1.5
1711786979.460880518,-1.4757657051086425781,-1,-0.032340608537197113037,0,0.54804056882858276367,1.5
1711786979.5116038322,-1.4773348569869995117,-1,-0.033757686614990234375,0,0.54825419187545776367,1.5
1711786979.5622816086,-1.4781236648559570312,-1,-0.03416209295392036438,0,0.548656463623046875,1.5
1711786979.6135334969,-1.4795575141906738281,-1,-0.03434926643967628479,0,0.55025756359100341797,1.5
1711786979.6649198532,-1.4801115989685058594,-1,-0.034282591193914413452,0,0.55095142126083374023,1.5
1711786979.7155885696,-1.4815474748611450195,-1,-0.033716890960931777954,0,0.55343049764633178711,1.5
1711786979.7662947178,-1.4822430610656738281,-1,-0.032801177352666854858,0,0.55508410930633544922,1.5
1711786979.8170244694,-1.4829027652740478516,-1,-0.031090002506971359253,0,0.55903595685958862305,1.5
1711786979.8678295612,-1.4830563068389892578,-1,-0.030267514288425445557,0,0.56143462657928466797,1.5
1711786979.9187479019,-1.4835654497146606445,-1,-0.028888359665870666504,0,0.56568586826324462891,1.5
1711786979.9695897102,-1.4836403131484985352,-1,-0.028607457876205444336,0,0.56700497865676879883,1.5
1711786980.0204474926,-1.4832230806350708008,-1,-0.027999028563499450684,0,0.57130801677703857422,1.5
1711786980.0713589191,-1.48258209228515625,-1,-0.027968186885118484497,0,0.5735175013542175293,1.5
1711786980.1222043037,-1.4808232784271240234,-1,-0.028420424088835716248,0,0.57767200469970703125,1.5
1711786980.1730451584,-1.4801418781280517578,-1,-0.028716338798403739929,0,0.57883632183074951172,1.5
1711786980.2238800526,-1.4773290157318115234,-1,-0.029590090736746788025,0,0.58278375864028930664,1.5
1711786980.2748403549,-1.4753032922744750977,-1,-0.030330322682857513428,0,0.5847670435905456543,1.5
1711786980.3256371021,-1.4741485118865966797,-1,-0.030753226950764656067,0,0.58550143241882324219,1.5
1711786980.3764498234,-1.4716886281967163086,-1,-0.031773708760738372803,0,0.58652055263519287109,1.5
1711786980.4272418022,-1.4703718423843383789,-1,-0.032408535480499267578,0,0.58689147233963012695,1.5
1711786980.4780256748,-1.4681988954544067383,-1,-0.033489726483821868896,0,0.58733153343200683594,1.5
1711786980.5288333893,-1.4663507938385009766,-1,-0.034489262849092483521,0,0.58754307031631469727,1.5
1711786980.5796265602,-1.464092254638671875,-1,-0.03579746931791305542,0,0.58754128217697143555,1.5
1711786980.630456686,-1.4627060890197753906,-1,-0.036569032818078994751,0,0.58764529228210449219,1.5
1711786980.6811857224,-1.4600946903228759766,-1,-0.037932660430669784546,0,0.58819675445556640625,1.5
1711786980.7318484783,-1.4588401317596435547,-1,-0.038580637425184249878,0,0.58835005760192871094,1.5
1711786980.7825415134,-1.4563939571380615234,-1,-0.03969270363450050354,0,0.58890205621719360352,1.5
1711786980.8332445621,-1.4551224708557128906,-1,-0.040368363261222839355,0,0.58904385566711425781,1.5
1711786980.8840537071,-1.4527009725570678711,-1,-0.041473779827356338501,0,0.58915364742279052734,1.5
1711786980.9350104332,-1.4515604972839355469,-1,-0.041926071047782897949,0,0.58930867910385131836,1.5
1711786980.9858396053,-1.4497177600860595703,-1,-0.042966518551111221313,0,0.58895480632781982422,1.5
1711786981.0365560055,-1.4490301609039306641,-1,-0.043474696576595306396,0,0.58847653865814208984,1.5
1711786981.0873985291,-1.4479041099548339844,-1,-0.044327553361654281616,0,0.58773916959762573242,1.5
1711786981.1382615566,-1.4474020004272460938,-1,-0.044743422418832778931,0,0.58711892366409301758,1.5
1711786981.1891181469,-1.4464555978775024414,-1,-0.045267853885889053345,0,0.5861842036247253418,1.5
1711786981.2399711609,-1.4463179111480712891,-1,-0.045509073883295059204,0,0.585605621337890625,1.5
1711786981.2907977104,-1.4457163810729980469,-1,-0.045255709439516067505,0,0.58511179685592651367,1.5
1711786981.3415837288,-1.4454859495162963867,-1,-0.045061171054840087891,0,0.58496445417404174805,1.5
1711786981.3924078941,-1.4449609518051147461,-1,-0.044883068650960922241,0,0.58473539352416992188,1.5
1711786981.4432053566,-1.4445191621780395508,-1,-0.044531576335430145264,0,0.58445817232131958008,1.5
1711786981.4940052032,-1.4444001913070678711,-1,-0.044365543872117996216,0,0.58430314064025878906,1.5
1711786981.544905901,-1.4439616203308105469,-1,-0.043863832950592041016,0,0.58441960811614990234,1.5
1711786981.595733881,-1.4439933300018310547,-1,-0.04352493584156036377,0,0.58437931537628173828,1.5
1711786981.6466290951,-1.4438873529434204102,-1,-0.042614337056875228882,0,0.58487045764923095703,1.5
1711786981.69749403,-1.4439982175827026367,-1,-0.042223952710628509521,0,0.58500850200653076172,1.5
1711786981.7483232021,-1.4444364309310913086,-1,-0.040774110704660415649,0,0.58568251132965087891,1.5
1711786981.7993617058,-1.4448153972625732422,-1,-0.03986720740795135498,0,0.58603197336196899414,1.5
1711786981.8502275944,-1.4458920955657958984,-1,-0.037970885634422302246,0,0.58678346872329711914,1.5
1711786981.9010810852,-1.4464304447174072266,-1,-0.036740191280841827393,0,0.58733499050140380859,1.5
1711786981.9519689083,-1.4472510814666748047,-1,-0.034501515328884124756,0,0.5883362889289855957,1.5
1711786982.0028209686,-1.4480587244033813477,-1,-0.03318796306848526001,0,0.58866429328918457031,1.5
1711786982.0536797047,-1.4490988254547119141,-1,-0.030804052948951721191,0,0.5895557403564453125,1.5
1711786982.1045362949,-1.449469447135925293,-1,-0.029532385990023612976,0,0.59027040004730224609,1.5
1711786982.1553666592,-1.4495713710784912109,-1,-0.026869054883718490601,0,0.59243941307067871094,1.5
1711786982.2064011097,-1.4488974809646606445,-1,-0.025649948045611381531,0,0.59477144479751586914,1.5
1711786982.2572307587,-1.4482587575912475586,-1,-0.02418987080454826355,0,0.59940946102142333984,1.5
1711786982.307975769,-1.4478130340576171875,-1,-0.023314783349633216858,0,0.60231238603591918945,1.5
1711786982.3586685658,-1.4459323883056640625,-1,-0.021347483620047569275,0,0.60789453983306884766,1.5
1711786982.409330368,-1.4448642730712890625,-1,-0.020421935245394706726,0,0.61037141084671020508,1.5
1711786982.4600856304,-1.4425141811370849609,-1,-0.018888620659708976746,0,0.61478340625762939453,1.5
1711786982.5107741356,-1.4400720596313476562,-1,-0.017579484730958938599,0,0.61828559637069702148,1.5
1711786982.5615315437,-1.439154505729675293,-1,-0.017352020367980003357,0,0.61919325590133666992,1.5
1711786982.6123423576,-1.4367721080780029297,-1,-0.016310315579175949097,0,0.62125539779663085938,1.5
1711786982.6631896496,-1.4353924989700317383,-1,-0.016035370528697967529,0,0.62205106019973754883,1.5
1711786982.714063406,-1.432628631591796875,-1,-0.015539289452135562897,0,0.62365800142288208008,1.5
1711786982.7649130821,-1.4313957691192626953,-1,-0.015241098590195178986,0,0.6242039799690246582,1.5
1711786982.8157584667,-1.4293242692947387695,-1,-0.015557322651147842407,0,0.62421417236328125,1.5
1711786982.8665671349,-1.4287178516387939453,-1,-0.015739122405648231506,0,0.62397092580795288086,1.5
1711786982.9174511433,-1.426907658576965332,-1,-0.016271444037556648254,0,0.62308943271636962891,1.5
1711786982.9682531357,-1.4261552095413208008,-1,-0.016771182417869567871,0,0.62234514951705932617,1.5
1711786983.0190460682,-1.4246394634246826172,-1,-0.017373504117131233215,0,0.62109214067459106445,1.5
1711786983.0699265003,-1.4240525960922241211,-1,-0.017542375251650810242,0,0.62050586938858032227,1.5
1711786983.120828867,-1.4232522249221801758,-1,-0.017543448135256767273,0,0.61890882253646850586,1.5
1711786983.1716208458,-1.4230220317840576172,-1,-0.017655812203884124756,0,0.61827397346496582031,1.5
1711786983.2224576473,-1.4224314689636230469,-1,-0.01760663837194442749,0,0.61646199226379394531,1.5
