1711786215.7773358822,-0.92058038711547851562,-1,-0.030305307358503341675,0,0.62717449665069580078,1.5
1711786215.8278002739,-0.91919124126434326172,-1,-0.030976455658674240112,0,0.62726205587387084961,1.5
1711786215.8782954216,-0.91688609123229980469,-1,-0.032360892742872238159,0,0.62710535526275634766,1.5
1711786215.9287984371,-0.91572767496109008789,-1,-0.03286484256386756897,0,0.62801134586334228516,1.5
1711786215.9793140888,-0.91362774372100830078,-1,-0.033774476498365402222,0,0.64209777116775512695,1.5
1711786216.0298466682,-0.91278070211410522461,-1,-0.03430210798978805542,0,0.65578675270080566406,1.5
1711786216.0803158283,-0.91170960664749145508,-1,-0.035185184329748153687,0,0.68625742197036743164,1.5
1711786216.1307945251,-0.91111963987350463867,-1,-0.035929322242736816406,0,0.71567678451538085938,1.5
1711786216.1813280582,-0.91073757410049438477,-1,-0.036724381148815155029,0,0.75765788555145263672,1.5
1711786216.2318339348,-0.91010457277297973633,-1,-0.037861723452806472778,0,0.81233668327331542969,1.5
1711786216.2823290825,-0.90994065999984741211,-1,-0.038314238190650939941,0,0.84033918380737304688,1.5
1711786216.332836628,-0.90974527597427368164,-1,-0.038895584642887115479,0,0.88884359598159790039,1.5
1711786216.3833377361,-0.90938037633895874023,-1,-0.039367508143186569214,0,0.92699331045150756836,1.5
1711786216.4338104725,-0.90902042388916015625,-1,-0.039728071540594100952,0,0.97327947616577148438,1.5
1711786216.4842143059,-0.90891313552856445312,-1,-0.039874576032161712646,0,1.0015045404434204102,1.5
1711786216.5346593857,-0.90851038694381713867,-1,-0.039732147008180618286,0,1.0536756515502929688,1.5
1711786216.5851373672,-0.90828233957290649414,-1,-0.039769615978002548218,0,1.0701225996017456055,1.5
1711786216.6356501579,-0.90697574615478515625,-1,-0.040089480578899383545,0,1.1161508560180664062,1.5
1711786216.6861212254,-0.90626668930053710938,-1,-0.04035749286413192749,0,1.137766718864440918,1.5
1711786216.7368078232,-0.90464103221893310547,-1,-0.041157051920890808105,0,1.1764082908630371094,1.5
1711786216.7873177528,-0.90374070405960083008,-1,-0.041705381125211715698,0,1.1948724985122680664,1.5
1711786216.8379547596,-0.90155714750289916992,-1,-0.043398577719926834106,0,1.2268110513687133789,1.5
1711786216.8885653019,-0.90034496784210205078,-1,-0.0443441048264503479,0,1.2408139705657958984,1.5
1711786216.9391665459,-0.89824765920639038086,-1,-0.045911774039268493652,0,1.2620303630828857422,1.5
1711786216.9898042679,-0.89719414710998535156,-1,-0.046558521687984466553,0,1.2734673023223876953,1.5
1711786217.0405070782,-0.89525073766708374023,-1,-0.047171775251626968384,0,1.2926700115203857422,1.5
1711786217.0911669731,-0.89431357383728027344,-1,-0.047557994723320007324,0,1.301616668701171875,1.5
1711786217.1418745518,-0.89307099580764770508,-1,-0.047913361340761184692,0,1.3150457143783569336,1.5
1711786217.1925683022,-0.8925240635871887207,-1,-0.047926712781190872192,0,1.3208796977996826172,1.5
1711786217.243237257,-0.89170658588409423828,-1,-0.047725956887006759644,0,1.3291456699371337891,1.5
1711786217.2939109802,-0.89130324125289916992,-1,-0.04757378995418548584,0,1.3331416845321655273,1.5
1711786217.3445990086,-0.89086729288101196289,-1,-0.047086853533983230591,0,1.33905029296875,1.5
1711786217.3952946663,-0.89080733060836791992,-1,-0.046877253800630569458,0,1.3418726921081542969,1.5
1711786217.4459633827,-0.89123696088790893555,-1,-0.046724770218133926392,0,1.3455001115798950195,1.5
1711786217.4966247082,-0.89146208763122558594,-1,-0.046490974724292755127,0,1.3467563390731811523,1.5
1711786217.5472998619,-0.89207345247268676758,-1,-0.046026166528463363647,0,1.3484807014465332031,1.5
1711786217.5979607105,-0.89268708229064941406,-1,-0.045556031167507171631,0,1.3498270511627197266,1.5
1711786217.6486222744,-0.89429622888565063477,-1,-0.045111760497093200684,0,1.3515572547912597656,1.5
1711786217.6992809772,-0.89523196220397949219,-1,-0.044901810586452484131,0,1.3528602123260498047,1.5
1711786217.7499544621,-0.89729154109954833984,-1,-0.044297914952039718628,0,1.3545336723327636719,1.5
1711786217.8005681038,-0.89851540327072143555,-1,-0.043894052505493164062,0,1.3556228876113891602,1.5
1711786217.8512372971,-0.90054917335510253906,-1,-0.043087027966976165771,0,1.357443690299987793,1.5
1711786217.9017820358,-0.90330356359481811523,-1,-0.042139422148466110229,0,1.3595607280731201172,1.5
1711786217.9523084164,-0.90481543540954589844,-1,-0.041784357279539108276,0,1.3606492280960083008,1.5
1711786218.0028450489,-0.90642029047012329102,-1,-0.041634347289800643921,0,1.3623235225677490234,1.5
1711786218.053347826,-0.90952885150909423828,-1,-0.041160639375448226929,0,1.3657770156860351562,1.5
1711786218.1038658619,-0.91117334365844726562,-1,-0.040926001965999603271,0,1.367972254753112793,1.5
1711786218.1545171738,-0.91429281234741210938,-1,-0.040375504642724990845,0,1.372547149658203125,1.5
1711786218.2051193714,-0.91554933786392211914,-1,-0.039997089654207229614,0,1.3749223947525024414,1.5
1711786218.2556931973,-0.91772186756134033203,-1,-0.039280995726585388184,0,1.3791184425354003906,1.5
1711786218.3064653873,-0.92004108428955078125,-1,-0.038298416882753372192,0,1.3841512203216552734,1.5
1711786218.3570258617,-0.921520233154296875,-1,-0.037710953503847122192,0,1.3876006603240966797,1.5
1711786218.4076037407,-0.92218518257141113281,-1,-0.03712159767746925354,0,1.3900024890899658203,1.5
1711786218.458206892,-0.92290776968002319336,-1,-0.036679208278656005859,0,1.3925540447235107422,1.5
1711786218.5088746548,-0.92407834529876708984,-1,-0.035532142966985702515,0,1.3968107700347900391,1.5
1711786218.5593965054,-0.92402470111846923828,-1,-0.034941144287586212158,0,1.3986246585845947266,1.5
1711786218.6099390984,-0.92377364635467529297,-1,-0.033835992217063903809,0,1.4022030830383300781,1.5
1711786218.6605594158,-0.92303866147994995117,-1,-0.032668177038431167603,0,1.4050076007843017578,1.5
1711786218.7111365795,-0.92245161533355712891,-1,-0.031897295266389846802,0,1.406762242317199707,1.5
1711786218.7617974281,-0.92145067453384399414,-1,-0.031219707801938056946,0,1.4080535173416137695,1.5
1711786218.8124272823,-0.91912549734115600586,-1,-0.029884289950132369995,0,1.4108710289001464844,1.5
1711786218.8630609512,-0.91753995418548583984,-1,-0.028978675603866577148,0,1.4121011495590209961,1.5
1711786218.9136989117,-0.91458755731582641602,-1,-0.027029132470488548279,0,1.4148255586624145508,1.5
1711786218.9652986526,-0.91366094350814819336,-1,-0.026416074484586715698,0,1.4156982898712158203,1.5
1711786219.0160272121,-0.9109598994255065918,-1,-0.024798950180411338806,0,1.418155670166015625,1.5
1711786219.0667023659,-0.90949207544326782227,-1,-0.024028126150369644165,0,1.4191135168075561523,1.5
1711786219.1173906326,-0.90743792057037353516,-1,-0.022902876138687133789,0,1.4209229946136474609,1.5
1711786219.1682183743,-0.90743792057037353516,-1,-0.022902876138687133789,0,1.4209229946136474609,1.5
1711786219.219530344,-0.90394306182861328125,-1,-0.021225225180387496948,0,1.4243140220642089844,1.5
1711786219.2702598572,-0.90269094705581665039,-1,-0.02080060914158821106,0,1.4256193637847900391,1.5
1711786219.3209376335,-0.90269094705581665039,-1,-0.02080060914158821106,0,1.4256193637847900391,1.5
1711786219.3716666698,-0.89853501319885253906,-1,-0.019190773367881774902,0,1.4297462701797485352,1.5
1711786219.4223582745,-0.89658033847808837891,-1,-0.018349383026361465454,0,1.4311531782150268555,1.5
1711786219.4731199741,-0.89339101314544677734,-1,-0.017571508884429931641,0,1.4327545166015625,1.5
1711786219.5237596035,-0.89215171337127685547,-1,-0.017317993566393852234,0,1.4334162473678588867,1.5
1711786219.5744595528,-0.8893420100212097168,-1,-0.016442397609353065491,0,1.4353426694869995117,1.5
1711786219.6250357628,-0.8893420100212097168,-1,-0.016442397609353065491,0,1.4353426694869995117,1.5
1711786219.6756680012,-0.88617843389511108398,-1,-0.015708830207586288452,0,1.4371057748794555664,1.5
1711786219.726295948,-0.88536471128463745117,-1,-0.015677895396947860718,0,1.4376223087310791016,1.5
1711786219.7769634724,-0.88481378555297851562,-1,-0.015381245873868465424,0,1.4382226467132568359,1.5
1711786219.8276236057,-0.88390135765075683594,-1,-0.015028403140604496002,0,1.4400788545608520508,1.5
1711786219.8782730103,-0.88362276554107666016,-1,-0.014962684363126754761,0,1.4406516551971435547,1.5
1711786219.9288408756,-0.88391035795211791992,-1,-0.014464505016803741455,0,1.4417935609817504883,1.5
1711786219.979370594,-0.88391035795211791992,-1,-0.014464505016803741455,0,1.4417935609817504883,1.5
1711786220.0299975872,-0.88484174013137817383,-1,-0.013692857697606086731,0,1.4431164264678955078,1.5
1711786220.080499649,-0.88573151826858520508,-1,-0.013100518845021724701,0,1.4439815282821655273,1.5
1711786220.1310300827,-0.88632744550704956055,-1,-0.012622119858860969543,0,1.4446755647659301758,1.5
1711786220.1816983223,-0.88816511631011962891,-1,-0.01229749433696269989,0,1.446150660514831543,1.5
1711786220.2323679924,-0.88896942138671875,-1,-0.012202636338770389557,0,1.4467563629150390625,1.5
1711786220.2832014561,-0.8898480534553527832,-1,-0.012095900252461433411,0,1.44718170166015625,1.5
1711786220.3338377476,-0.89289033412933349609,-1,-0.012400573119521141052,0,1.4476099014282226562,1.5
1711786220.3845276833,-0.8940054774284362793,-1,-0.01257419586181640625,0,1.4477772712707519531,1.5
1711786220.4352138042,-0.89478886127471923828,-1,-0.012656535021960735321,0,1.4480184316635131836,1.5
1711786220.4858920574,-0.89478886127471923828,-1,-0.012656535021960735321,0,1.4480184316635131836,1.5
1711786220.5366699696,-0.90049916505813598633,-1,-0.013689282350242137909,0,1.4490258693695068359,1.5
1711786220.5873081684,-0.90149194002151489258,-1,-0.014006166718900203705,0,1.4491672515869140625,1.5
1711786220.637966156,-0.90462225675582885742,-1,-0.015291696414351463318,0,1.4492095708847045898,1.5
1711786220.6886584759,-0.90627801418304443359,-1,-0.016067352145910263062,0,1.4489978551864624023,1.5
1711786220.7392933369,-0.90967881679534912109,-1,-0.017834773287177085876,0,1.448441624641418457,1.5
1711786220.7899200916,-0.91119837760925292969,-1,-0.018595540896058082581,0,1.4480612277984619141,1.5
1711786220.8405704498,-0.91364371776580810547,-1,-0.019902314990758895874,0,1.4471062421798706055,1.5
1711786220.8911948204,-0.91509932279586791992,-1,-0.021444890648126602173,0,1.4463888406753540039,1.5
1711786220.9418354034,-0.91567647457122802734,-1,-0.022331818938255310059,0,1.4459817409515380859,1.5
1711786220.9925308228,-0.91646599769592285156,-1,-0.023866452276706695557,0,1.4453153610229492188,1.5
1711786221.0431778431,-0.91674792766571044922,-1,-0.024711159989237785339,0,1.4448951482772827148,1.5
1711786221.0938329697,-0.91724735498428344727,-1,-0.026499642059206962585,0,1.4442310333251953125,1.5
1711786221.1445457935,-0.91731065511703491211,-1,-0.02700402773916721344,0,1.4441125392913818359,1.5
1711786221.1951436996,-0.91770309209823608398,-1,-0.028845045715570449829,0,1.4438616037368774414,1.5
1711786221.2457675934,-0.91791456937789916992,-1,-0.029720261693000793457,0,1.4438240528106689453,1.5
1711786221.2965316772,-0.91841548681259155273,-1,-0.031744051724672317505,0,1.4438009262084960938,1.5
1711786221.3471112251,-0.9187209010124206543,-1,-0.032709840685129165649,0,1.4438674449920654297,1.5
1711786221.3976874352,-0.91893398761749267578,-1,-0.034534499049186706543,0,1.4442577362060546875,1.5
1711786221.4482674599,-0.91884493827819824219,-1,-0.035678792744874954224,0,1.4445233345031738281,1.5
1711786221.4988358021,-0.9190858006477355957,-1,-0.037390265613794326782,0,1.444929957389831543,1.5
1711786221.5493898392,-0.91916495561599731445,-1,-0.038380980491638183594,0,1.4450404644012451172,1.5
1711786221.5999269485,-0.9197864532470703125,-1,-0.040538821369409561157,0,1.4450130462646484375,1.5
1711786221.6505627632,-0.92011076211929321289,-1,-0.041703898459672927856,0,1.4448907375335693359,1.5
1711786221.7010819912,-0.92051982879638671875,-1,-0.044170256704092025757,0,1.4445117712020874023,1.5
1711786221.7515633106,-0.9209461212158203125,-1,-0.045427620410919189453,0,1.4443614482879638672,1.5
1711786221.8020415306,-0.92166566848754882812,-1,-0.047758694738149642944,0,1.4442371129989624023,1.5
1711786221.8525364399,-0.92211079597473144531,-1,-0.049119148403406143188,0,1.4440213441848754883,1.5
1711786221.9031188488,-0.92316836118698120117,-1,-0.051821094006299972534,0,1.4435598850250244141,1.5
1711786221.9536406994,-0.92386060953140258789,-1,-0.053203657269477844238,0,1.443318486213684082,1.5
1711786222.0063354969,-0.92477440834045410156,-1,-0.056263297796249389648,0,1.4430289268493652344,1.5
1711786222.0571107864,-0.92511022090911865234,-1,-0.057216059416532516479,0,1.4429758787155151367,1.5
1711786222.1078169346,-0.92606431245803833008,-1,-0.060042545199394226074,0,1.4426251649856567383,1.5
1711786222.1585552692,-0.9265702366828918457,-1,-0.061359535902738571167,0,1.4423444271087646484,1.5
1711786222.2092931271,-0.9277274012565612793,-1,-0.063925482332706451416,0,1.4415160417556762695,1.5
1711786222.2600524426,-0.9284083247184753418,-1,-0.065079607069492340088,0,1.4409801959991455078,1.5
1711786222.310778141,-0.92962753772735595703,-1,-0.067270226776599884033,0,1.4399280548095703125,1.5
1711786222.361461401,-0.93085426092147827148,-1,-0.068965509533882141113,0,1.4389035701751708984,1.5
1711786222.4121074677,-0.93154305219650268555,-1,-0.070041269063949584961,0,1.4382609128952026367,1.5
1711786222.4627687931,-0.93347501754760742188,-1,-0.071751378476619720459,0,1.4370080232620239258,1.5
1711786222.513409853,-0.93407326936721801758,-1,-0.072187289595603942871,0,1.4367009401321411133,1.5
1711786222.5640785694,-0.93596982955932617188,-1,-0.073359929025173187256,0,1.4357750415802001953,1.5
1711786222.6146383286,-0.93698304891586303711,-1,-0.073846153914928436279,0,1.4355001449584960938,1.5
1711786222.665119648,-0.93929553031921386719,-1,-0.074837416410446166992,0,1.4352772235870361328,1.5
1711786222.715624094,-0.94000327587127685547,-1,-0.075154520571231842041,0,1.4353003501892089844,1.5
1711786222.7661943436,-0.94234335422515869141,-1,-0.07578738778829574585,0,1.4354190826416015625,1.5
1711786222.8168461323,-0.94369220733642578125,-1,-0.075970634818077087402,0,1.4355882406234741211,1.5
1711786222.867497921,-0.94662696123123168945,-1,-0.076084055006504058838,0,1.4363478422164916992,1.5
1711786222.9181745052,-0.94829225540161132812,-1,-0.075985386967658996582,0,1.4366766214370727539,1.5
1711786222.9690635204,-0.95115309953689575195,-1,-0.075517095625400543213,0,1.4370504617691040039,1.5
1711786223.0197033882,-0.95274448394775390625,-1,-0.075201138854026794434,0,1.4371379613876342773,1.5
1711786223.0703370571,-0.95571422576904296875,-1,-0.074475161731243133545,0,1.4370312690734863281,1.5
1711786223.1210253239,-0.95701211690902709961,-1,-0.074102424085140228271,0,1.4369269609451293945,1.5
1711786223.171615839,-0.95928877592086791992,-1,-0.073508314788341522217,0,1.4369705915451049805,1.5
1711786223.222304821,-0.96019041538238525391,-1,-0.073029778897762298584,0,1.4371423721313476562,1.5
1711786223.2730009556,-0.96132665872573852539,-1,-0.072041839361190795898,0,1.437420964241027832,1.5
1711786223.3236861229,-0.96155768632888793945,-1,-0.071719862520694732666,0,1.4375710487365722656,1.5
1711786223.374404192,-0.96152770519256591797,-1,-0.07084038853645324707,0,1.4383634328842163086,1.5
1711786223.4250955582,-0.9609521031379699707,-1,-0.069862008094787597656,0,1.4395971298217773438,1.5
1711786223.4757297039,-0.96031242609024047852,-1,-0.069117076694965362549,0,1.4402654170989990234,1.5
1711786223.5263772011,-0.95899027585983276367,-1,-0.067581787705421447754,0,1.4417192935943603516,1.5
1711786223.5770466328,-0.95830112695693969727,-1,-0.066478431224822998047,0,1.4426518678665161133,1.5
1711786223.6276919842,-0.95690238475799560547,-1,-0.064365856349468231201,0,1.4442346096038818359,1.5
1711786223.6783282757,-0.95616555213928222656,-1,-0.063285641372203826904,0,1.4451301097869873047,1.5
1711786223.7290065289,-0.95440042018890380859,-1,-0.06121783331036567688,0,1.4466909170150756836,1.5
1711786223.7796318531,-0.95339852571487426758,-1,-0.060176685452461242676,0,1.4474595785140991211,1.5
1711786223.8302307129,-0.95159387588500976562,-1,-0.058493901044130325317,0,1.4485735893249511719,1.5
1711786223.8809585571,-0.949951171875,-1,-0.057198669761419296265,0,1.4493658542633056641,1.5
1711786223.9316687584,-0.94728630781173706055,-1,-0.055951174348592758179,0,1.4503321647644042969,1.5
1711786223.982360363,-0.9458573460578918457,-1,-0.055330224335193634033,0,1.4506844282150268555,1.5
1711786224.0330657959,-0.94271874427795410156,-1,-0.053488273173570632935,0,1.4509804248809814453,1.5
1711786224.083719492,-0.94153082370758056641,-1,-0.052927277982234954834,0,1.4511483907699584961,1.5
1711786224.1344921589,-0.93782716989517211914,-1,-0.051258109509944915771,0,1.451405644416809082,1.5
1711786224.1851649284,-0.93536329269409179688,-1,-0.050198081880807876587,0,1.4516501426696777344,1.5
1711786224.2358930111,-0.93215602636337280273,-1,-0.048900697380304336548,0,1.4520264863967895508,1.5
1711786224.2866158485,-0.93016380071640014648,-1,-0.048196103423833847046,0,1.4521794319152832031,1.5
1711786224.3372969627,-0.92628884315490722656,-1,-0.047178409993648529053,0,1.4520628452301025391,1.5
1711786224.3879611492,-0.92425358295440673828,-1,-0.046815909445285797119,0,1.4519406557083129883,1.5
1711786224.4386234283,-0.9210211634635925293,-1,-0.046423804014921188354,0,1.4515473842620849609,1.5
1711786224.4892849922,-0.9172528386116027832,-1,-0.046167809516191482544,0,1.451170802116394043,1.5
1711786224.5398981571,-0.91535359621047973633,-1,-0.045942146331071853638,0,1.4513605833053588867,1.5
1711786224.5905046463,-0.91342329978942871094,-1,-0.045775916427373886108,0,1.4516757726669311523,1.5
1711786224.64113307,-0.91014307737350463867,-1,-0.045518837869167327881,0,1.4521942138671875,1.5
1711786224.6917748451,-0.90766382217407226562,-1,-0.045507989823818206787,0,1.4526643753051757812,1.5
1711786224.7424435616,-0.90616065263748168945,-1,-0.045543421059846878052,0,1.4528429508209228516,1.5
1711786224.793084383,-0.90351259708404541016,-1,-0.045840874314308166504,0,1.452747344970703125,1.5
1711786224.8437292576,-0.90217047929763793945,-1,-0.045994650572538375854,0,1.4526885747909545898,1.5
1711786224.8944177628,-0.89995652437210083008,-1,-0.04671435430645942688,0,1.4526867866516113281,1.5
1711786224.9451463223,-0.89895915985107421875,-1,-0.046914517879486083984,0,1.45287322998046875,1.5
1711786224.9958004951,-0.89747220277786254883,-1,-0.047221451997756958008,0,1.4530196189880371094,1.5
1711786225.0465042591,-0.89682912826538085938,-1,-0.047437112778425216675,0,1.4529653787612915039,1.5
1711786225.0972220898,-0.89540845155715942383,-1,-0.048031900078058242798,0,1.4529998302459716797,1.5
1711786225.1478915215,-0.89499509334564208984,-1,-0.048194091767072677612,0,1.4529097080230712891,1.5
1711786225.1986377239,-0.89495182037353515625,-1,-0.048550933599472045898,0,1.4525203704833984375,1.5
1711786225.2493412495,-0.89550673961639404297,-1,-0.048539135605096817017,0,1.4521523714065551758,1.5
1711786225.3001585007,-0.89651113748550415039,-1,-0.048193674534559249878,0,1.4515005350112915039,1.5
1711786225.3508176804,-0.89740651845932006836,-1,-0.047934897243976593018,0,1.4510384798049926758,1.5
1711786225.4014949799,-0.89992302656173706055,-1,-0.047340556979179382324,0,1.4502710103988647461,1.5
1711786225.4521577358,-0.90133339166641235352,-1,-0.047117989510297775269,0,1.4499739408493041992,1.5
1711786225.5027735233,-0.90494340658187866211,-1,-0.04615836217999458313,0,1.4494941234588623047,1.5
1711786225.5534181595,-0.90630781650543212891,-1,-0.045635528862476348877,0,1.4493674039840698242,1.5
1711786225.6041042805,-0.91050350666046142578,-1,-0.043781071901321411133,0,1.4487822055816650391,1.5
1711786225.6547515392,-0.91266769170761108398,-1,-0.04266972467303276062,0,1.4484423398971557617,1.5
1711786225.7054028511,-0.91718924045562744141,-1,-0.040628280490636825562,0,1.4479334354400634766,1.5
1711786225.7560350895,-0.91915953159332275391,-1,-0.039722662419080734253,0,1.4477057456970214844,1.5
1711786225.8067035675,-0.92242342233657836914,-1,-0.038042820990085601807,0,1.4473809003829956055,1.5
1711786225.8573474884,-0.92432892322540283203,-1,-0.036976680159568786621,0,1.447331547737121582,1.5
1711786225.90787673,-0.92787975072860717773,-1,-0.035164441913366317749,0,1.4475406408309936523,1.5
1711786225.958388567,-0.92957383394241333008,-1,-0.034493979066610336304,0,1.44780731201171875,1.5
1711786226.008980751,-0.93265396356582641602,-1,-0.033005978912115097046,0,1.4485087394714355469,1.5
1711786226.0595088005,-0.93498331308364868164,-1,-0.031738068908452987671,0,1.4491428136825561523,1.5
1711786226.1101784706,-0.93583536148071289062,-1,-0.03124161064624786377,0,1.4493471384048461914,1.5
1711786226.1609458923,-0.93701452016830444336,-1,-0.030518943443894386292,0,1.4494861364364624023,1.5
1711786226.2116019726,-0.93751770257949829102,-1,-0.030005050823092460632,0,1.449581146240234375,1.5
1711786226.262295723,-0.93821412324905395508,-1,-0.029034823179244995117,0,1.4497029781341552734,1.5
1711786226.31300807,-0.93854522705078125,-1,-0.028806138783693313599,0,1.449830174446105957,1.5
1711786226.3636965752,-0.93869841098785400391,-1,-0.028505623340606689453,0,1.4500862360000610352,1.5
1711786226.414883852,-0.93855750560760498047,-1,-0.028413606807589530945,0,1.4502693414688110352,1.5
1711786226.4655349255,-0.93711310625076293945,-1,-0.028134850785136222839,0,1.4509650468826293945,1.5
1711786226.5162103176,-0.93666368722915649414,-1,-0.028130071237683296204,0,1.4511052370071411133,1.5
1711786226.5668325424,-0.93506294488906860352,-1,-0.027717558667063713074,0,1.4514977931976318359,1.5
1711786226.6173329353,-0.93390113115310668945,-1,-0.027715615928173065186,0,1.4516593217849731445,1.5
1711786226.6678152084,-0.9309844970703125,-1,-0.028606053441762924194,0,1.4519981145858764648,1.5
1711786226.7183771133,-0.92996525764465332031,-1,-0.028907258063554763794,0,1.4521263837814331055,1.5
1711786226.7690079212,-0.9270222783088684082,-1,-0.029941666871309280396,0,1.4525941610336303711,1.5
1711786226.8194768429,-0.92551481723785400391,-1,-0.030507316812872886658,0,1.452843785285949707,1.5
1711786226.8702962399,-0.92226099967956542969,-1,-0.032016225159168243408,0,1.4530676603317260742,1.5
1711786226.9212534428,-0.92042893171310424805,-1,-0.03278751671314239502,0,1.4531577825546264648,1.5
1711786226.9721240997,-0.91789281368255615234,-1,-0.034081369638442993164,0,1.4499595165252685547,1.5
1711786227.0231351852,-0.91749519109725952148,-1,-0.034362029284238815308,0,1.4455107450485229492,1.5
1711786227.0739448071,-0.91658961772918701172,-1,-0.034966807812452316284,0,1.4201903343200683594,1.5
1711786227.1248555183,-0.91594612598419189453,-1,-0.035185176879167556763,0,1.4023841619491577148,1.5
1711786227.175673008,-0.91625905036926269531,-1,-0.035553298890590667725,0,1.3590706586837768555,1.5
1711786227.2264881134,-0.91840285062789916992,-1,-0.035857681185007095337,0,1.3165839910507202148,1.5
1711786227.2773673534,-0.92045283317565917969,-1,-0.035873886197805404663,0,1.2887794971466064453,1.5
1711786227.3282043934,-0.92656397819519042969,-1,-0.035846095532178878784,0,1.2309696674346923828,1.5
1711786227.3790605068,-0.9307079315185546875,-1,-0.035670947283506393433,0,1.2015924453735351562,1.5
1711786227.4299161434,-0.94135105609893798828,-1,-0.034859485924243927002,0,1.1408600807189941406,1.5
1711786227.4807369709,-0.94759511947631835938,-1,-0.034398533403873443604,0,1.1111736297607421875,1.5
1711786227.5315396786,-0.95991903543472290039,-1,-0.033436160534620285034,0,1.0611959695816040039,1.5
1711786227.5821905136,-0.96784609556198120117,-1,-0.03264876827597618103,0,1.0331441164016723633,1.5
1711786227.6328420639,-0.98543632030487060547,-1,-0.031104054301977157593,0,0.97838830947875976562,1.5
1711786227.6835148335,-0.99479120969772338867,-1,-0.03022240661084651947,0,0.95272755622863769531,1.5
1711786227.7342877388,-1.0143805742263793945,-1,-0.02801093272864818573,0,0.90538769960403442383,1.5
1711786227.7849652767,-1.0244009494781494141,-1,-0.026785871013998985291,0,0.88364523649215698242,1.5
1711786227.8356089592,-1.0421062707901000977,-1,-0.024737806990742683411,0,0.84875321388244628906,1.5
1711786227.8862776756,-1.055688023567199707,-1,-0.022922482341527938843,0,0.82447785139083862305,1.5
1711786227.9374847412,-1.0734103918075561523,-1,-0.020645501092076301575,0,0.79630982875823974609,1.5
1711786227.9881410599,-1.0843334197998046875,-1,-0.019318198785185813904,0,0.78051394224166870117,1.5
1711786228.0388259888,-1.1051023006439208984,-1,-0.016627706587314605713,0,0.75401633977890014648,1.5
1711786228.089673996,-1.1156266927719116211,-1,-0.015132955275475978851,0,0.74170243740081787109,1.5
1711786228.1403987408,-1.1322536468505859375,-1,-0.012849585153162479401,0,0.72413277626037597656,1.5
1711786228.1910452843,-1.1422644853591918945,-1,-0.011509173549711704254,0,0.71463704109191894531,1.5
1711786228.2417628765,-1.1609318256378173828,-1,-0.0088905245065689086914,0,0.6986840367317199707,1.5
1711786228.2924640179,-1.1784632205963134766,-1,-0.0065626958385109901428,0,0.68573677539825439453,1.5
1711786228.3432404995,-1.1838636398315429688,-1,-0.0058230645954608917236,0,0.68205481767654418945,1.5
1711786228.394297123,-1.1990145444869995117,-1,-0.003797650802880525589,0,0.67259007692337036133,1.5
1711786228.4451096058,-1.2061345577239990234,-1,-0.0029643890447914600372,0,0.66853088140487670898,1.5
1711786228.495865345,-1.2187615633010864258,-1,-0.0007934232708066701889,0,0.66234320402145385742,1.5
1711786228.5465590954,-1.2248977422714233398,-1,0.00020683233742602169514,0,0.6592127680778503418,1.5
1711786228.5973820686,-1.2349121570587158203,-1,0.0019333171658217906952,0,0.65486586093902587891,1.5
1711786228.6480915546,-1.239583134651184082,-1,0.0028297291137278079987,0,0.65295022726058959961,1.5
1711786228.6988005638,-1.247447967529296875,-1,0.0046924231573939323425,0,0.64999687671661376953,1.5
1711786228.7495098114,-1.249566197395324707,-1,0.0053417771123349666595,0,0.6492169499397277832,1.5
1711786228.8001730442,-1.2559932470321655273,-1,0.0078399125486612319946,0,0.6469058990478515625,1.5
1711786228.8508183956,-1.2586958408355712891,-1,0.009328038431704044342,0,0.6462433934211730957,1.5
1711786228.901509285,-1.2627748250961303711,-1,0.011679460294544696808,0,0.64531117677688598633,1.5
1711786228.9523684978,-1.2655893564224243164,-1,0.013472612947225570679,0,0.64462417364120483398,1.5
1711786229.0032021999,-1.2691582441329956055,-1,0.015401191078126430511,0,0.64404314756393432617,1.5
1711786229.0543136597,-1.2712267637252807617,-1,0.016562877222895622253,0,0.64360195398330688477,1.5
1711786229.1051537991,-1.2737184762954711914,-1,0.018433306366205215454,0,0.64414864778518676758,1.5
1711786229.1559529305,-1.2751760482788085938,-1,0.019286079332232475281,0,0.64483112096786499023,1.5
1711786229.2067735195,-1.2777601480484008789,-1,0.020848263055086135864,0,0.64572376012802124023,1.5
1711786229.2576014996,-1.2795939445495605469,-1,0.022008676081895828247,0,0.64556360244750976562,1.5
1711786229.3087449074,-1.2804358005523681641,-1,0.022626087069511413574,0,0.64514100551605224609,1.5
1711786229.3596320152,-1.2812960147857666016,-1,0.023362720385193824768,0,0.64445555210113525391,1.5
1711786229.4104647636,-1.2825950384140014648,-1,0.024551454931497573853,0,0.64360976219177246094,1.5
1711786229.4612560272,-1.2843577861785888672,-1,0.025269584730267524719,0,0.64403647184371948242,1.5
1711786229.5120639801,-1.2849984169006347656,-1,0.025448178872466087341,0,0.64397096633911132812,1.5
1711786229.5628733635,-1.2866901159286499023,-1,0.026269627735018730164,0,0.64254707098007202148,1.5
1711786229.6136331558,-1.2871650457382202148,-1,0.026276402175426483154,0,0.64178353548049926758,1.5
1711786229.6646888256,-1.28876495361328125,-1,0.026041571050882339478,0,0.63892287015914916992,1.5
1711786229.7154424191,-1.2897102832794189453,-1,0.025781275704503059387,0,0.63711327314376831055,1.5
1711786229.7660989761,-1.2914458513259887695,-1,0.025443969294428825378,0,0.63345313072204589844,1.5
1711786229.8169445992,-1.2924337387084960938,-1,0.025236258283257484436,0,0.6314589381217956543,1.5
1711786229.8677403927,-1.294802546501159668,-1,0.024566503241658210754,0,0.62709212303161621094,1.5
1711786229.9185142517,-1.2956665754318237305,-1,0.024366060271859169006,0,0.62536346912384033203,1.5
1711786229.9692425728,-1.2989820241928100586,-1,0.023698527365922927856,0,0.61989587545394897461,1.5
1711786230.019910574,-1.3009580373764038086,-1,0.023282419890165328979,0,0.61695152521133422852,1.5
1711786230.0711653233,-1.3052228689193725586,-1,0.0223664063960313797,0,0.61110925674438476562,1.5
1711786230.1219420433,-1.3074886798858642578,-1,0.021886659786105155945,0,0.60834872722625732422,1.5
1711786230.1727054119,-1.3124467134475708008,-1,0.020855866372585296631,0,0.602832794189453125,1.5
1711786230.2237591743,-1.3167647123336791992,-1,0.019609896466135978699,0,0.59849977493286132812,1.5
1711786230.2747113705,-1.3192306756973266602,-1,0.018929373472929000854,0,0.59626114368438720703,1.5
1711786230.3255448341,-1.3245301246643066406,-1,0.017729621380567550659,0,0.59186774492263793945,1.5
1711786230.3763735294,-1.3270965814590454102,-1,0.017155358567833900452,0,0.58978915214538574219,1.5
1711786230.4271855354,-1.3316133022308349609,-1,0.016199674457311630249,0,0.58654493093490600586,1.5
1711786230.4779989719,-1.3342084884643554688,-1,0.015557162463665008545,0,0.58475798368453979492,1.5
1711786230.5288124084,-1.3396869897842407227,-1,0.014260183088481426239,0,0.58119976520538330078,1.5
1711786230.5795922279,-1.3424129486083984375,-1,0.01346528809517621994,0,0.57957869768142700195,1.5
1711786230.6303472519,-1.3480948209762573242,-1,0.011821759864687919617,0,0.57642960548400878906,1.5
1711786230.6811721325,-1.3508157730102539062,-1,0.011054857634007930756,0,0.57492285966873168945,1.5
1711786230.7320451736,-1.3555715084075927734,-1,0.0097477491945028305054,0,0.57259476184844970703,1.5
1711786230.7829034328,-1.3584237098693847656,-1,0.0090881073847413063049,0,0.57123166322708129883,1.5
1711786230.8337051868,-1.3636312484741210938,-1,0.0077701280824840068817,0,0.56862169504165649414,1.5
1711786230.8846969604,-1.366017460823059082,-1,0.0071023264899849891663,0,0.56741827726364135742,1.5
1711786230.935488224,-1.3696900606155395508,-1,0.0062221791595220565796,0,0.56585770845413208008,1.5
1711786230.9861402512,-1.3717402219772338867,-1,0.0057747494429349899292,0,0.56515586376190185547,1.5
1711786231.0370182991,-1.3758231401443481445,-1,0.0046427357010543346405,0,0.56413501501083374023,1.5
1711786231.0877122879,-1.3775057792663574219,-1,0.0041622342541813850403,0,0.56383782625198364258,1.5
1711786231.1384675503,-1.3804787397384643555,-1,0.0036108244676142930984,0,0.56355470418930053711,1.5
1711786231.1892168522,-1.3821387290954589844,-1,0.0032749208621680736542,0,0.56342554092407226562,1.5
1711786231.2400352955,-1.3847578763961791992,-1,0.0030278835911303758621,0,0.5632159113883972168,1.5
1711786231.2908959389,-1.3867713212966918945,-1,0.0030650312546640634537,0,0.56310284137725830078,1.5
1711786231.3417315483,-1.3879092931747436523,-1,0.0029884264804422855377,0,0.56296837329864501953,1.5
1711786231.3926007748,-1.3893159627914428711,-1,0.0034062108024954795837,0,0.56267237663269042969,1.5
1711786231.4434008598,-1.3899788856506347656,-1,0.0033695395104587078094,0,0.56237798929214477539,1.5
1711786231.4944090843,-1.3912261724472045898,-1,0.0029898276552557945251,0,0.56170386075973510742,1.5
1711786231.545232296,-1.3919262886047363281,-1,0.0025912218261510133743,0,0.56130158901214599609,1.5
1711786231.5960464478,-1.3930832147598266602,-1,0.0019453328568488359451,0,0.56045693159103393555,1.5
1711786231.6467752457,-1.3937436342239379883,-1,0.0015191398561000823975,0,0.56016808748245239258,1.5
1711786231.6975724697,-1.3950728178024291992,-1,0.00034763361327350139618,0,0.55972188711166381836,1.5
1711786231.7483267784,-1.3956187963485717773,-1,-0.00044041778892278671265,0,0.55941909551620483398,1.5
1711786231.7991175652,-1.3960708379745483398,-1,-0.001807905733585357666,0,0.55900895595550537109,1.5
1711786231.8497719765,-1.3962000608444213867,-1,-0.0028102160431444644928,0,0.55872374773025512695,1.5
1711786231.9006252289,-1.3958014249801635742,-1,-0.0051659219898283481598,0,0.5583661198616027832,1.5
1711786231.9514024258,-1.395598292350769043,-1,-0.0066196429543197154999,0,0.5581493377685546875,1.5
1711786232.0021035671,-1.394518733024597168,-1,-0.0096744643524289131165,0,0.55745148658752441406,1.5
1711786232.0529353619,-1.3937965631484985352,-1,-0.011326123960316181183,0,0.55713671445846557617,1.5
1711786232.1037716866,-1.3924421072006225586,-1,-0.013930023647844791412,0,0.55669307708740234375,1.5
1711786232.1545524597,-1.391257166862487793,-1,-0.016151102259755134583,0,0.55630576610565185547,1.5
1711786232.2052268982,-1.3898657560348510742,-1,-0.018745167180895805359,0,0.55566436052322387695,1.5
1711786232.256064415,-1.3889840841293334961,-1,-0.020384758710861206055,0,0.55544763803482055664,1.5
1711786232.3069109917,-1.3869760036468505859,-1,-0.023898141458630561829,0,0.55517107248306274414,1.5
1711786232.3577406406,-1.3859996795654296875,-1,-0.025601644068956375122,0,0.55499601364135742188,1.5
1711786232.4085900784,-1.3840276002883911133,-1,-0.029151145368814468384,0,0.55471384525299072266,1.5
1711786232.4594256878,-1.3818788528442382812,-1,-0.031269427388906478882,0,0.55471849441528320312,1.5
1711786232.5102357864,-1.3808016777038574219,-1,-0.032417032867670059204,0,0.55476111173629760742,1.5
1711786232.5610439777,-1.3797287940979003906,-1,-0.033379863947629928589,0,0.55491089820861816406,1.5
1711786232.6118524075,-1.377353668212890625,-1,-0.034550074487924575806,0,0.55646079778671264648,1.5
1711786232.6626255512,-1.3756334781646728516,-1,-0.035333618521690368652,0,0.55959290266036987305,1.5
1711786232.7133696079,-1.3752534389495849609,-1,-0.035400263965129852295,0,0.56048721075057983398,1.5
1711786232.7641272545,-1.3737201690673828125,-1,-0.035311937332153320312,0,0.56253135204315185547,1.5
1711786232.8148038387,-1.3730210065841674805,-1,-0.035162910819053649902,0,0.56326198577880859375,1.5
1711786232.8654363155,-1.3721492290496826172,-1,-0.034445624798536300659,0,0.56429833173751831055,1.5
1711786232.9162526131,-1.3718998432159423828,-1,-0.033911213278770446777,0,0.56470483541488647461,1.5
1711786232.9670033455,-1.371791839599609375,-1,-0.032802283763885498047,0,0.56513220071792602539,1.5
1711786233.0176997185,-1.3720434904098510742,-1,-0.032016541808843612671,0,0.56503450870513916016,1.5
1711786233.0684165955,-1.3726603984832763672,-1,-0.030308242887258529663,0,0.5647690892219543457,1.5
1711786233.1191368103,-1.3729435205459594727,-1,-0.029807275161147117615,0,0.56458991765975952148,1.5
1711786233.1698145866,-1.3742249011993408203,-1,-0.028262101113796234131,0,0.56384128332138061523,1.5
1711786233.2205553055,-1.3748239278793334961,-1,-0.027491994202136993408,0,0.563503265380859375,1.5
1711786233.2716777325,-1.3760086297988891602,-1,-0.025983044877648353577,0,0.56274664402008056641,1.5
1711786233.3228127956,-1.3765609264373779297,-1,-0.025482844561338424683,0,0.56248354911804199219,1.5
1711786233.3736560345,-1.3780046701431274414,-1,-0.024386307224631309509,0,0.56186091899871826172,1.5
1711786233.4261524677,-1.3793698549270629883,-1,-0.023443771526217460632,0,0.56122386455535888672,1.5
1711786233.4771776199,-1.3799294233322143555,-1,-0.022963911294937133789,0,0.56088721752166748047,1.5
1711786233.5277850628,-1.3808648586273193359,-1,-0.022103577852249145508,0,0.56014448404312133789,1.5
1711786233.5784707069,-1.3813867568969726562,-1,-0.021644344553351402283,0,0.55981600284576416016,1.5
1711786233.6291117668,-1.3819603919982910156,-1,-0.020950766280293464661,0,0.55936092138290405273,1.5
1711786233.679762125,-1.3819098472595214844,-1,-0.020489018410444259644,0,0.55902814865112304688,1.5
1711786233.7304832935,-1.381718754768371582,-1,-0.019460758194327354431,0,0.55835634469985961914,1.5
1711786233.7812669277,-1.3814611434936523438,-1,-0.018896203488111495972,0,0.55801671743392944336,1.5
1711786233.8320999146,-1.381335139274597168,-1,-0.01793721318244934082,0,0.55753028392791748047,1.5
1711786233.8829627037,-1.3809673786163330078,-1,-0.017107814550399780273,0,0.55738884210586547852,1.5
1711786233.9337632656,-1.3806135654449462891,-1,-0.016091838479042053223,0,0.55739802122116088867,1.5
1711786233.985660553,-1.3804875612258911133,-1,-0.015379261225461959839,0,0.55736023187637329102,1.5
1711786234.0364575386,-1.3805778026580810547,-1,-0.014171333052217960358,0,0.55689215660095214844,1.5
1711786234.0872511864,-1.3808141946792602539,-1,-0.013593818992376327515,0,0.5566393733024597168,1.5
1711786234.1381223202,-1.3817468881607055664,-1,-0.01262061484158039093,0,0.55650573968887329102,1.5
1711786234.189851284,-1.3823971748352050781,-1,-0.012005859985947608948,0,0.55660164356231689453,1.5
1711786234.2411334515,-1.3837289810180664062,-1,-0.011103529483079910278,0,0.5567277073860168457,1.5
1711786234.2919836044,-1.3850765228271484375,-1,-0.010180847719311714172,0,0.55703634023666381836,1.5
1711786234.3427782059,-1.3859007358551025391,-1,-0.0094930585473775863647,0,0.55731785297393798828,1.5
1711786234.3936042786,-1.386700749397277832,-1,-0.0089175095781683921814,0,0.55766046047210693359,1.5
1711786234.4444198608,-1.3881982564926147461,-1,-0.0073808468878269195557,0,0.55866974592208862305,1.5
1711786234.4952073097,-1.3899208307266235352,-1,-0.0061783487908542156219,0,0.55939221382141113281,1.5
1711786234.5459911823,-1.3910388946533203125,-1,-0.0054205721244215965271,0,0.5599187016487121582,1.5
1711786234.5968003273,-1.3933835029602050781,-1,-0.0043859439902007579803,0,0.56077009439468383789,1.5
1711786234.6475784779,-1.3946332931518554688,-1,-0.0036365890409797430038,0,0.56116580963134765625,1.5
1711786234.6983547211,-1.3972762823104858398,-1,-0.0020074434578418731689,0,0.56180554628372192383,1.5
1711786234.7492017746,-1.3987505435943603516,-1,-0.001081232680007815361,0,0.56197160482406616211,1.5
1711786234.8000693321,-1.4014912843704223633,-1,0.00024061481235548853874,0,0.56235033273696899414,1.5
1711786234.8508691788,-1.4032872915267944336,-1,0.0011053448542952537537,0,0.56255728006362915039,1.5
1711786234.9017064571,-1.4071915149688720703,-1,0.0029338682070374488831,0,0.5628268122673034668,1.5
1711786234.9525959492,-1.4095277786254882812,-1,0.0037957481108605861664,0,0.56286650896072387695,1.5
1711786235.0035443306,-1.4135575294494628906,-1,0.0054147890768945217133,0,0.5628083348274230957,1.5
1711786235.0544071198,-1.4167523384094238281,-1,0.0068695363588631153107,0,0.56238067150115966797,1.5
1711786235.105266571,-1.4204874038696289062,-1,0.0087344404309988021851,0,0.56159645318984985352,1.5
1711786235.1560356617,-1.422513127326965332,-1,0.0097694303840398788452,0,0.56116265058517456055,1.5
1711786235.2068946362,-1.4266339540481567383,-1,0.011378820054233074188,0,0.56040644645690917969,1.5
1711786235.2577421665,-1.4286530017852783203,-1,0.012062300927937030792,0,0.5600751042366027832,1.5
1711786235.3086285591,-1.4321371316909790039,-1,0.013490349985659122467,0,0.55903786420822143555,1.5
1711786235.3594436646,-1.4331576824188232422,-1,0.013906173408031463623,0,0.55865955352783203125,1.5
1711786235.4103701115,-1.4358544349670410156,-1,0.015549151226878166199,0,0.55752080678939819336,1.5
1711786235.4612202644,-1.4376506805419921875,-1,0.017569020390510559082,0,0.55606472492218017578,1.5
1711786235.5119512081,-1.4383453130722045898,-1,0.018710633739829063416,0,0.55528599023818969727,1.5
1711786235.562656641,-1.4392889738082885742,-1,0.020448146387934684753,0,0.55386328697204589844,1.5
1711786235.6133055687,-1.4397308826446533203,-1,0.021585276350378990173,0,0.5529282689094543457,1.5
1711786235.6638965607,-1.4403998851776123047,-1,0.023797754198312759399,0,0.55084699392318725586,1.5
1711786235.7150943279,-1.4404658079147338867,-1,0.024315370246767997742,0,0.55028802156448364258,1.5
1711786235.7658569813,-1.4402155876159667969,-1,0.026152756065130233765,0,0.54896122217178344727,1.5
1711786235.8165900707,-1.4400548934936523438,-1,0.027416609227657318115,0,0.54832065105438232422,1.5
1711786235.8673577309,-1.4393982887268066406,-1,0.029165474697947502136,0,0.5473816990852355957,1.5
1711786235.9180855751,-1.4389861822128295898,-1,0.030238587409257888794,0,0.54697912931442260742,1.5
1711786235.9693236351,-1.4374780654907226562,-1,0.032156646251678466797,0,0.54668223857879638672,1.5
1711786236.0201385021,-1.4364110231399536133,-1,0.032977294176816940308,0,0.54668796062469482422,1.5
1711786236.070908308,-1.4343317747116088867,-1,0.033988531678915023804,0,0.54669713973999023438,1.5
1711786236.1216552258,-1.4325226545333862305,-1,0.034504685550928115845,0,0.54812449216842651367,1.5
1711786236.1724512577,-1.4292609691619873047,-1,0.035183884203433990479,0,0.55359172821044921875,1.5
1711786236.223154068,-1.4263626337051391602,-1,0.035237461328506469727,0,0.55756008625030517578,1.5
1711786236.2739701271,-1.4245812892913818359,-1,0.03521236032247543335,0,0.55957466363906860352,1.5
1711786236.3249983788,-1.4205452203750610352,-1,0.03515712544322013855,0,0.56263202428817749023,1.5
1711786236.3758437634,-1.4185348749160766602,-1,0.035045266151428222656,0,0.56379163265228271484,1.5
1711786236.4266593456,-1.4148886203765869141,-1,0.034750636667013168335,0,0.56531006097793579102,1.5
1711786236.4774625301,-1.4137326478958129883,-1,0.034612230956554412842,0,0.56569230556488037109,1.5
1711786236.5282857418,-1.4105243682861328125,-1,0.034058041870594024658,0,0.56606996059417724609,1.5
1711786236.5790832043,-1.408974766731262207,-1,0.033783689141273498535,0,0.56612640619277954102,1.5
1711786236.6300895214,-1.4062609672546386719,-1,0.032996706664562225342,0,0.56585651636123657227,1.5
1711786236.6808888912,-1.4051636457443237305,-1,0.032432775944471359253,0,0.56566041707992553711,1.5
1711786236.7316856384,-1.4036273956298828125,-1,0.031313482671976089478,0,0.5652268528938293457,1.5
1711786236.782474041,-1.4026989936828613281,-1,0.030312286689877510071,0,0.56476384401321411133,1.5
1711786236.8332571983,-1.4014627933502197266,-1,0.028937604278326034546,0,0.56424182653427124023,1.5
1711786236.8845732212,-1.4006508588790893555,-1,0.028059514239430427551,0,0.5639616847038269043,1.5
1711786236.9353768826,-1.3990213871002197266,-1,0.025980874896049499512,0,0.56336122751235961914,1.5
1711786236.9861896038,-1.3982565402984619141,-1,0.024912890046834945679,0,0.56312274932861328125,1.5
1711786237.0370874405,-1.3969262838363647461,-1,0.023154109716415405273,0,0.56297266483306884766,1.5
1711786237.0879034996,-1.3959828615188598633,-1,0.022014673799276351929,0,0.56314939260482788086,1.5
1711786237.1387879848,-1.3942017555236816406,-1,0.019558714702725410461,0,0.56348133087158203125,1.5
1711786237.1898360252,-1.3933984041213989258,-1,0.018315799534320831299,0,0.56363356113433837891,1.5
1711786237.2406888008,-1.3919980525970458984,-1,0.015864890068769454956,0,0.56360620260238647461,1.5
1711786237.2915525436,-1.3915030956268310547,-1,0.013861956074833869934,0,0.56317698955535888672,1.5
1711786237.3423182964,-1.3915045261383056641,-1,0.012716058641672134399,0,0.56294727325439453125,1.5
1711786237.3931424618,-1.3910828828811645508,-1,0.01095982082188129425,0,0.56280130147933959961,1.5
1711786237.4440324306,-1.3908716440200805664,-1,0.010338659398257732391,0,0.56291818618774414062,1.5
1711786237.4948811531,-1.3904697895050048828,-1,0.0096731455996632575989,0,0.56301015615463256836,1.5
1711786237.5456268787,-1.3902227878570556641,-1,0.0096048042178153991699,0,0.56298166513442993164,1.5
1711786237.5964021683,-1.3900166749954223633,-1,0.010025031864643096924,0,0.56253534555435180664,1.5
1711786237.6472275257,-1.3897629976272583008,-1,0.010523268021643161774,0,0.56226837635040283203,1.5
1711786237.6980249882,-1.3892828226089477539,-1,0.011611319147050380707,0,0.56204801797866821289,1.5
