1708688772.1400642395,0.037386126816272735596,1,-0.29902708530426025391,0,1.1784051656723022461,1.5
1708688772.1906709671,0.038394253700971603394,1,-0.30109193921089172363,0,1.1655546426773071289,1.5
1708688772.2411732674,0.040169388055801391602,1,-0.30579164624214172363,0,1.139485478401184082,1.5
1708688772.2916271687,0.04178342968225479126,1,-0.30800297856330871582,0,1.1268472671508789062,1.5
1708688772.3420517445,0.047710601240396499634,1,-0.31132373213768005371,0,1.1104608774185180664,1.5
1708688772.3924984932,0.052273895591497421265,1,-0.31310790777206420898,0,1.1043540239334106445,1.5
1708688772.44292593,0.063904747366905212402,1,-0.31568595767021179199,0,1.1016511917114257812,1.5
1708688772.4933712482,0.071287520229816436768,1,-0.31622493267059326172,0,1.1042852401733398438,1.5
1708688772.5437934399,0.091620013117790222168,1,-0.31613481044769287109,0,1.1179944276809692383,1.5
1708688772.5941841602,0.099576838314533233643,1,-0.31565019488334655762,0,1.1242138147354125977,1.5
1708688772.6446053982,0.13194602727890014648,1,-0.31221523880958557129,0,1.1503158807754516602,1.5
1708688772.6950502396,0.14218913018703460693,1,-0.31091958284378051758,0,1.1586499214172363281,1.5
1708688772.7455525398,0.17552712559700012207,1,-0.30532035231590270996,0,1.1852296590805053711,1.5
1708688772.7959711552,0.19287754595279693604,1,-0.30175817012786865234,0,1.1989512443542480469,1.5
1708688772.8464353085,0.23070181906223297119,1,-0.29250982403755187988,0,1.2269623279571533203,1.5
1708688772.896961689,0.25016263127326965332,1,-0.28689277172088623047,0,1.2408524751663208008,1.5
1708688772.9474744797,0.28969353437423706055,1,-0.27478864789009094238,0,1.2669842243194580078,1.5
1708688772.9979763031,0.30312085151672363281,1,-0.27059087157249450684,0,1.2751852273941040039,1.5
1708688773.0484778881,0.34413519501686096191,1,-0.25758665800094604492,0,1.2982246875762939453,1.5
1708688773.0989739895,0.36422279477119445801,1,-0.25088518857955932617,0,1.3088530302047729492,1.5
1708688773.149459362,0.40556576848030090332,1,-0.23699945211410522461,0,1.3282082080841064453,1.5
1708688773.1999359131,0.42549949884414672852,1,-0.23019698262214660645,0,1.3366245031356811523,1.5
1708688773.25041008,0.45940467715263366699,1,-0.21921974420547485352,0,1.349905848503112793,1.5
1708688773.3008611202,0.48601862788200378418,1,-0.21097938716411590576,0,1.3592475652694702148,1.5
1708688773.3513674736,0.51874011754989624023,1,-0.2006765902042388916,0,1.3692896366119384766,1.5
1708688773.401910305,0.55648237466812133789,1,-0.18901975452899932861,0,1.3785952329635620117,1.5
1708688773.4524552822,0.57456403970718383789,1,-0.18371731042861938477,0,1.3822041749954223633,1.5
1708688773.5029709339,0.60975998640060424805,1,-0.17353011667728424072,0,1.3882679939270019531,1.5
1708688773.5535032749,0.62099379301071166992,1,-0.17018043994903564453,0,1.3899488449096679688,1.5
1708688773.6040794849,0.65402722358703613281,1,-0.1609356999397277832,0,1.3939356803894042969,1.5
1708688773.6547210217,0.66893762350082397461,1,-0.1568126976490020752,0,1.3955466747283935547,1.5
1708688773.7052488327,0.69707947969436645508,1,-0.14928199350833892822,0,1.3985573053359985352,1.5
1708688773.7557518482,0.70907515287399291992,1,-0.14618103206157684326,0,1.3997157812118530273,1.5
1708688773.8062860966,0.73340219259262084961,1,-0.13985207676887512207,0,1.4012566804885864258,1.5
1708688773.8568413258,0.74084484577178955078,1,-0.13814595341682434082,0,1.4017243385314941406,1.5
1708688773.9073085785,0.7622115015983581543,1,-0.13358931243419647217,0,1.402996063232421875,1.5
1708688773.9578857422,0.77170717716217041016,1,-0.13196717202663421631,0,1.4033669233322143555,1.5
1708688774.0083107948,0.78937894105911254883,1,-0.12940192222595214844,0,1.4039657115936279297,1.5
1708688774.058773756,0.79777002334594726562,1,-0.12826408445835113525,0,1.4042384624481201172,1.5
1708688774.1092255116,0.81271862983703613281,1,-0.12657777965068817139,0,1.4047553539276123047,1.5
1708688774.1596767902,0.81974327564239501953,1,-0.12603150308132171631,0,1.4051256179809570312,1.5
1708688774.2101364136,0.83047527074813842773,1,-0.12559832632541656494,0,1.4060115814208984375,1.5
1708688774.2606403828,0.83674424886703491211,1,-0.12538996338844299316,0,1.4068053960800170898,1.5
1708688774.3111081123,0.84860658645629882812,1,-0.12577697634696960449,0,1.408408045768737793,1.5
1708688774.3615944386,0.85243082046508789062,1,-0.1261634528636932373,0,1.4089002609252929688,1.5
1708688774.412116766,0.86305338144302368164,1,-0.12765893340110778809,0,1.4105054140090942383,1.5
1708688774.4625813961,0.86813360452651977539,1,-0.12873826920986175537,0,1.4114471673965454102,1.5
1708688774.5129926205,0.87641257047653198242,1,-0.13120530545711517334,0,1.412976384162902832,1.5
1708688774.5634598732,0.88107091188430786133,1,-0.13293975591659545898,0,1.4137525558471679688,1.5
1708688774.6140780449,0.88959747552871704102,1,-0.13670359551906585693,0,1.4149175882339477539,1.5
1708688774.664611578,0.89348775148391723633,1,-0.13860078155994415283,0,1.4153968095779418945,1.5
1708688774.7150294781,0.90060800313949584961,1,-0.14224626123905181885,0,1.4161916971206665039,1.5
1708688774.7654423714,0.9062430262565612793,1,-0.14500698447227478027,0,1.4166300296783447266,1.5
1708688774.8159258366,0.91295528411865234375,1,-0.14806737005710601807,0,1.4171342849731445312,1.5
1708688774.8664119244,0.91675227880477905273,1,-0.14968638122081756592,0,1.4174437522888183594,1.5
1708688774.9169187546,0.92477494478225708008,1,-0.15247771143913269043,0,1.4185466766357421875,1.5
1708688774.9674842358,0.92857789993286132812,1,-0.15361271798610687256,0,1.4191493988037109375,1.5
1708688775.0180370808,0.93641191720962524414,1,-0.15558581054210662842,0,1.4202122688293457031,1.5
1708688775.0686130524,0.93901485204696655273,1,-0.15616843104362487793,0,1.4206354618072509766,1.5
1708688775.1191563606,0.9468529820442199707,1,-0.15705589950084686279,0,1.4217752218246459961,1.5
1708688775.1696879864,0.95419615507125854492,1,-0.15742664039134979248,0,1.4225568771362304688,1.5
1708688775.2202150822,0.95795869827270507812,1,-0.15735086798667907715,0,1.4228746891021728516,1.5
1708688775.2707622051,0.96543800830841064453,1,-0.15673157572746276855,0,1.4230779409408569336,1.5
1708688775.3213098049,0.9693438410758972168,1,-0.15622188150882720947,0,1.4232422113418579102,1.5
1708688775.37185359,0.97573524713516235352,1,-0.15520091354846954346,0,1.4234426021575927734,1.5
1708688775.4224021435,0.97971677780151367188,1,-0.1545375138521194458,0,1.4236177206039428711,1.5
1708688775.4729869366,0.98776990175247192383,1,-0.15289320051670074463,0,1.4237794876098632812,1.5
1708688775.5235891342,0.99187147617340087891,1,-0.15194484591484069824,0,1.4239574670791625977,1.5
1708688775.5741384029,0.99992674589157104492,1,-0.14986281096935272217,0,1.4244695901870727539,1.5
1708688775.6246981621,1.0040749311447143555,1,-0.14879550039768218994,0,1.4246838092803955078,1.5
1708688775.6751897335,1.0113389492034912109,1,-0.14733763039112091064,0,1.4248263835906982422,1.5
1708688775.7257709503,1.0155973434448242188,1,-0.14596068859100341797,0,1.4249091148376464844,1.5
1708688775.7763483524,1.0236879587173461914,1,-0.14271156489849090576,0,1.424767613410949707,1.5
1708688775.8268117905,1.0279853343963623047,1,-0.14107981324195861816,0,1.4244873523712158203,1.5
1708688775.8774218559,1.0322992801666259766,1,-0.13971032202243804932,0,1.4242761135101318359,1.5
1708688775.9280061722,1.0401604175567626953,1,-0.13696916401386260986,0,1.4233710765838623047,1.5
1708688775.9785895348,1.0465530157089233398,1,-0.13468359410762786865,0,1.4229339361190795898,1.5
1708688776.0291461945,1.0500047206878662109,1,-0.13344687223434448242,0,1.4227693080902099609,1.5
1708688776.0797064304,1.0581614971160888672,1,-0.13012218475341796875,0,1.4220113754272460938,1.5
1708688776.1302142143,1.0604737997055053711,1,-0.12934044003486633301,0,1.4217282533645629883,1.5
1708688776.1806974411,1.067170262336730957,1,-0.12743139266967773438,0,1.4211481809616088867,1.5
1708688776.2311842442,1.0704218149185180664,1,-0.12674178183078765869,0,1.4207998514175415039,1.5
1708688776.2817027569,1.0757635831832885742,1,-0.1257743537425994873,0,1.4202188253402709961,1.5
1708688776.3322169781,1.0789139270782470703,1,-0.12543115019798278809,0,1.4198510646820068359,1.5
1708688776.3828148842,1.085048675537109375,1,-0.12438349425792694092,0,1.4187080860137939453,1.5
1708688776.4333701134,1.0877724885940551758,1,-0.12386851757764816284,0,1.4180989265441894531,1.5
1708688776.4839878082,1.0927721261978149414,1,-0.12240718305110931396,0,1.4170285463333129883,1.5
1708688776.5346934795,1.095296025276184082,1,-0.12190874665975570679,0,1.4165085554122924805,1.5
1708688776.5852742195,1.0997122526168823242,1,-0.12116836011409759521,0,1.415692448616027832,1.5
1708688776.6358282566,1.1010624170303344727,1,-0.12105663120746612549,0,1.4153662919998168945,1.5
1708688776.6864247322,1.1052188873291015625,1,-0.12060273438692092896,0,1.4142639636993408203,1.5
1708688776.737057209,1.1091431379318237305,1,-0.12041474133729934692,0,1.41297149658203125,1.5
1708688776.7877469063,1.1108726263046264648,1,-0.11989651620388031006,0,1.4122841358184814453,1.5
1708688776.8383495808,1.1135643720626831055,1,-0.11871825158596038818,0,1.4116506576538085938,1.5
1708688776.888961792,1.1156548261642456055,1,-0.11799853295087814331,0,1.41130828857421875,1.5
1708688776.9395194054,1.1187385320663452148,1,-0.11784557253122329712,0,1.4109978675842285156,1.5
1708688776.9901316166,1.1205986738204956055,1,-0.11797982454299926758,0,1.410969853401184082,1.5
1708688777.0406830311,1.1242691278457641602,1,-0.11835023015737533569,0,1.4109859466552734375,1.5
1708688777.0912108421,1.1261030435562133789,1,-0.118669852614402771,0,1.4109910726547241211,1.5
1708688777.141736269,1.1289213895797729492,1,-0.11929978430271148682,0,1.4112161397933959961,1.5
1708688777.1922607422,1.1307353973388671875,1,-0.1199805140495300293,0,1.4113214015960693359,1.5
1708688777.2428216934,1.1344565153121948242,1,-0.12145848572254180908,0,1.4117650985717773438,1.5
1708688777.2933375835,1.1360237598419189453,1,-0.12205143272876739502,0,1.412066340446472168,1.5
1708688777.3438508511,1.1390907764434814453,1,-0.12366560101509094238,0,1.4132570028305053711,1.5
1708688777.3943932056,1.1405926942825317383,1,-0.12462373077869415283,0,1.4137217998504638672,1.5
1708688777.4449615479,1.1433929204940795898,1,-0.12694500386714935303,0,1.4144550561904907227,1.5
1708688777.4956445694,1.1441477537155151367,1,-0.12780565023422241211,0,1.4147939682006835938,1.5
1708688777.5462663174,1.1463632583618164062,1,-0.13100035488605499268,0,1.4153397083282470703,1.5
1708688777.5968120098,1.1472370624542236328,1,-0.13258117437362670898,0,1.4156595468521118164,1.5
1708688777.6473271847,1.1487561464309692383,1,-0.13583338260650634766,0,1.4163187742233276367,1.5
1708688777.6981463432,1.1494421958923339844,1,-0.13742692768573760986,0,1.4166927337646484375,1.5
1708688777.7486572266,1.1508884429931640625,1,-0.14084391295909881592,0,1.4174922704696655273,1.5
1708688777.7991430759,1.1511347293853759766,1,-0.14168459177017211914,0,1.4176422357559204102,1.5
1708688777.8496398926,1.1518445014953613281,1,-0.14401218295097351074,0,1.4183937311172485352,1.5
1708688777.900097847,1.1520836353302001953,1,-0.1450837254524230957,0,1.4188671112060546875,1.5
1708688777.9505496025,1.1523853540420532227,1,-0.14651171863079071045,0,1.4194492101669311523,1.5
1708688778.0009996891,1.1522383689880371094,1,-0.1467046588659286499,0,1.4195897579193115234,1.5
1708688778.051543951,1.1516820192337036133,1,-0.1464624255895614624,0,1.4199814796447753906,1.5
1708688778.1023147106,1.15137481689453125,1,-0.14625617861747741699,0,1.4201558828353881836,1.5
1708688778.1528873444,1.1502867937088012695,1,-0.14499518275260925293,0,1.4204920530319213867,1.5
1708688778.2034401894,1.1496388912200927734,1,-0.14420680701732635498,0,1.4206696748733520508,1.5
1708688778.2540156841,1.1480035781860351562,1,-0.14210991561412811279,0,1.4211678504943847656,1.5
1708688778.3045732975,1.1460958719253540039,1,-0.13946433365345001221,0,1.421893000602722168,1.5
1708688778.3551025391,1.1451926231384277344,1,-0.13815873861312866211,0,1.4221094846725463867,1.5
1708688778.4055919647,1.1434093713760375977,1,-0.13563613593578338623,0,1.4223517179489135742,1.5
1708688778.4560790062,1.1421829462051391602,1,-0.13393247127532958984,0,1.4225751161575317383,1.5
1708688778.5066816807,1.1398357152938842773,1,-0.13027493655681610107,0,1.4230992794036865234,1.5
1708688778.5572395325,1.1386533975601196289,1,-0.1283550560474395752,0,1.423169255256652832,1.5
1708688778.6079483032,1.1362433433532714844,1,-0.12431773543357849121,0,1.4228469133377075195,1.5
1708688778.6583662033,1.135522007942199707,1,-0.12299112975597381592,0,1.4226200580596923828,1.5
1708688778.7088282108,1.133111119270324707,1,-0.11855496466159820557,0,1.4222493171691894531,1.5
1708688778.7593019009,1.1318658590316772461,1,-0.11625154316425323486,0,1.4220986366271972656,1.5
1708688778.810043335,1.1291234493255615234,1,-0.11142938584089279175,0,1.4218525886535644531,1.5
1708688778.8605043888,1.1277831792831420898,1,-0.10888154804706573486,0,1.4217065572738647461,1.5
1708688778.9110326767,1.1251868009567260742,1,-0.10451611131429672241,0,1.4214462041854858398,1.5
1708688778.96149683,1.1241244077682495117,1,-0.10254590213298797607,0,1.4210920333862304688,1.5
1708688779.0120017529,1.1225160360336303711,1,-0.099755078554153442383,0,1.420701146125793457,1.5
1708688779.0625548363,1.1214193105697631836,1,-0.098090320825576782227,0,1.4205906391143798828,1.5
1708688779.1131238937,1.119217991828918457,1,-0.095280908048152923584,0,1.4201254844665527344,1.5
1708688779.1636612415,1.1183623075485229492,1,-0.094380863010883331299,0,1.4197220802307128906,1.5
1708688779.2142074108,1.1167776584625244141,1,-0.09318818897008895874,0,1.4190175533294677734,1.5
1708688779.2647399902,1.1158539056777954102,1,-0.092548899352550506592,0,1.4188150167465209961,1.5
1708688779.3152525425,1.1141359806060791016,1,-0.091636702418327331543,0,1.4183895587921142578,1.5
1708688779.3658154011,1.1135137081146240234,1,-0.091302372515201568604,0,1.4182659387588500977,1.5
1708688779.4163818359,1.1115295886993408203,1,-0.09041239321231842041,0,1.4180272817611694336,1.5
1708688779.466894865,1.1105283498764038086,1,-0.090000145137310028076,0,1.4178988933563232422,1.5
1708688779.5174365044,1.108557581901550293,1,-0.089115858078002929688,0,1.4178538322448730469,1.5
1708688779.5679700375,1.1076029539108276367,1,-0.088639698922634124756,0,1.4179027080535888672,1.5
1708688779.6185150146,1.1059957742691040039,1,-0.088029794394969940186,0,1.4179165363311767578,1.5
1708688779.6689813137,1.1053632497787475586,1,-0.08774280548095703125,0,1.4180611371994018555,1.5
1708688779.7194082737,1.103496551513671875,1,-0.087268240749835968018,0,1.4184392690658569336,1.5
1708688779.769906044,1.1017457246780395508,1,-0.086859516799449920654,0,1.4186481237411499023,1.5
1708688779.8203799725,1.1009191274642944336,1,-0.086801238358020782471,0,1.4189150333404541016,1.5
1708688779.8708996773,1.0995181798934936523,1,-0.086704574525356292725,0,1.4195059537887573242,1.5
1708688779.9215426445,1.0988323688507080078,1,-0.086700379848480224609,0,1.4198534488677978516,1.5
1708688779.9721274376,1.0980854034423828125,1,-0.086627438664436340332,0,1.4203255176544189453,1.5
1708688780.0226814747,1.0965220928192138672,1,-0.086201429367065429688,0,1.4214607477188110352,1.5
1708688780.0731933117,1.0960919857025146484,1,-0.086183257400989532471,0,1.4219553470611572266,1.5
1708688780.1237585545,1.0949622392654418945,1,-0.085029326379299163818,0,1.4225426912307739258,1.5
1708688780.1742260456,1.0938534736633300781,1,-0.083741098642349243164,0,1.4227918386459350586,1.5
1708688780.2246339321,1.0930861234664916992,1,-0.082815811038017272949,0,1.4230911731719970703,1.5
1708688780.2750835419,1.0926860570907592773,1,-0.082353383302688598633,0,1.4231383800506591797,1.5
1708688780.3255441189,1.09163665771484375,1,-0.081011362373828887939,0,1.4232159852981567383,1.5
1708688780.3759949207,1.0911260843276977539,1,-0.079959996044635772705,0,1.4231728315353393555,1.5
1708688780.4264771938,1.0909278392791748047,1,-0.079456061124801635742,0,1.4230490922927856445,1.5
1708688780.4769237041,1.0908021926879882812,1,-0.07891222834587097168,0,1.4230848550796508789,1.5
1708688780.5273778439,1.090771794319152832,1,-0.078597612679004669189,0,1.4231773614883422852,1.5
1708688780.5779533386,1.0908122062683105469,1,-0.078220665454864501953,0,1.4230951070785522461,1.5
1708688780.6285653114,1.0908048152923583984,1,-0.077970415353775024414,0,1.4231983423233032227,1.5
1708688780.6791496277,1.0911759138107299805,1,-0.077641889452934265137,0,1.4231672286987304688,1.5
1708688780.7297027111,1.0914872884750366211,1,-0.077611498534679412842,0,1.4228338003158569336,1.5
1708688780.7802524567,1.0924490690231323242,1,-0.078079618513584136963,0,1.4218190908432006836,1.5
1708688780.8308050632,1.0932407379150390625,1,-0.078448943793773651123,0,1.4209560155868530273,1.5
1708688780.8812777996,1.0945870876312255859,1,-0.079276680946350097656,0,1.4200540781021118164,1.5
1708688780.9317674637,1.0955005884170532227,1,-0.079758875072002410889,0,1.419777989387512207,1.5
1708688780.9822595119,1.0971796512603759766,1,-0.080934554338455200195,0,1.4195625782012939453,1.5
1708688781.0328352451,1.0980559587478637695,1,-0.081704072654247283936,0,1.4194961786270141602,1.5
1708688781.0834100246,1.0994890928268432617,1,-0.082840777933597564697,0,1.4193232059478759766,1.5
1708688781.1340372562,1.1006616353988647461,1,-0.083374194800853729248,0,1.4188909530639648438,1.5
1708688781.1846125126,1.1023240089416503906,1,-0.084201671183109283447,0,1.4186677932739257812,1.5
1708688781.2351408005,1.1034134626388549805,1,-0.084226757287979125977,0,1.4190365076065063477,1.5
1708688781.2856411934,1.1037589311599731445,1,-0.084136947989463806152,0,1.4194501638412475586,1.5
1708688781.3362147808,1.1047215461730957031,1,-0.084068022668361663818,0,1.4199439287185668945,1.5
1708688781.3867712021,1.105319976806640625,1,-0.084106847643852233887,0,1.4201016426086425781,1.5
1708688781.4373745918,1.1063704490661621094,1,-0.084243237972259521484,0,1.4199793338775634766,1.5
1708688781.4879229069,1.1068841218948364258,1,-0.084144853055477142334,0,1.4199445247650146484,1.5
1708688781.5384085178,1.1076627969741821289,1,-0.083489462733268737793,0,1.419658660888671875,1.5
1708688781.5889499187,1.107846379280090332,1,-0.082892008125782012939,0,1.4194778203964233398,1.5
1708688781.6394884586,1.1084092855453491211,1,-0.081886932253837585449,0,1.4191385507583618164,1.5
1708688781.6901240349,1.1085509061813354492,1,-0.081457272171974182129,0,1.4192939996719360352,1.5
1708688781.7406902313,1.1087367534637451172,1,-0.080741509795188903809,0,1.4194694757461547852,1.5
1708688781.7911729813,1.1087448596954345703,1,-0.08034696429967880249,0,1.4196462631225585938,1.5
1708688781.8417124748,1.1086641550064086914,1,-0.079416297376155853271,0,1.4198343753814697266,1.5
1708688781.8922617435,1.1084952354431152344,1,-0.078623913228511810303,0,1.4199948310852050781,1.5
1708688781.9428265095,1.1081365346908569336,1,-0.077421061694622039795,0,1.4201389551162719727,1.5
1708688781.9934251308,1.1078666448593139648,1,-0.076845414936542510986,0,1.4202927350997924805,1.5
1708688782.0440590382,1.107283473014831543,1,-0.07553456723690032959,0,1.4207978248596191406,1.5
1708688782.0946240425,1.1069481372833251953,1,-0.07487849891185760498,0,1.4211238622665405273,1.5
1708688782.1451842785,1.1058317422866821289,1,-0.072966679930686950684,0,1.4217379093170166016,1.5
1708688782.1957857609,1.1052736043930053711,1,-0.072253756225109100342,0,1.4221787452697753906,1.5
1708688782.246368885,1.1041485071182250977,1,-0.070672661066055297852,0,1.4231532812118530273,1.5
1708688782.2969346046,1.1035541296005249023,1,-0.069810651242733001709,0,1.4233652353286743164,1.5
1708688782.3475663662,1.101904749870300293,1,-0.067393578588962554932,0,1.4238133430480957031,1.5
1708688782.3980753422,1.1011844873428344727,1,-0.066288299858570098877,0,1.4240132570266723633,1.5
1708688782.4485833645,1.0997816324234008789,1,-0.064614832401275634766,0,1.4247064590454101562,1.5
1708688782.4989991188,1.0988576412200927734,1,-0.063634954392910003662,0,1.4249815940856933594,1.5
1708688782.5494692326,1.0967117547988891602,1,-0.061518911272287368774,0,1.4257686138153076172,1.5
1708688782.5998895168,1.0958627462387084961,1,-0.060636594891548156738,0,1.4259754419326782227,1.5
1708688782.6503615379,1.0944305658340454102,1,-0.059713833034038543701,0,1.4262413978576660156,1.5
1708688782.7009336948,1.0932698249816894531,1,-0.059027936309576034546,0,1.4263842105865478516,1.5
1708688782.7515981197,1.0920127630233764648,1,-0.058326374739408493042,0,1.4263126850128173828,1.5
1708688782.8021578789,1.0909305810928344727,1,-0.057377725839614868164,0,1.426092982292175293,1.5
1708688782.8527398109,1.0899673700332641602,1,-0.056692607700824737549,0,1.4257750511169433594,1.5
1708688782.9033071995,1.0890706777572631836,1,-0.056797109544277191162,0,1.4256982803344726562,1.5
1708688782.9538779259,1.0887074470520019531,1,-0.056969236582517623901,0,1.4256587028503417969,1.5
1708688783.0044608116,1.0880550146102905273,1,-0.058385431766510009766,0,1.4260060787200927734,1.5
1708688783.0550179482,1.08765411376953125,1,-0.059432942420244216919,0,1.4263247251510620117,1.5
1708688783.1055772305,1.0871578454971313477,1,-0.062420561909675598145,0,1.427064061164855957,1.5
1708688783.1561262608,1.0870242118835449219,1,-0.064100898802280426025,0,1.4273889064788818359,1.5
1708688783.2066922188,1.0868153572082519531,1,-0.067515112459659576416,0,1.4277693033218383789,1.5
1708688783.2571904659,1.0867584943771362305,1,-0.069384045898914337158,0,1.4281888008117675781,1.5
1708688783.3076717854,1.0867198705673217773,1,-0.072727099061012268066,0,1.4287947416305541992,1.5
1708688783.358114481,1.0866140127182006836,1,-0.074833206832408905029,0,1.4291493892669677734,1.5
1708688783.4085607529,1.0862462520599365234,1,-0.078842408955097198486,0,1.430149078369140625,1.5
1708688783.4590301514,1.0860199928283691406,1,-0.080849282443523406982,0,1.4306656122207641602,1.5
1708688783.5095684528,1.0853170156478881836,1,-0.084539383649826049805,0,1.4314730167388916016,1.5
1708688783.5600993633,1.084975123405456543,1,-0.086280956864356994629,0,1.4320679903030395508,1.5
1708688783.6106710434,1.0844559669494628906,1,-0.089226298034191131592,0,1.4331941604614257812,1.5
1708688783.6612229347,1.0840241909027099609,1,-0.09084450453519821167,0,1.433864593505859375,1.5
1708688783.7118453979,1.0831501483917236328,1,-0.094133347272872924805,0,1.4355393648147583008,1.5
1708688783.7624297142,1.0828443765640258789,1,-0.095758929848670959473,0,1.4362857341766357422,1.5
1708688783.812983036,1.0819406509399414062,1,-0.097823001444339752197,0,1.4373202323913574219,1.5
1708688783.8636646271,1.0812622308731079102,1,-0.098438911139965057373,0,1.4376908540725708008,1.5
1708688783.9142839909,1.0795928239822387695,1,-0.098787978291511535645,0,1.4378694295883178711,1.5
1708688783.9649159908,1.0790135860443115234,1,-0.098632827401161193848,0,1.4379248619079589844,1.5
1708688784.0155038834,1.0774123668670654297,1,-0.097917623817920684814,0,1.4381340742111206055,1.5
1708688784.0661454201,1.0765310525894165039,1,-0.097405955195426940918,0,1.4383770227432250977,1.5
1708688784.1167151928,1.0746757984161376953,1,-0.095964074134826660156,0,1.4391396045684814453,1.5
1708688784.1672554016,1.0741106271743774414,1,-0.095426015555858612061,0,1.4393777847290039062,1.5
1708688784.2177190781,1.072119593620300293,1,-0.093208186328411102295,0,1.439989924430847168,1.5
1708688784.2681617737,1.0710670948028564453,1,-0.091765895485877990723,0,1.4398622512817382812,1.5
1708688784.3185973167,1.06862640380859375,1,-0.088104076683521270752,0,1.4394832849502563477,1.5
1708688784.3690502644,1.066333770751953125,1,-0.084285050630569458008,0,1.4390283823013305664,1.5
1708688784.4194831848,1.0657225847244262695,1,-0.083266876637935638428,0,1.4387053251266479492,1.5
1708688784.469984293,1.0647132396697998047,1,-0.081530742347240447998,0,1.4383625984191894531,1.5
1708688784.5205671787,1.06255340576171875,1,-0.078214168548583984375,0,1.4379788637161254883,1.5
1708688784.5711247921,1.0602288246154785156,1,-0.074548505246639251709,0,1.4377907514572143555,1.5
1708688784.621658802,1.0590677261352539062,1,-0.072840750217437744141,0,1.4380004405975341797,1.5
1708688784.6722023487,1.0577712059020996094,1,-0.070723414421081542969,0,1.4383652210235595703,1.5
1708688784.722784996,1.0557080507278442383,1,-0.066568955779075622559,0,1.4387319087982177734,1.5
1708688784.773424387,1.0539374351501464844,1,-0.062585145235061645508,0,1.4389783143997192383,1.5
1708688784.8239319324,1.0529800653457641602,1,-0.060624670237302780151,0,1.4390859603881835938,1.5
1708688784.8744695187,1.0522443056106567383,1,-0.059251487255096435547,0,1.4392627477645874023,1.5
1708688784.9251496792,1.0503968000411987305,1,-0.055517610162496566772,0,1.440133213996887207,1.5
1708688784.9756934643,1.0488619804382324219,1,-0.05196789279580116272,0,1.4411979913711547852,1.5
1708688785.0261349678,1.0480951070785522461,1,-0.050496429204940795898,0,1.4418267011642456055,1.5
1708688785.0766122341,1.0467993021011352539,1,-0.047912761569023132324,0,1.4432801008224487305,1.5
1708688785.1271674633,1.0465257167816162109,1,-0.047205675393342971802,0,1.4437290430068969727,1.5
1708688785.1776542664,1.0453988313674926758,1,-0.044714484363794326782,0,1.4448736906051635742,1.5
1708688785.2281365395,1.0447374582290649414,1,-0.043517626821994781494,0,1.4455486536026000977,1.5
1708688785.2787332535,1.0433229207992553711,1,-0.041237063705921173096,0,1.4470343589782714844,1.5
1708688785.3292531967,1.0429311990737915039,1,-0.040584668517112731934,0,1.4473215341567993164,1.5
1708688785.3797755241,1.0419095754623413086,1,-0.038560550659894943237,0,1.4477515220642089844,1.5
1708688785.4302940369,1.0415986776351928711,1,-0.037778235971927642822,0,1.4477558135986328125,1.5
1708688785.4808213711,1.0408642292022705078,1,-0.036493562161922454834,0,1.4478423595428466797,1.5
1708688785.5313732624,1.0405893325805664062,1,-0.035988248884677886963,0,1.447854161262512207,1.5
1708688785.5819206238,1.0399222373962402344,1,-0.034727517515420913696,0,1.4474664926528930664,1.5
1708688785.6324706078,1.0398821830749511719,1,-0.03420750051736831665,0,1.4470735788345336914,1.5
1708688785.6829836369,1.0399972200393676758,1,-0.03344744071364402771,0,1.446396946907043457,1.5
1708688785.7335493565,1.0401042699813842773,1,-0.032941706478595733643,0,1.4457850456237792969,1.5
1708688785.7844440937,1.0403424501419067383,1,-0.032757319509983062744,0,1.4453731775283813477,1.5
1708688785.8350174427,1.0407857894897460938,1,-0.032722312957048416138,0,1.4453887939453125,1.5
1708688785.8855624199,1.0411150455474853516,1,-0.032837305217981338501,0,1.445578455924987793,1.5
1708688785.9361290932,1.0413517951965332031,1,-0.032804951071739196777,0,1.4456819295883178711,1.5
1708688785.9867048264,1.0412894487380981445,1,-0.032059192657470703125,0,1.4462455511093139648,1.5
1708688786.0372881889,1.0409634113311767578,1,-0.030568214133381843567,0,1.4468278884887695312,1.5
1708688786.087770462,1.0407755374908447266,1,-0.029705520719289779663,0,1.447139739990234375,1.5
1708688786.1394734383,1.0406675338745117188,1,-0.028187241405248641968,0,1.4480592012405395508,1.5
1708688786.1902899742,1.0405025482177734375,1,-0.0275145750492811203,0,1.4485924243927001953,1.5
1708688786.240806818,1.0403972864151000977,1,-0.026148047298192977905,0,1.4495040178298950195,1.5
1708688786.2913880348,1.0404927730560302734,1,-0.025814812630414962769,0,1.4498668909072875977,1.5
1708688786.3420236111,1.0407817363739013672,1,-0.02544745616614818573,0,1.4501882791519165039,1.5
1708688786.3925542831,1.0409227609634399414,1,-0.0251454915851354599,0,1.4501044750213623047,1.5
1708688786.4430878162,1.0412549972534179688,1,-0.024773035198450088501,0,1.4499542713165283203,1.5
1708688786.493647337,1.0412809848785400391,1,-0.024254422634840011597,0,1.4498758316040039062,1.5
1708688786.5442047119,1.0414787530899047852,1,-0.023483848199248313904,0,1.4496369361877441406,1.5
1708688786.5947408676,1.0415947437286376953,1,-0.023203743621706962585,0,1.4493860006332397461,1.5
1708688786.6452815533,1.042023777961730957,1,-0.022598059847950935364,0,1.44866943359375,1.5
1708688786.6958076954,1.0421959161758422852,1,-0.022325312718749046326,0,1.448435664176940918,1.5
1708688786.7463254929,1.0424001216888427734,1,-0.021695699542760848999,0,1.4479502439498901367,1.5
1708688786.7969312668,1.0424674749374389648,1,-0.021352376788854598999,0,1.4477486610412597656,1.5
1708688786.8474721909,1.042670130729675293,1,-0.020270103588700294495,0,1.4469980001449584961,1.5
1708688786.898005724,1.0428028106689453125,1,-0.01951427757740020752,0,1.4463336467742919922,1.5
1708688786.9484300613,1.0427737236022949219,1,-0.0180291738361120224,0,1.4454636573791503906,1.5
1708688786.9989397526,1.0427309274673461914,1,-0.016914810985326766968,0,1.445163726806640625,1.5
1708688787.0495233536,1.042537689208984375,1,-0.014098982326686382294,0,1.4441312551498413086,1.5
1708688787.1001181602,1.0423378944396972656,1,-0.012632881291210651398,0,1.4437242746353149414,1.5
1708688787.1507222652,1.0420762300491333008,1,-0.0099451607093214988708,0,1.4429659843444824219,1.5
1708688787.2012975216,1.0419354438781738281,1,-0.008399918675422668457,0,1.4426413774490356445,1.5
1708688787.251863718,1.0416764020919799805,1,-0.0056844088248908519745,0,1.4419052600860595703,1.5
1708688787.3024308681,1.0414535999298095703,1,-0.0040103872306644916534,0,1.4415799379348754883,1.5
1708688787.3530008793,1.0410511493682861328,1,-0.00086758926045149564743,0,1.4408053159713745117,1.5
1708688787.4037809372,1.0407085418701171875,1,0.0020480649545788764954,0,1.439768671989440918,1.5
1708688787.4543287754,1.0406053066253662109,1,0.0036189323291182518005,0,1.4394094944000244141,1.5
1708688787.5048792362,1.0404145717620849609,1,0.0065621729008853435516,0,1.4391191005706787109,1.5
1708688787.5554223061,1.0403318405151367188,1,0.0076639377512037754059,0,1.43904876708984375,1.5
1708688787.6059610844,1.0402454137802124023,1,0.010473081842064857483,0,1.4389965534210205078,1.5
1708688787.6564600468,1.0403209924697875977,1,0.011647304520010948181,0,1.4391534328460693359,1.5
1708688787.7069876194,1.0400819778442382812,1,0.014017664827406406403,0,1.4394780397415161133,1.5
1708688787.7575531006,1.0398927927017211914,1,0.015183201991021633148,0,1.439791560173034668,1.5
1708688787.8080642223,1.0397400856018066406,1,0.016788465902209281921,0,1.4401241540908813477,1.5
1708688787.8586170673,1.0397891998291015625,1,0.017100531607866287231,0,1.4402290582656860352,1.5
1708688787.9091665745,1.0393966436386108398,1,0.018401879817247390747,0,1.4403872489929199219,1.5
1708688787.9597148895,1.0391457080841064453,1,0.018849480897188186646,0,1.4403479099273681641,1.5
1708688788.0103142262,1.0385221242904663086,1,0.019137997180223464966,0,1.4403635263442993164,1.5
1708688788.0608701706,1.0382257699966430664,1,0.019181312993168830872,0,1.4403787851333618164,1.5
1708688788.111415863,1.0379967689514160156,1,0.018981929868459701538,0,1.4400556087493896484,1.5
1708688788.162037611,1.0379849672317504883,1,0.018721219152212142944,0,1.4398059844970703125,1.5
1708688788.2126512527,1.0377116203308105469,1,0.017800977453589439392,0,1.4398925304412841797,1.5
1708688788.2631921768,1.0376470088958740234,1,0.017274139449000358582,0,1.4401535987854003906,1.5
1708688788.3137290478,1.0375839471817016602,1,0.015928957611322402954,0,1.4404120445251464844,1.5
1708688788.3642895222,1.0376256704330444336,1,0.015113170258700847626,0,1.4405646324157714844,1.5
1708688788.4148232937,1.0371929407119750977,1,0.013480656780302524567,0,1.4412834644317626953,1.5
1708688788.4653847218,1.0371955633163452148,1,0.012345248833298683167,0,1.441603541374206543,1.5
1708688788.5159282684,1.0374835729598999023,1,0.009946085512638092041,0,1.4419597387313842773,1.5
1708688788.566498518,1.0376498699188232422,1,0.0083477795124053955078,0,1.4424768686294555664,1.5
1708688788.6171030998,1.0382627248764038086,1,0.0048039401881396770477,0,1.4434622526168823242,1.5
1708688788.667589426,1.0388771295547485352,1,0.0025950868148356676102,0,1.4438233375549316406,1.5
1708688788.7180223465,1.0398495197296142578,1,-0.0013082514051347970963,0,1.4446333646774291992,1.5
1708688788.7684321404,1.0402855873107910156,1,-0.0025792983360588550568,0,1.4449445009231567383,1.5
1708688788.8188562393,1.0416299104690551758,1,-0.0064011830836534500122,0,1.4459434747695922852,1.5
1708688788.8693253994,1.0428915023803710938,1,-0.0098784305155277252197,0,1.4470945596694946289,1.5
1708688788.9198405743,1.0435957908630371094,1,-0.01176496502012014389,0,1.4479093551635742188,1.5
1708688788.9703271389,1.0449552536010742188,1,-0.014656125567853450775,0,1.4496297836303710938,1.5
1708688789.0209300518,1.0456805229187011719,1,-0.015793351456522941589,0,1.4503978490829467773,1.5
1708688789.0714652538,1.0468857288360595703,1,-0.017436761409044265747,0,1.4517732858657836914,1.5
1708688789.122187376,1.0476355552673339844,1,-0.018295507878065109253,0,1.4525604248046875,1.5
1708688789.1728012562,1.0491800308227539062,1,-0.019525581970810890198,0,1.4532533884048461914,1.5
1708688789.2233030796,1.0501205921173095703,1,-0.020104939118027687073,0,1.4534583091735839844,1.5
1708688789.2738859653,1.0530223846435546875,1,-0.021780487149953842163,0,1.4536100625991821289,1.5
1708688789.3243861198,1.0541703701019287109,1,-0.022546870633959770203,0,1.4536871910095214844,1.5
1708688789.3748941422,1.0572478771209716797,1,-0.025021178647875785828,0,1.453839421272277832,1.5
1708688789.4255902767,1.0580804347991943359,1,-0.025680763646960258484,0,1.4539780616760253906,1.5
1708688789.4760401249,1.0603181123733520508,1,-0.027090320363640785217,0,1.4544150829315185547,1.5
1708688789.5266070366,1.0612818002700805664,1,-0.027691500261425971985,0,1.4548010826110839844,1.5
1708688789.57710886,1.0628149509429931641,1,-0.028321426361799240112,0,1.4556560516357421875,1.5
1708688789.6276595592,1.0633029937744140625,1,-0.028587771579623222351,0,1.4558976888656616211,1.5
1708688789.6782305241,1.0645583868026733398,1,-0.02917626500129699707,0,1.4569089412689208984,1.5
1708688789.7287883759,1.0647864341735839844,1,-0.028963122516870498657,0,1.4574174880981445312,1.5
1708688789.7793455124,1.0650529861450195312,1,-0.027884040027856826782,0,1.4579881429672241211,1.5
1708688789.829908371,1.0648672580718994141,1,-0.026824276894330978394,0,1.4580484628677368164,1.5
1708688789.8804991245,1.064154505729675293,1,-0.024341857060790061951,0,1.4579302072525024414,1.5
1708688789.9311304092,1.0636655092239379883,1,-0.022761415690183639526,0,1.4577512741088867188,1.5
1708688789.9816849232,1.0620250701904296875,1,-0.018702229484915733337,0,1.4571611881256103516,1.5
1708688790.0322430134,1.061127781867980957,1,-0.016764000058174133301,0,1.4569545984268188477,1.5
1708688790.0828564167,1.0588724613189697266,1,-0.012964495457708835602,0,1.4568362236022949219,1.5
1708688790.1334273815,1.0575494766235351562,1,-0.010964872315526008606,0,1.4569982290267944336,1.5
1708688790.1839954853,1.0552638769149780273,1,-0.0076700360514223575592,0,1.4572653770446777344,1.5
1708688790.2345514297,1.053730010986328125,1,-0.005727141164243221283,0,1.4575431346893310547,1.5
1708688790.285150528,1.0505287647247314453,1,-0.0016423295019194483757,0,1.458111882209777832,1.5
1708688790.3357098103,1.0474404096603393555,1,0.0024666353128850460052,0,1.4586163759231567383,1.5
1708688790.3862669468,1.0459140539169311523,1,0.0044432580471038818359,0,1.4587957859039306641,1.5
1708688790.436817646,1.0433561801910400391,1,0.0077247885055840015411,0,1.4588780403137207031,1.5
1708688790.4874567986,1.0420854091644287109,1,0.0095954639837145805359,0,1.4587616920471191406,1.5
1708688790.5380136967,1.0397174358367919922,1,0.012887522578239440918,0,1.4586480855941772461,1.5
1708688790.5885210037,1.0388213396072387695,1,0.014361699111759662628,0,1.4584316015243530273,1.5
1708688790.6390600204,1.0371241569519042969,1,0.016683354973793029785,0,1.4585410356521606445,1.5
1708688790.6895854473,1.0365575551986694336,1,0.017360700294375419617,0,1.4587081670761108398,1.5
1708688790.7401530743,1.0354999303817749023,1,0.018848851323127746582,0,1.4590784311294555664,1.5
1708688790.7906937599,1.0352356433868408203,1,0.019299367442727088928,0,1.4591165781021118164,1.5
1708688790.8412718773,1.0345034599304199219,1,0.020294958725571632385,0,1.4589591026306152344,1.5
1708688790.891828537,1.034338831901550293,1,0.02056898362934589386,0,1.4588397741317749023,1.5
1708688790.9424567223,1.0343011617660522461,1,0.020600644871592521667,0,1.4584796428680419922,1.5
1708688790.993575573,1.0344427824020385742,1,0.020684005692601203918,0,1.458113551139831543,1.5
1708688791.0442485809,1.0346875190734863281,1,0.020693520084023475647,0,1.4581452608108520508,1.5
1708688791.0948758125,1.0351091623306274414,1,0.020598724484443664551,0,1.4581762552261352539,1.5
1708688791.1454539299,1.0360397100448608398,1,0.020198261365294456482,0,1.4581253528594970703,1.5
1708688791.1960575581,1.0365865230560302734,1,0.019976036623120307922,0,1.4581307172775268555,1.5
1708688791.2466616631,1.0381352901458740234,1,0.019379675388336181641,0,1.4576554298400878906,1.5
1708688791.2972254753,1.0391803979873657227,1,0.018575163558125495911,0,1.4571815729141235352,1.5
1708688791.3478734493,1.0412322282791137695,1,0.016648687422275543213,0,1.4563422203063964844,1.5
1708688791.3984501362,1.0424931049346923828,1,0.015431723557412624359,0,1.4560172557830810547,1.5
1708688791.4489812851,1.044643402099609375,1,0.012922090478241443634,0,1.4558286666870117188,1.5
1708688791.4995708466,1.0458868741989135742,1,0.011489169672131538391,0,1.4556435346603393555,1.5
1708688791.5501196384,1.0487461090087890625,1,0.0079852854833006858826,0,1.4554984569549560547,1.5
1708688791.6006662846,1.0500892400741577148,1,0.0063534220680594444275,0,1.4555281400680541992,1.5
1708688791.6512136459,1.0526983737945556641,1,0.0033119532745331525803,0,1.4557781219482421875,1.5
1708688791.7017364502,1.0537787675857543945,1,0.0020217339042574167252,0,1.4560036659240722656,1.5
1708688791.7522757053,1.0556026697158813477,1,-0.00030616714502684772015,0,1.4564564228057861328,1.5
1708688791.8028159142,1.0574789047241210938,1,-0.0032000360079109668732,0,1.4574886560440063477,1.5
1708688791.8533592224,1.0582220554351806641,1,-0.0045192516408860683441,0,1.458150029182434082,1.5
1708688791.9038422108,1.0596009492874145508,1,-0.0067918007262051105499,0,1.459517359733581543,1.5
1708688791.9544262886,1.0602201223373413086,1,-0.0078863138332962989807,0,1.4601633548736572266,1.5
1708688792.0048847198,1.0609989166259765625,1,-0.0097923530265688896179,0,1.461176753044128418,1.5
1708688792.0555896759,1.0611974000930786133,1,-0.01073240768164396286,0,1.4617973566055297852,1.5
1708688792.1062242985,1.0613712072372436523,1,-0.012229113839566707611,0,1.4630148410797119141,1.5
1708688792.1567320824,1.0615026950836181641,1,-0.0132490573450922966,0,1.4637727737426757812,1.5
1708688792.2072675228,1.0613510608673095703,1,-0.014912946149706840515,0,1.4648560285568237305,1.5
1708688792.2578604221,1.0611250400543212891,1,-0.015620659105479717255,0,1.4653666019439697266,1.5
1708688792.3084204197,1.0605484247207641602,1,-0.016978912055492401123,0,1.4664708375930786133,1.5
1708688792.3589391708,1.0603467226028442383,1,-0.01741627231240272522,0,1.4667661190032958984,1.5
1708688792.4094531536,1.0594627857208251953,1,-0.017825551331043243408,0,1.4673150777816772461,1.5
1708688792.4600095749,1.0591493844985961914,1,-0.017915640026330947876,0,1.4675405025482177734,1.5
1708688792.5105714798,1.0585671663284301758,1,-0.017894821241497993469,0,1.4681415557861328125,1.5
1708688792.5610551834,1.0582139492034912109,1,-0.017707703635096549988,0,1.4683624505996704102,1.5
1708688792.6116235256,1.0576682090759277344,1,-0.017745053395628929138,0,1.4686697721481323242,1.5
1708688792.6622233391,1.0574804544448852539,1,-0.017784966155886650085,0,1.4686599969863891602,1.5
1708688792.7127737999,1.057026982307434082,1,-0.017788840457797050476,0,1.4684404134750366211,1.5
1708688792.7633054256,1.0566554069519042969,1,-0.017535468563437461853,0,1.4682755470275878906,1.5
1708688792.8137807846,1.0563167333602905273,1,-0.017090750858187675476,0,1.467863917350769043,1.5
1708688792.8642120361,1.0563828945159912109,1,-0.016877178102731704712,0,1.4675586223602294922,1.5
1708688792.9146895409,1.0565716028213500977,1,-0.016409257426857948303,0,1.4668018817901611328,1.5
1708688792.9652740955,1.0567113161087036133,1,-0.015948429703712463379,0,1.4663733243942260742,1.5
1708688793.0158734322,1.0570561885833740234,1,-0.014602860435843467712,0,1.4653310775756835938,1.5
1708688793.0663998127,1.0571162700653076172,1,-0.013761309906840324402,0,1.4649784564971923828,1.5
1708688793.1170072556,1.0574167966842651367,1,-0.01218826882541179657,0,1.4643208980560302734,1.5
1708688793.167743206,1.0572932958602905273,1,-0.010996767319738864899,0,1.463886260986328125,1.5
1708688793.2183704376,1.0573538541793823242,1,-0.0086250975728034973145,0,1.4633730649948120117,1.5
1708688793.2689373493,1.0575412511825561523,1,-0.0069349422119557857513,0,1.462935328483581543,1.5
1708688793.3195178509,1.0576961040496826172,1,-0.0060737878084182739258,0,1.4627939462661743164,1.5
1708688793.3701646328,1.0578638315200805664,1,-0.0042056050151586532593,0,1.4624607563018798828,1.5
1708688793.4207425117,1.0580435991287231445,1,-0.0032314220443367958069,0,1.4621813297271728516,1.5
1708688793.4713597298,1.0581434965133666992,1,-0.0021484128665179014206,0,1.4619956016540527344,1.5
1708688793.5219807625,1.0581368207931518555,1,-0.00061991962138563394547,0,1.4619457721710205078,1.5
1708688793.5725274086,1.0580959320068359375,1,-0.00020009549916721880436,0,1.4620907306671142578,1.5
1708688793.6230781078,1.0579825639724731445,1,0.0010026944801211357117,0,1.4619524478912353516,1.5
1708688793.6736497879,1.0578701496124267578,1,0.001776227261871099472,0,1.4616534709930419922,1.5
1708688793.724159956,1.0576891899108886719,1,0.0022080331109464168549,0,1.4616396427154541016,1.5
1708688793.7745673656,1.0574786663055419922,1,0.0033333443570882081985,0,1.461016535758972168,1.5
1708688793.8250048161,1.0573064088821411133,1,0.0038798807654529809952,0,1.4607257843017578125,1.5
1708688793.875459671,1.0567007064819335938,1,0.0058543868362903594971,0,1.4599345922470092773,1.5
1708688793.9259183407,1.0562392473220825195,1,0.006984560750424861908,0,1.4598220586776733398,1.5
1708688793.9764995575,1.0551317930221557617,1,0.0089750429615378379822,0,1.4596629142761230469,1.5
1708688794.0278022289,1.0543946027755737305,1,0.010258574038743972778,0,1.4596657752990722656,1.5
1708688794.078347683,1.0532436370849609375,1,0.012429476715624332428,0,1.4594886302947998047,1.5
1708688794.1288850307,1.0523651838302612305,1,0.013767071068286895752,0,1.4594676494598388672,1.5
1708688794.1794507504,1.0505574941635131836,1,0.016438627615571022034,0,1.4596498012542724609,1.5
1708688794.2300610542,1.0496628284454345703,1,0.017767133191227912903,0,1.4598892927169799805,1.5
1708688794.2806370258,1.0482091903686523438,1,0.020298780873417854309,0,1.4602479934692382812,1.5
1708688794.3312022686,1.0473586320877075195,1,0.021691845729947090149,0,1.4604111909866333008,1.5
1708688794.3818464279,1.0459799766540527344,1,0.02349501289427280426,0,1.4607812166213989258,1.5
1708688794.4323847294,1.0451159477233886719,1,0.024184355512261390686,0,1.4609967470169067383,1.5
1708688794.4829602242,1.0435879230499267578,1,0.02484669908881187439,0,1.4611564874649047852,1.5
1708688794.5335137844,1.0428700447082519531,1,0.024924701079726219177,0,1.4612250328063964844,1.5
1708688794.5840361118,1.0417599678039550781,1,0.025050194934010505676,0,1.4611777067184448242,1.5
1708688794.6345939636,1.0414065122604370117,1,0.024988481774926185608,0,1.4610182046890258789,1.5
1708688794.6851537228,1.0407471656799316406,1,0.024256026372313499451,0,1.4609223604202270508,1.5
1708688794.7356958389,1.0405647754669189453,1,0.023922976106405258179,0,1.460863947868347168,1.5
1708688794.7862534523,1.0401514768600463867,1,0.022930795326828956604,0,1.4605058431625366211,1.5
1708688794.836789608,1.040330052375793457,1,0.021767254918813705444,0,1.4599657058715820312,1.5
1708688794.8873529434,1.0406321287155151367,1,0.020813249051570892334,0,1.4596029520034790039,1.5
1708688794.9378824234,1.0413987636566162109,1,0.018744148313999176025,0,1.4591094255447387695,1.5
1708688794.9884140491,1.0416049957275390625,1,0.017921099439263343811,0,1.4592146873474121094,1.5
1708688795.0389771461,1.0421025753021240234,1,0.016696799546480178833,0,1.4592463970184326172,1.5
1708688795.0895440578,1.0426423549652099609,1,0.015765538439154624939,0,1.4593247175216674805,1.5
1708688795.1401565075,1.0431828498840332031,1,0.014665503986179828644,0,1.4595873355865478516,1.5
1708688795.1907305717,1.0433281660079956055,1,0.01406948920339345932,0,1.4597070217132568359,1.5
1708688795.2412984371,1.0437989234924316406,1,0.012953538447618484497,0,1.4597634077072143555,1.5
1708688795.2918248177,1.0440000295639038086,1,0.012580445967614650726,0,1.4599716663360595703,1.5
1708688795.3423261642,1.0443270206451416016,1,0.012028570286929607391,0,1.4601954221725463867,1.5
1708688795.3928124905,1.0443174839019775391,1,0.011869482696056365967,0,1.46047210693359375,1.5
1708688795.4433684349,1.0448246002197265625,1,0.011319954879581928253,0,1.460440516471862793,1.5
1708688795.493917942,1.0451041460037231445,1,0.010771179571747779846,0,1.4604082107543945312,1.5
1708688795.5444543362,1.0464159250259399414,1,0.0085936887189745903015,0,1.4601471424102783203,1.5
1708688795.5949892998,1.0471326112747192383,1,0.007492219097912311554,0,1.4599777460098266602,1.5
1708688795.6455373764,1.0480492115020751953,1,0.0058124437928199768066,0,1.4597971439361572266,1.5
1708688795.6960680485,1.0487859249114990234,1,0.0046637170016765594482,0,1.4596817493438720703,1.5
1708688795.7465906143,1.0507339239120483398,1,0.0022840676829218864441,0,1.4594289064407348633,1.5
1708688795.797139883,1.0517021417617797852,1,0.0012101372703909873962,0,1.4592989683151245117,1.5
1708688795.8476955891,1.0534231662750244141,1,-0.00031600336660631000996,0,1.4591987133026123047,1.5
1708688795.8982002735,1.0542199611663818359,1,-0.00097041472326964139938,0,1.4591374397277832031,1.5
1708688795.9486830235,1.0551086664199829102,1,-0.0011192038655281066895,0,1.4592437744140625,1.5
1708688795.9992618561,1.0555682182312011719,1,-0.0010832773987203836441,0,1.4593843221664428711,1.5
1708688796.0499074459,1.0563834905624389648,1,-0.00091396854259073734283,0,1.4596190452575683594,1.5
1708688796.1004900932,1.0569525957107543945,1,-0.00093639409169554710388,0,1.4595776796340942383,1.5
1708688796.1510429382,1.0576773881912231445,1,-0.00064791680779308080673,0,1.4594539403915405273,1.5
1708688796.2016079426,1.0582071542739868164,1,-0.00080797536065801978111,0,1.4592815637588500977,1.5
1708688796.2522215843,1.0592195987701416016,1,-0.001388694392517209053,0,1.4593768119812011719,1.5
1708688796.3027667999,1.0602200031280517578,1,-0.002135891234502196312,0,1.4596099853515625,1.5
1708688796.3532135487,1.0608358383178710938,1,-0.0028029384557157754898,0,1.4599080085754394531,1.5
1708688796.4036591053,1.0621099472045898438,1,-0.004539957735687494278,0,1.46089935302734375,1.5
1708688796.4541201591,1.0629862546920776367,1,-0.0055650533176958560944,0,1.461029052734375,1.5
1708688796.5045650005,1.0648295879364013672,1,-0.0074359145946800708771,0,1.4612694978713989258,1.5
1708688796.5550591946,1.0653605461120605469,1,-0.0078494139015674591064,0,1.4613332748413085938,1.5
1708688796.6055335999,1.0670412778854370117,1,-0.0087686395272612571716,0,1.4615982770919799805,1.5
1708688796.6560018063,1.0679639577865600586,1,-0.008725209161639213562,0,1.4615712165832519531,1.5
1708688796.7065355778,1.068359375,1,-0.0084163313731551170349,0,1.4615037441253662109,1.5
1708688796.7570829391,1.0685541629791259766,1,-0.0074879038147628307343,0,1.4618324041366577148,1.5
1708688796.8076071739,1.068438410758972168,1,-0.0068974634632468223572,0,1.461920619010925293,1.5
1708688796.8581314087,1.0685158967971801758,1,-0.0060301795601844787598,0,1.4619194269180297852,1.5
1708688796.9086585045,1.0682866573333740234,1,-0.005295939277857542038,0,1.4618948698043823242,1.5
1708688796.9591884613,1.0676344633102416992,1,-0.0032502566464245319366,0,1.4617916345596313477,1.5
1708688797.0097067356,1.0673036575317382812,1,-0.0023209874052554368973,0,1.4618729352951049805,1.5
1708688797.0602142811,1.0662652254104614258,1,-0.0001639510737732052803,0,1.4624973535537719727,1.5
1708688797.1110651493,1.0654810667037963867,1,0.0014822822995483875275,0,1.4630930423736572266,1.5
1708688797.1616666317,1.0635805130004882812,1,0.0051898891106247901917,0,1.4639155864715576172,1.5
1708688797.2121953964,1.0625356435775756836,1,0.0070947520434856414795,0,1.4644567966461181641,1.5
1708688797.2627465725,1.0604836940765380859,1,0.010384213179349899292,0,1.4652016162872314453,1.5
1708688797.3132808208,1.0594356060028076172,1,0.012003141455352306366,0,1.4655803442001342773,1.5
1708688797.3638563156,1.057720184326171875,1,0.014650725759565830231,0,1.4660216569900512695,1.5
1708688797.4144833088,1.0571641921997070312,1,0.015411345288157463074,0,1.4661593437194824219,1.5
1708688797.4650411606,1.0555337667465209961,1,0.017669731751084327698,0,1.4664233922958374023,1.5
1708688797.5156190395,1.054673314094543457,1,0.018855148926377296448,0,1.4664194583892822266,1.5
1708688797.5662446022,1.0529199838638305664,1,0.021385343745350837708,0,1.4663065671920776367,1.5
1708688797.6169159412,1.0522091388702392578,1,0.022528504952788352966,0,1.4661753177642822266,1.5
1708688797.6674723625,1.0507842302322387695,1,0.024978211149573326111,0,1.4657524824142456055,1.5
1708688797.7180440426,1.0500360727310180664,1,0.026222757995128631592,0,1.4653627872467041016,1.5
1708688797.7685651779,1.0488451719284057617,1,0.028449377045035362244,0,1.4644629955291748047,1.5
1708688797.8190860748,1.0481544733047485352,1,0.030263407155871391296,0,1.4636745452880859375,1.5
1708688797.8696024418,1.0476387739181518555,1,0.032546270638704299927,0,1.4628303050994873047,1.5
1708688797.9200818539,1.0472086668014526367,1,0.03436390310525894165,0,1.4624384641647338867,1.5
1708688797.9706053734,1.0466828346252441406,1,0.0381183624267578125,0,1.4617122411727905273,1.5
1708688798.0211648941,1.0465440750122070312,1,0.040668487548828125,0,1.4610787630081176758,1.5
1708688798.0717346668,1.0464963912963867188,1,0.043192341923713684082,0,1.4607145786285400391,1.5
1708688798.1223037243,1.0464454889297485352,1,0.04514433443546295166,0,1.4605190753936767578,1.5
1708688798.1728732586,1.0467169284820556641,1,0.049002572894096374512,0,1.4599649906158447266,1.5
1708688798.2234168053,1.0468863248825073242,1,0.050805564969778060913,0,1.4595513343811035156,1.5
1708688798.2740023136,1.0472767353057861328,1,0.053632821887731552124,0,1.4587242603302001953,1.5
1708688798.3245818615,1.0478712320327758789,1,0.05639804154634475708,0,1.4577932357788085938,1.5
1708688798.3751657009,1.0479665994644165039,1,0.057871900498867034912,0,1.4575052261352539062,1.5
1708688798.4264688492,1.0486043691635131836,1,0.060048542916774749756,0,1.4569002389907836914,1.5
1708688798.4771225452,1.0490138530731201172,1,0.060942593961954116821,0,1.4566925764083862305,1.5
1708688798.5279438496,1.0494955778121948242,1,0.062555372714996337891,0,1.4570610523223876953,1.5
1708688798.578510046,1.0495193004608154297,1,0.063186578452587127686,0,1.4574325084686279297,1.5
1708688798.6291406155,1.0495738983154296875,1,0.064048655331134796143,0,1.4580118656158447266,1.5
1708688798.6796252728,1.0496627092361450195,1,0.065548010170459747314,0,1.4591791629791259766,1.5
1708688798.7300803661,1.0499950647354125977,1,0.066307723522186279297,0,1.460160374641418457,1.5
1708688798.7805263996,1.0499728918075561523,1,0.066620118916034698486,0,1.460677027702331543,1.5
1708688798.8310425282,1.0499528646469116211,1,0.067279100418090820312,0,1.4618359804153442383,1.5
1708688798.8815009594,1.0498479604721069336,1,0.067498587071895599365,0,1.462201237678527832,1.5
1708688798.9319400787,1.049532771110534668,1,0.067724600434303283691,0,1.4634718894958496094,1.5
1708688798.9823644161,1.0494709014892578125,1,0.067593663930892944336,0,1.4641144275665283203,1.5
1708688799.0327546597,1.049283146858215332,1,0.066877432167530059814,0,1.4652861356735229492,1.5
1708688799.0832233429,1.0489084720611572266,1,0.066593647003173828125,0,1.4659775495529174805,1.5
1708688799.1337287426,1.0482665300369262695,1,0.065631300210952758789,0,1.467005610466003418,1.5
1708688799.1843338013,1.0480189323425292969,1,0.065186314284801483154,0,1.4673817157745361328,1.5
1708688799.2347877026,1.0469768047332763672,1,0.063761420547962188721,0,1.4687550067901611328,1.5
1708688799.2852480412,1.0461471080780029297,1,0.063320770859718322754,0,1.4695684909820556641,1.5
1708688799.3357355595,1.0445201396942138672,1,0.061847012490034103394,0,1.470952153205871582,1.5
1708688799.3862187862,1.0436500310897827148,1,0.061379302293062210083,0,1.4715740680694580078,1.5
1708688799.4367854595,1.0419763326644897461,1,0.060260746628046035767,0,1.4729036092758178711,1.5
1708688799.4873280525,1.041382908821105957,1,0.059938088059425354004,0,1.4733413457870483398,1.5
1708688799.5379385948,1.039524078369140625,1,0.059120841324329376221,0,1.4743522405624389648,1.5
1708688799.5885212421,1.0392370223999023438,1,0.058714907616376876831,0,1.4745008945465087891,1.5
1708688799.6390669346,1.0385140180587768555,1,0.057442922145128250122,0,1.474629521369934082,1.5
1708688799.6896128654,1.0384109020233154297,1,0.055564504116773605347,0,1.4746915102005004883,1.5
1708688799.7401645184,1.0385308265686035156,1,0.054606210440397262573,0,1.4749099016189575195,1.5
1708688799.7907047272,1.0389822721481323242,1,0.052941408008337020874,0,1.475224614143371582,1.5
1708688799.841234684,1.039473414421081543,1,0.051838528364896774292,0,1.4752174615859985352,1.5
1708688799.8917751312,1.0405467748641967773,1,0.049560338258743286133,0,1.4753035306930541992,1.5
1708688799.9422655106,1.0412554740905761719,1,0.048254784196615219116,0,1.4753051996231079102,1.5
1708688799.9927444458,1.0426244735717773438,1,0.045408964157104492188,0,1.4758168458938598633,1.5
1708688800.0432388783,1.0433257818222045898,1,0.043993312865495681763,0,1.4762386083602905273,1.5
1708688800.0938155651,1.0448615550994873047,1,0.041495557874441146851,0,1.4766485691070556641,1.5
1708688800.1443390846,1.0461612939834594727,1,0.039477530866861343384,0,1.4767396450042724609,1.5
1708688800.1949541569,1.0479468107223510742,1,0.036781877279281616211,0,1.4765913486480712891,1.5
1708688800.2455031872,1.0490031242370605469,1,0.035211313515901565552,0,1.4764233827590942383,1.5
1708688800.2960553169,1.0510154962539672852,1,0.031843252480030059814,0,1.4761382341384887695,1.5
1708688800.3466506004,1.0519514083862304688,1,0.030160574242472648621,0,1.4759919643402099609,1.5
1708688800.3972723484,1.0534120798110961914,1,0.027640307322144508362,0,1.4755784273147583008,1.5
1708688800.4478199482,1.0548453330993652344,1,0.025536663830280303955,0,1.4749929904937744141,1.5
1708688800.4984045029,1.0563575029373168945,1,0.023293718695640563965,0,1.4744874238967895508,1.5
1708688800.5489695072,1.057202458381652832,1,0.021783456206321716309,0,1.4741253852844238281,1.5
1708688800.5995423794,1.0589295625686645508,1,0.018921343609690666199,0,1.4733800888061523438,1.5
1708688800.650131464,1.0600663423538208008,1,0.016845680773258209229,0,1.472960352897644043,1.5
1708688800.7006750107,1.0613895654678344727,1,0.014110910706222057343,0,1.4723306894302368164,1.5
1708688800.7511789799,1.0621269941329956055,1,0.012627970427274703979,0,1.4719983339309692383,1.5
1708688800.8017482758,1.063389897346496582,1,0.0099229039624333381653,0,1.4716168642044067383,1.5
1708688800.8522822857,1.0641329288482666016,1,0.0083944760262966156006,0,1.4712848663330078125,1.5
1708688800.9027872086,1.0653532743453979492,1,0.0052049127407371997833,0,1.4711517095565795898,1.5
1708688800.9532904625,1.065934300422668457,1,0.0032781600020825862885,0,1.4712243080139160156,1.5
1708688801.0037653446,1.0665131807327270508,1,-0.00023476558271795511246,0,1.4717069864273071289,1.5
1708688801.0542588234,1.0666381120681762695,1,-0.0018737528007477521896,0,1.4718029499053955078,1.5
1708688801.1047768593,1.0666666030883789062,1,-0.0049274479970335960388,0,1.4719767570495605469,1.5
1708688801.1553430557,1.0662779808044433594,1,-0.007006180938333272934,0,1.4723633527755737305,1.5
1708688801.2060008049,1.0658169984817504883,1,-0.0081457579508423805237,0,1.4726454019546508789,1.5
1708688801.2565600872,1.0649596452713012695,1,-0.010039515793323516846,0,1.4727497100830078125,1.5
1708688801.3071398735,1.0643789768218994141,1,-0.010646790266036987305,0,1.4726655483245849609,1.5
1708688801.3581037521,1.063483119010925293,1,-0.011802468448877334595,0,1.4720958471298217773,1.5
1708688801.4086427689,1.0629866123199462891,1,-0.012460524216294288635,0,1.4712324142456054688,1.5
1708688801.459207058,1.0622653961181640625,1,-0.012700773775577545166,0,1.4700850248336791992,1.5
1708688801.5097150803,1.0616726875305175781,1,-0.012606420554220676422,0,1.4696478843688964844,1.5
1708688801.560205698,1.0602666139602661133,1,-0.012977967038750648499,0,1.4693801403045654297,1.5
1708688801.6107006073,1.0594235658645629883,1,-0.013046665117144584656,0,1.4692685604095458984,1.5
1708688801.6613500118,1.0581229925155639648,1,-0.013271955773234367371,0,1.4687137603759765625,1.5
1708688801.7118084431,1.0574011802673339844,1,-0.013661946170032024384,0,1.4682861566543579102,1.5
1708688801.7622983456,1.0561311244964599609,1,-0.015105116181075572968,0,1.4671906232833862305,1.5
1708688801.8127453327,1.0554301738739013672,1,-0.015799243003129959106,0,1.4668121337890625,1.5
1708688801.8632073402,1.054635167121887207,1,-0.017353089526295661926,0,1.4655556678771972656,1.5
1708688801.9136490822,1.0542191267013549805,1,-0.017941826954483985901,0,1.464905858039855957,1.5
1708688801.9640920162,1.0536199808120727539,1,-0.018992690369486808777,0,1.4640370607376098633,1.5
1708688802.0145373344,1.0532871484756469727,1,-0.019653160125017166138,0,1.4637067317962646484,1.5
1708688802.0650048256,1.0530023574829101562,1,-0.021122574806213378906,0,1.4630253314971923828,1.5
1708688802.1154270172,1.0531584024429321289,1,-0.02216854877769947052,0,1.4626133441925048828,1.5
1708688802.1658649445,1.0531958341598510742,1,-0.024319052696228027344,0,1.4621781110763549805,1.5
1708688802.2162799835,1.0533274412155151367,1,-0.025262800976634025574,0,1.4619326591491699219,1.5
1708688802.2667593956,1.0536444187164306641,1,-0.026722256094217300415,0,1.4611773490905761719,1.5
1708688802.3172645569,1.0539655685424804688,1,-0.027653709053993225098,0,1.4606678485870361328,1.5
1708688802.3678143024,1.0553853511810302734,1,-0.029785210266709327698,0,1.4591480493545532227,1.5
1708688802.418415308,1.0564832687377929688,1,-0.031023690477013587952,0,1.4582709074020385742,1.5
1708688802.4689626694,1.0586036443710327148,1,-0.03358033299446105957,0,1.4568457603454589844,1.5
1708688802.5194821358,1.0594965219497680664,1,-0.034571401774883270264,0,1.456134796142578125,1.5
1708688802.5700852871,1.0611531734466552734,1,-0.036250099539756774902,0,1.454831242561340332,1.5
1708688802.6207282543,1.0621144771575927734,1,-0.036889176815748214722,0,1.4541547298431396484,1.5
1708688802.6713485718,1.0643396377563476562,1,-0.037938151508569717407,0,1.4529434442520141602,1.5
1708688802.7219324112,1.0655249357223510742,1,-0.038263481110334396362,0,1.452397465705871582,1.5
1708688802.7724480629,1.0679124593734741211,1,-0.038647178560495376587,0,1.4514833688735961914,1.5
1708688802.8229384422,1.0690370798110961914,1,-0.03898455202579498291,0,1.4510937929153442383,1.5
1708688802.8734691143,1.0706217288970947266,1,-0.039288219064474105835,0,1.4505273103713989258,1.5
1708688802.9239957333,1.0716439485549926758,1,-0.039522241801023483276,0,1.4501965045928955078,1.5
1708688802.9745368958,1.0738929510116577148,1,-0.039804931730031967163,0,1.4495344161987304688,1.5
1708688803.0250844955,1.0761425495147705078,1,-0.039502017199993133545,0,1.4486341476440429688,1.5
1708688803.0756151676,1.0775177478790283203,1,-0.039145011454820632935,0,1.4480919837951660156,1.5
1708688803.1261789799,1.0792320966720581055,1,-0.038522087037563323975,0,1.4471433162689208984,1.5
1708688803.1767258644,1.0799334049224853516,1,-0.038062054663896560669,0,1.4469180107116699219,1.5
1708688803.2287061214,1.0811868906021118164,1,-0.037797834724187850952,0,1.4470741748809814453,1.5
1708688803.2792847157,1.0815343856811523438,1,-0.037700559943914413452,0,1.4472231864929199219,1.5
1708688803.3299074173,1.0826342105865478516,1,-0.037397574633359909058,0,1.4475622177124023438,1.5
1708688803.3804643154,1.0828207731246948242,1,-0.037214364856481552124,0,1.4477411508560180664,1.5
1708688803.4309899807,1.0829678773880004883,1,-0.036644514650106430054,0,1.4481577873229980469,1.5
1708688803.4815590382,1.08286285400390625,1,-0.036192234605550765991,0,1.4483940601348876953,1.5
1708688803.532156229,1.0826400518417358398,1,-0.035238415002822875977,0,1.4491701126098632812,1.5
1708688803.5826992989,1.0824571847915649414,1,-0.034762579947710037231,0,1.4495450258255004883,1.5
1708688803.6333115101,1.0809861421585083008,1,-0.032929383218288421631,0,1.4510493278503417969,1.5
1708688803.6838824749,1.0800390243530273438,1,-0.03213094174861907959,0,1.451720118522644043,1.5
1708688803.7345144749,1.0782662630081176758,1,-0.031382847577333450317,0,1.453113555908203125,1.5
1708688803.7850384712,1.0776499509811401367,1,-0.031144075095653533936,0,1.4535459280014038086,1.5
1708688803.8356251717,1.0755993127822875977,1,-0.030802782624959945679,0,1.4548918008804321289,1.5
1708688803.8861956596,1.0750745534896850586,1,-0.030960805714130401611,0,1.4551503658294677734,1.5
1708688803.9367101192,1.0733323097229003906,1,-0.032130993902683258057,0,1.4559874534606933594,1.5
1708688803.9876308441,1.071919560432434082,1,-0.034230247139930725098,0,1.4563329219818115234,1.5
1708688804.0380837917,1.0710611343383789062,1,-0.035170286893844604492,0,1.4565564393997192383,1.5
1708688804.0884988308,1.0704693794250488281,1,-0.035823702812194824219,0,1.4566977024078369141,1.5
1708688804.1388645172,1.0689222812652587891,1,-0.038044694811105728149,0,1.4566925764083862305,1.5
1708688804.1892445087,1.0682035684585571289,1,-0.039613395929336547852,0,1.4564466476440429688,1.5
1708688804.2397191525,1.0680593252182006836,1,-0.040649637579917907715,0,1.4562053680419921875,1.5
1708688804.2902019024,1.0677912235260009766,1,-0.042646087706089019775,0,1.4560114145278930664,1.5
1708688804.3409163952,1.0677818059921264648,1,-0.043394781649112701416,0,1.4560034275054931641,1.5
1708688804.3913917542,1.067913055419921875,1,-0.044683855026960372925,0,1.4561824798583984375,1.5
1708688804.4419326782,1.0683281421661376953,1,-0.04598096013069152832,0,1.4562968015670776367,1.5
1708688804.4924824238,1.0692110061645507812,1,-0.048018593341112136841,0,1.4563735723495483398,1.5
1708688804.5430457592,1.0700125694274902344,1,-0.049263041466474533081,0,1.4560962915420532227,1.5
1708688804.5936458111,1.0716567039489746094,1,-0.05184652283787727356,0,1.4556332826614379883,1.5
1708688804.6441881657,1.0724208354949951172,1,-0.052890475839376449585,0,1.4553436040878295898,1.5
1708688804.6947197914,1.0736901760101318359,1,-0.054395213723182678223,0,1.4550695419311523438,1.5
1708688804.7452580929,1.0748502016067504883,1,-0.055635266005992889404,0,1.4550000429153442383,1.5
1708688804.7957909107,1.0769069194793701172,1,-0.057543478906154632568,0,1.4550354480743408203,1.5
1708688804.8463475704,1.0776511430740356445,1,-0.058080941438674926758,0,1.4549834728240966797,1.5
1708688804.8969278336,1.079789280891418457,1,-0.05926503986120223999,0,1.4547029733657836914,1.5
1708688804.9482262135,1.0809209346771240234,1,-0.059916716068983078003,0,1.4545279741287231445,1.5
1708688804.9987812042,1.0825135707855224609,1,-0.060649327933788299561,0,1.4546666145324707031,1.5
1708688805.0493242741,1.083756566047668457,1,-0.061009034514427185059,0,1.4549576044082641602,1.5
1708688805.0998384953,1.0850634574890136719,1,-0.061166398227214813232,0,1.4555639028549194336,1.5
1708688805.1503546238,1.0857397317886352539,1,-0.061204295605421066284,0,1.4559078216552734375,1.5
1708688805.2008898258,1.08695220947265625,1,-0.061285946518182754517,0,1.456691741943359375,1.5
1708688805.251480341,1.0872794389724731445,1,-0.061081934720277786255,0,1.457177281379699707,1.5
1708688805.3021202087,1.0873616933822631836,1,-0.060116875916719436646,0,1.4585840702056884766,1.5
1708688805.3527042866,1.0871988534927368164,1,-0.059240251779556274414,0,1.4593725204467773438,1.5
