1710506430.9998886585,0.19727908074855804443,1,0.2869179844856262207,0,1.3516242504119873047,1
1710506431.0503878593,0.20424853265285491943,1,0.28830769658088684082,0,1.3235970735549926758,1
1710506431.1008515358,0.20747525990009307861,1,0.28894123435020446777,0,1.3096017837524414062,1
1710506431.1513743401,0.21398045122623443604,1,0.28954833745956420898,0,1.286229252815246582,1
1710506431.2018196583,0.22167417407035827637,1,0.28936222195625305176,0,1.2656928300857543945,1
1710506431.2522633076,0.23227995634078979492,1,0.28882464766502380371,0,1.2392107248306274414,1
1710506431.30271101,0.23909051716327667236,1,0.28833156824111938477,0,1.2235844135284423828,1
1710506431.3531851768,0.25617703795433044434,1,0.2868404388427734375,0,1.1938982009887695312,1
1710506431.4037573338,0.26630225777626037598,1,0.28579270839691162109,0,1.1803785562515258789,1
1710506431.4543678761,0.28665682673454284668,1,0.28335022926330566406,0,1.1594197750091552734,1
1710506431.5049309731,0.30072033405303955078,1,0.28159114718437194824,0,1.1478556394577026367,1
1710506431.5554831028,0.33223482966423034668,1,0.27702119946479797363,0,1.1267472505569458008,1
1710506431.6059806347,0.34984433650970458984,1,0.27433162927627563477,0,1.1167682409286499023,1
1710506431.6564047337,0.38796639442443847656,1,0.26813134551048278809,0,1.0987740755081176758,1
1710506431.7068707943,0.40168780088424682617,1,0.26599520444869995117,0,1.0933660268783569336,1
1710506431.7572624683,0.44559237360954284668,1,0.25911068916320800781,0,1.0785627365112304688,1
1710506431.8076715469,0.46817785501480102539,1,0.25540450215339660645,0,1.0720791816711425781,1
1710506431.8580880165,0.51596230268478393555,1,0.24796809256076812744,0,1.0606263875961303711,1
1710506431.9084904194,0.53962492942810058594,1,0.24437515437602996826,0,1.0560238361358642578,1
1710506431.9590439796,0.58901733160018920898,1,0.23673984408378601074,0,1.0478574037551879883,1
1710506432.0100412369,0.61306732892990112305,1,0.23283329606056213379,0,1.0442214012145996094,1
1710506432.0604410172,0.65282809734344482422,1,0.22653743624687194824,0,1.0389354228973388672,1
1710506432.110830307,0.6770305633544921875,1,0.22272405028343200684,0,1.0361877679824829102,1
1710506432.1613032818,0.72205781936645507812,1,0.21519954502582550049,0,1.0320305824279785156,1
1710506432.2118110657,0.74486601352691650391,1,0.2111435234546661377,0,1.0300315618515014648,1
1710506432.2623684406,0.7797152400016784668,1,0.20481607317924499512,0,1.0279281139373779297,1
1710506432.3129155636,0.80650246143341064453,1,0.19970972836017608643,0,1.02663421630859375,1
1710506432.3634924889,0.83734560012817382812,1,0.19326825439929962158,0,1.025361180305480957,1
1710506432.4140787125,0.85483622550964355469,1,0.18940746784210205078,0,1.0247523784637451172,1
1710506432.4646670818,0.88640862703323364258,1,0.18218539655208587646,0,1.0238202810287475586,1
1710506432.5153236389,0.91454946994781494141,1,0.17514084279537200928,0,1.0229732990264892578,1
1710506432.5658285618,0.92283588647842407227,1,0.17277637124061584473,0,1.0227054357528686523,1
1710506432.6163961887,0.94494456052780151367,1,0.1661427915096282959,0,1.0218659639358520508,1
1710506432.6669774055,0.95487385988235473633,1,0.16313695907592773438,0,1.0213080644607543945,1
1710506432.7175455093,0.97211194038391113281,1,0.15722535550594329834,0,1.0198833942413330078,1
1710506432.768071413,0.97900480031967163086,1,0.15446826815605163574,0,1.019069671630859375,1
1710506432.8186337948,0.99128884077072143555,1,0.14968438446521759033,0,1.0171518325805664062,1
1710506432.8691897392,0.99469071626663208008,1,0.14832775294780731201,0,1.0164068937301635742,1
1710506432.9197940826,1.0030066967010498047,1,0.1443973928689956665,0,1.013783574104309082,1
1710506432.9703118801,1.0064281225204467773,1,0.14233943819999694824,0,1.0121207237243652344,1
1710506433.0208857059,1.0113170146942138672,1,0.13854742050170898438,0,1.0082831382751464844,1
1710506433.0713956356,1.0132421255111694336,1,0.13651517033576965332,0,1.0060678720474243164,1
1710506433.1219501495,1.0157607793807983398,1,0.1328455507755279541,0,1.0017164945602416992,1
1710506433.1725821495,1.0161848068237304688,1,0.13166491687297821045,0,1.0001437664031982422,1
1710506433.2237727642,1.0173506736755371094,1,0.1278181225061416626,0,0.99514061212539672852,1
1710506433.2743442059,1.0174604654312133789,1,0.12577369809150695801,0,0.99276262521743774414,1
1710506433.324955225,1.0173431634902954102,1,0.12142319977283477783,0,0.98803174495697021484,1
1710506433.375524044,1.0173273086547851562,1,0.11924778670072555542,0,0.98576760292053222656,1
1710506433.426125288,1.0174177885055541992,1,0.114862784743309021,0,0.98147571086883544922,1
1710506433.4767353535,1.0174754858016967773,1,0.11344620585441589355,0,0.98014497756958007812,1
1710506433.5273153782,1.0176934003829956055,1,0.10958609730005264282,0,0.97591936588287353516,1
1710506433.5778517723,1.0179860591888427734,1,0.10764052718877792358,0,0.97383278608322143555,1
1710506433.6283979416,1.0193436145782470703,1,0.10384470969438552856,0,0.97024321556091308594,1
1710506433.678994894,1.0203615427017211914,1,0.10211219638586044312,0,0.96866667270660400391,1
1710506433.7297012806,1.0234802961349487305,1,0.098541505634784698486,0,0.96552759408950805664,1
1710506433.7803170681,1.0248464345932006836,1,0.097264327108860015869,0,0.96466177701950073242,1
1710506433.8308699131,1.0294501781463623047,1,0.093413650989532470703,0,0.96171909570693969727,1
1710506433.8814022541,1.0347666740417480469,1,0.088759779930114746094,0,0.95855826139450073242,1
1710506433.9318137169,1.0379514694213867188,1,0.086182482540607452393,0,0.95703482627868652344,1
1710506433.9822547436,1.0435938835144042969,1,0.08161846548318862915,0,0.95424067974090576172,1
1710506434.0327005386,1.0472025871276855469,1,0.078727126121520996094,0,0.95259296894073486328,1
1710506434.0831747055,1.0509359836578369141,1,0.075859554111957550049,0,0.95096528530120849609,1
1710506434.1336352825,1.0586243867874145508,1,0.069899030029773712158,0,0.94830363988876342773,1
1710506434.1841547489,1.0663390159606933594,1,0.064276069402694702148,0,0.94658488035202026367,1
1710506434.2347354889,1.0704498291015625,1,0.061319116503000259399,0,0.94597578048706054688,1
1710506434.2852780819,1.0786041021347045898,1,0.055885512381792068481,0,0.94537365436553955078,1
1710506434.335870266,1.0825933218002319336,1,0.053380921483039855957,0,0.94514560699462890625,1
1710506434.3864886761,1.0850347280502319336,1,0.051712695509195327759,0,0.94510477781295776367,1
1710506434.4370880127,1.0921530723571777344,1,0.04722752794623374939,0,0.94559812545776367188,1
1710506434.4876689911,1.0987679958343505859,1,0.043235581368207931519,0,0.94611698389053344727,1
1710506434.5382518768,1.1017764806747436523,1,0.041357289999723434448,0,0.9463189244270324707,1
1710506434.5889177322,1.1068823337554931641,1,0.038096323609352111816,0,0.94634979963302612305,1
1710506434.6395270824,1.109139561653137207,1,0.036497354507446289062,0,0.94640672206878662109,1
1710506434.6901335716,1.1131993532180786133,1,0.033894654363393783569,0,0.94636696577072143555,1
1710506434.7407047749,1.1143361330032348633,1,0.033173136413097381592,0,0.94624489545822143555,1
1710506434.7912554741,1.1172553300857543945,1,0.031229106709361076355,0,0.94554692506790161133,1
1710506434.8417971134,1.1184570789337158203,1,0.030632128939032554626,0,0.9451929926872253418,1
1710506434.8923237324,1.1202226877212524414,1,0.029137836769223213196,0,0.94391256570816040039,1
1710506434.9428517818,1.1207588911056518555,1,0.028743753209710121155,0,0.94339299201965332031,1
1710506434.9933784008,1.1221435070037841797,1,0.027333296835422515869,0,0.9416281580924987793,1
1710506435.0438435078,1.1226335763931274414,1,0.02693236619234085083,0,0.94093084335327148438,1
1710506435.094353199,1.1231633424758911133,1,0.026770059019327163696,0,0.93989175558090209961,1
1710506435.1448450089,1.1231683492660522461,1,0.026887519285082817078,0,0.93942409753799438477,1
1710506435.1953544617,1.1231482028961181641,1,0.027591764926910400391,0,0.93866026401519775391,1
1710506435.2458233833,1.1228442192077636719,1,0.028296498581767082214,0,0.93819487094879150391,1
1710506435.2963080406,1.1217992305755615234,1,0.02994451671838760376,0,0.93680757284164428711,1
1710506435.3468136787,1.1214056015014648438,1,0.030460959300398826599,0,0.93613630533218383789,1
1710506435.3972864151,1.1196421384811401367,1,0.03241971135139465332,0,0.93374192714691162109,1
1710506435.4477283955,1.1185449361801147461,1,0.033619739115238189697,0,0.93249535560607910156,1
1710506435.4983217716,1.116475224494934082,1,0.035937424749135971069,0,0.92992740869522094727,1
1710506435.5489339828,1.1155968904495239258,1,0.036716390401124954224,0,0.92891752719879150391,1
1710506435.5995497704,1.1127268075942993164,1,0.039654824882745742798,0,0.92536646127700805664,1
1710506435.6501181126,1.1109505891799926758,1,0.041628498584032058716,0,0.92267614603042602539,1
1710506435.7006907463,1.11011505126953125,1,0.042657446116209030151,0,0.92112028598785400391,1
1710506435.7512812614,1.1091002225875854492,1,0.044527750462293624878,0,0.91886854171752929688,1
1710506435.8018190861,1.1088507175445556641,1,0.045503932982683181763,0,0.91758894920349121094,1
1710506435.8523716927,1.1084370613098144531,1,0.046863764524459838867,0,0.91556787490844726562,1
1710506435.9028866291,1.1083942651748657227,1,0.047274798154830932617,0,0.91389113664627075195,1
1710506435.9534561634,1.108692169189453125,1,0.047725442796945571899,0,0.91062194108963012695,1
1710506436.0039186478,1.10919189453125,1,0.047909222543239593506,0,0.9085165858268737793,1
1710506436.0545141697,1.1103723049163818359,1,0.047731947153806686401,0,0.90551435947418212891,1
1710506436.1050357819,1.1110950708389282227,1,0.047402266412973403931,0,0.90413564443588256836,1
1710506436.1555337906,1.1127067804336547852,1,0.045887287706136703491,0,0.90111052989959716797,1
1710506436.2060141563,1.1138482093811035156,1,0.044744621962308883667,0,0.89948534965515136719,1
1710506436.2565681934,1.1156615018844604492,1,0.042791154235601425171,0,0.89788913726806640625,1
1710506436.3071129322,1.1167464256286621094,1,0.040944915264844894409,0,0.89723175764083862305,1
1710506436.3576922417,1.1182247400283813477,1,0.037766180932521820068,0,0.89677888154983520508,1
1710506436.4082565308,1.1188008785247802734,1,0.035923875868320465088,0,0.89679312705993652344,1
1710506436.4588563442,1.1192356348037719727,1,0.032396838068962097168,0,0.89828097820281982422,1
1710506436.5096783638,1.1192257404327392578,1,0.030067622661590576172,0,0.89937639236450195312,1
1710506436.5602679253,1.1189011335372924805,1,0.025808069854974746704,0,0.90162539482116699219,1
1710506436.6110026836,1.1186517477035522461,1,0.023440659046173095703,0,0.90300965309143066406,1
1710506436.6615185738,1.1180126667022705078,1,0.019655359908938407898,0,0.90537041425704956055,1
1710506436.712003231,1.1175463199615478516,1,0.017537180334329605103,0,0.9069131016731262207,1
1710506436.762468338,1.1167471408843994141,1,0.013538420200347900391,0,0.90930801630020141602,1
1710506436.8129324913,1.1157152652740478516,1,0.010395769961178302765,0,0.91117775440216064453,1
1710506436.8634924889,1.1144769191741943359,1,0.0063629997894167900085,0,0.91299283504486083984,1
1710506436.9139668941,1.113377690315246582,1,0.0042690965346992015839,0,0.91366046667098999023,1
1710506436.9644060135,1.1117087602615356445,1,0.00099826522637158632278,0,0.91468852758407592773,1
1710506437.0148358345,1.1104557514190673828,1,-0.00079129426740109920502,0,0.91513937711715698242,1
1710506437.0652639866,1.1085473299026489258,1,-0.003682104405015707016,0,0.91619610786437988281,1
1710506437.1157078743,1.1056860685348510742,1,-0.0061754095368087291718,0,0.91742384433746337891,1
1710506437.16614604,1.1041948795318603516,1,-0.0074013718403875827789,0,0.91792476177215576172,1
1710506437.2165989876,1.1015019416809082031,1,-0.0088696954771876335144,0,0.91853451728820800781,1
1710506437.2670743465,1.1000158786773681641,1,-0.0096988668665289878845,0,0.91879963874816894531,1
1710506437.3175182343,1.0976476669311523438,1,-0.010865215212106704712,0,0.91909426450729370117,1
1710506437.3680651188,1.0965459346771240234,1,-0.011387879960238933563,0,0.91916602849960327148,1
1710506437.4186968803,1.0947602987289428711,1,-0.012193262577056884766,0,0.9192981719970703125,1
1710506437.4692783356,1.0941381454467773438,1,-0.012476641684770584106,0,0.91924864053726196289,1
1710506437.5198779106,1.0921728610992431641,1,-0.013696650974452495575,0,0.91875571012496948242,1
1710506437.5704572201,1.0908430814743041992,1,-0.014555663801729679108,0,0.91912412643432617188,1
1710506437.6210188866,1.0898985862731933594,1,-0.015241416171193122864,0,0.91987335681915283203,1
1710506437.6715717316,1.089298248291015625,1,-0.016215326264500617981,0,0.92079627513885498047,1
1710506437.722114563,1.0893042087554931641,1,-0.016510304063558578491,0,0.92112636566162109375,1
1710506437.7726666927,1.0894030332565307617,1,-0.017126567661762237549,0,0.92223370075225830078,1
1710506437.8231875896,1.0896918773651123047,1,-0.017299015074968338013,0,0.92286217212677001953,1
1710506437.8736841679,1.0906814336776733398,1,-0.017295610159635543823,0,0.92409694194793701172,1
1710506437.9241914749,1.0913120508193969727,1,-0.017038982361555099487,0,0.92483144998550415039,1
1710506437.9747459888,1.0928477048873901367,1,-0.016240842640399932861,0,0.92660695314407348633,1
1710506438.0252478123,1.0934187173843383789,1,-0.015642415732145309448,0,0.92776310443878173828,1
1710506438.07578969,1.0946656465530395508,1,-0.014424906112253665924,0,0.93039488792419433594,1
1710506438.1263334751,1.0953772068023681641,1,-0.013467653654515743256,0,0.93229490518569946289,1
1710506438.1769542694,1.0969214439392089844,1,-0.011413633823394775391,0,0.93517720699310302734,1
1710506438.2274568081,1.0977537631988525391,1,-0.0097617022693157196045,0,0.93717050552368164062,1
1710506438.2779636383,1.0997666120529174805,1,-0.0068610836751759052277,0,0.94084835052490234375,1
1710506438.3284082413,1.1012665033340454102,1,-0.0040599270723760128021,0,0.94393372535705566406,1
1710506438.3788938522,1.1028928756713867188,1,-0.00064858398400247097015,0,0.94746053218841552734,1
1710506438.4293756485,1.1039377450942993164,1,0.0013012249255552887917,0,0.94945323467254638672,1
1710506438.4798429012,1.1064982414245605469,1,0.0048245592042803764343,0,0.95325171947479248047,1
1710506438.5303339958,1.1077300310134887695,1,0.0064141135662794113159,0,0.95483058691024780273,1
1710506438.5808093548,1.1093676090240478516,1,0.0089452862739562988281,0,0.95749813318252563477,1
1710506438.6313972473,1.1102336645126342773,1,0.01035734172910451889,0,0.95914804935455322266,1
1710506438.681848526,1.1116693019866943359,1,0.013248098082840442657,0,0.96226614713668823242,1
1710506438.7323470116,1.1125832796096801758,1,0.014934476464986801147,0,0.96387881040573120117,1
1710506438.7828905582,1.1140691041946411133,1,0.018008707091212272644,0,0.96576476097106933594,1
1710506438.8334248066,1.1148694753646850586,1,0.020472336560487747192,0,0.96727228164672851562,1
1710506438.8839488029,1.1155546903610229492,1,0.023585906252264976501,0,0.96929329633712768555,1
1710506438.9344277382,1.1158444881439208984,1,0.025080163031816482544,0,0.97049379348754882812,1
1710506438.9849298,1.1160025596618652344,1,0.027766602113842964172,0,0.97186082601547241211,1
1710506439.0354523659,1.1159024238586425781,1,0.028843857347965240479,0,0.97194522619247436523,1
1710506439.0859689713,1.1151757240295410156,1,0.030635312199592590332,0,0.97122168540954589844,1
1710506439.1365230083,1.1138349771499633789,1,0.032010462135076522827,0,0.96965938806533813477,1
1710506439.1870789528,1.113133549690246582,1,0.032745923846960067749,0,0.96878445148468017578,1
1710506439.2376465797,1.1116673946380615234,1,0.033764455467462539673,0,0.96616291999816894531,1
1710506439.2882270813,1.1109132766723632812,1,0.033979639410972595215,0,0.96440845727920532227,1
1710506439.3387515545,1.1095869541168212891,1,0.034776456654071807861,0,0.96118253469467163086,1
1710506439.3893079758,1.1091080904006958008,1,0.034894976764917373657,0,0.95988005399703979492,1
1710506439.43988204,1.1084145307540893555,1,0.035051051527261734009,0,0.95802611112594604492,1
1710506439.4904711246,1.1078454256057739258,1,0.035211130976676940918,0,0.95703905820846557617,1
1710506439.5410685539,1.10686492919921875,1,0.034635454416275024414,0,0.95492535829544067383,1
1710506439.5915703773,1.1064740419387817383,1,0.034059643745422363281,0,0.95389473438262939453,1
1710506439.6420915127,1.1054223775863647461,1,0.032074473798274993896,0,0.95216697454452514648,1
1710506439.6926505566,1.1050294637680053711,1,0.031460702419281005859,0,0.95173323154449462891,1
1710506439.7432615757,1.1035029888153076172,1,0.030039303004741668701,0,0.95139420032501220703,1
1710506439.7937793732,1.1025671958923339844,1,0.029054587706923484802,0,0.95147109031677246094,1
1710506439.8443202972,1.1009267568588256836,1,0.027243793010711669922,0,0.95223224163055419922,1
1710506439.8948967457,1.1000624895095825195,1,0.026320734992623329163,0,0.95284497737884521484,1
1710506439.9454460144,1.0979759693145751953,1,0.025332873687148094177,0,0.95505023002624511719,1
1710506439.9959852695,1.0971657037734985352,1,0.025088394060730934143,0,0.95592474937438964844,1
1710506440.0465328693,1.0952060222625732422,1,0.02340087108314037323,0,0.95838522911071777344,1
1710506440.0970368385,1.0941652059555053711,1,0.02237578853964805603,0,0.95939779281616210938,1
1710506440.1474928856,1.0922873020172119141,1,0.02011164836585521698,0,0.96145051717758178711,1
1710506440.1979951859,1.0916076898574829102,1,0.018799254670739173889,0,0.96233367919921875,1
1710506440.2484855652,1.0901463031768798828,1,0.016108367592096328735,0,0.96449291706085205078,1
1710506440.2989826202,1.0896781682968139648,1,0.015136099420487880707,0,0.96519148349761962891,1
1710506440.3510754108,1.0885406732559204102,1,0.011976657435297966003,0,0.96719956398010253906,1
1710506440.4015371799,1.0881834030151367188,1,0.010156144388020038605,0,0.96829152107238769531,1
1710506440.4520134926,1.0877854824066162109,1,0.0063794478774070739746,0,0.97048962116241455078,1
1710506440.502519846,1.0874260663986206055,1,0.002268491080030798912,0,0.97163081169128417969,1
1710506440.5530457497,1.0873074531555175781,1,0.00014146993635222315788,0,0.97183686494827270508,1
1710506440.6036322117,1.0871652364730834961,1,-0.0012926589697599411011,0,0.97185349464416503906,1
1710506440.6542396545,1.0869899988174438477,1,-0.0060612726956605911255,0,0.97197437286376953125,1
1710506440.7048521042,1.0869820117950439453,1,-0.0087588746100664138794,0,0.97205424308776855469,1
1710506440.7554252148,1.0874903202056884766,1,-0.014619173482060432434,0,0.97172063589096069336,1
1710506440.8059885502,1.0879719257354736328,1,-0.017656574025750160217,0,0.97186011075973510742,1
1710506440.8565394878,1.0889191627502441406,1,-0.023589396849274635315,0,0.972370147705078125,1
1710506440.907047987,1.0905399322509765625,1,-0.029520109295845031738,0,0.97278058528900146484,1
1710506440.9576032162,1.0912816524505615234,1,-0.031528078019618988037,0,0.97290343046188354492,1
1710506441.0081632137,1.0935397148132324219,1,-0.037705387920141220093,0,0.97298109531402587891,1
1710506441.0586359501,1.0948860645294189453,1,-0.040724374353885650635,0,0.97279876470565795898,1
1710506441.1090826988,1.0982377529144287109,1,-0.047116756439208984375,0,0.97224563360214233398,1
1710506441.1597173214,1.099236607551574707,1,-0.04939935728907585144,0,0.97176587581634521484,1
1710506441.2102246284,1.1028381586074829102,1,-0.057982079684734344482,0,0.96934783458709716797,1
1710506441.2607152462,1.1038359403610229492,1,-0.060450512915849685669,0,0.96846902370452880859,1
1710506441.3112533092,1.1070858240127563477,1,-0.067979805171489715576,0,0.96581548452377319336,1
1710506441.3618204594,1.1087704896926879883,1,-0.071627095341682434082,0,0.96471333503723144531,1
1710506441.4122726917,1.1119182109832763672,1,-0.078093796968460083008,0,0.96317440271377563477,1
1710506441.4627323151,1.1140036582946777344,1,-0.081914991140365600586,0,0.96243911981582641602,1
1710506441.5132701397,1.118197321891784668,1,-0.089108042418956756592,0,0.96091264486312866211,1
1710506441.5638616085,1.120341181755065918,1,-0.092146992683410644531,0,0.96028763055801391602,1
1710506441.614467144,1.1248410940170288086,1,-0.098308749496936798096,0,0.95907711982727050781,1
1710506441.6650192738,1.1270306110382080078,1,-0.10146514326333999634,0,0.95847946405410766602,1
1710506441.7157039642,1.1309305429458618164,1,-0.10619468241930007935,0,0.95744943618774414062,1
1710506441.766248703,1.1332000494003295898,1,-0.10875167697668075562,0,0.95665729045867919922,1
1710506441.8168566227,1.1387734413146972656,1,-0.11330929398536682129,0,0.95518743991851806641,1
1710506441.8674108982,1.1403883695602416992,1,-0.11437173187732696533,0,0.95490264892578125,1
1710506441.9179484844,1.1457278728485107422,1,-0.11654745787382125854,0,0.95465856790542602539,1
1710506441.9684894085,1.1486363410949707031,1,-0.11719376593828201294,0,0.95499783754348754883,1
1710506442.019084692,1.1537605524063110352,1,-0.11764263361692428589,0,0.95547121763229370117,1
1710506442.0697169304,1.1601159572601318359,1,-0.116173572838306427,0,0.95627480745315551758,1
1710506442.1202549934,1.1634935140609741211,1,-0.11491930484771728516,0,0.95713728666305541992,1
1710506442.1707789898,1.1707737445831298828,1,-0.11188623309135437012,0,0.95954936742782592773,1
1710506442.2212879658,1.1745917797088623047,1,-0.11010082066059112549,0,0.96068537235260009766,1
1710506442.2717559338,1.1828751564025878906,1,-0.10695676505565643311,0,0.96288877725601196289,1
1710506442.3222281933,1.1868813037872314453,1,-0.10510737448930740356,0,0.96400016546249389648,1
1710506442.3727545738,1.1933910846710205078,1,-0.10168718546628952026,0,0.96596902608871459961,1
1710506442.4232475758,1.1971795558929443359,1,-0.099500797688961029053,0,0.96737694740295410156,1
1710506442.4737362862,1.203984379768371582,1,-0.094974331557750701904,0,0.97148555517196655273,1
1710506442.5243396759,1.2066636085510253906,1,-0.092395655810832977295,0,0.97442352771759033203,1
1710506442.5748221874,1.210764765739440918,1,-0.08795312047004699707,0,0.97939330339431762695,1
1710506442.6253113747,1.2130444049835205078,1,-0.084365852177143096924,0,0.98303169012069702148,1
1710506442.6758053303,1.2144361734390258789,1,-0.079381234943866729736,0,0.98809647560119628906,1
1710506442.726405859,1.2148163318634033203,1,-0.076384596526622772217,0,0.99150025844573974609,1
1710506442.7770256996,1.2147688865661621094,1,-0.069814339280128479004,0,0.99913626909255981445,1
1710506442.8276131153,1.2143666744232177734,1,-0.066544257104396820068,0,1.0026589632034301758,1
1710506442.8781764507,1.2128589153289794922,1,-0.060454800724983215332,0,1.0083686113357543945,1
1710506442.9287221432,1.2107827663421630859,1,-0.055034451186656951904,0,1.0133756399154663086,1
1710506442.9793536663,1.2080117464065551758,1,-0.048921160399913787842,0,1.0213390588760375977,1
1710506443.0299053192,1.206406712532043457,1,-0.045229393988847732544,0,1.0268137454986572266,1
1710506443.0804371834,1.2023690938949584961,1,-0.037536736577749252319,0,1.0392218828201293945,1
1710506443.1309633255,1.1996939182281494141,1,-0.033281650394201278687,0,1.0462440252304077148,1
1710506443.1814613342,1.1941834688186645508,1,-0.025614272803068161011,0,1.0591788291931152344,1
1710506443.2319931984,1.1892646551132202148,1,-0.019094105809926986694,0,1.0700401067733764648,1
1710506443.2825562954,1.1824001073837280273,1,-0.011062756180763244629,0,1.0835034847259521484,1
1710506443.3331279755,1.1779787540435791016,1,-0.00619584694504737854,0,1.0917589664459228516,1
1710506443.3838121891,1.1684544086456298828,1,0.0039057135581970214844,0,1.1079287528991699219,1
1710506443.4343466759,1.1650801897048950195,1,0.0073381504043936729431,0,1.1131403446197509766,1
1710506443.4849612713,1.1548100709915161133,1,0.017670586705207824707,0,1.1279611587524414062,1
1710506443.5355517864,1.1481558084487915039,1,0.024539116770029067993,0,1.1365799903869628906,1
1710506443.5861124992,1.139942169189453125,1,0.03297657892107963562,0,1.1464742422103881836,1
1710506443.636693716,1.1349221467971801758,1,0.038347795605659484863,0,1.1520051956176757812,1
1710506443.6873254776,1.1265826225280761719,1,0.04735329747200012207,0,1.1604509353637695312,1
1710506443.7379722595,1.1200753450393676758,1,0.054514095187187194824,0,1.1662533283233642578,1
1710506443.7885584831,1.1118134260177612305,1,0.063669979572296142578,0,1.1726878881454467773,1
1710506443.8391737938,1.1021893024444580078,1,0.074441060423851013184,0,1.1787370443344116211,1
1710506443.8899950981,1.0976239442825317383,1,0.079682782292366027832,0,1.1809630393981933594,1
1710506443.9405560493,1.0889370441436767578,1,0.089875578880310058594,0,1.1844605207443237305,1
1710506443.9911196232,1.084667205810546875,1,0.094851352274417877197,0,1.1857714653015136719,1
1710506444.0416436195,1.0782728195190429688,1,0.10263776779174804688,0,1.1868271827697753906,1
1710506444.092148304,1.0747015476226806641,1,0.10682566463947296143,0,1.1872152090072631836,1
1710506444.1426143646,1.0680965185165405273,1,0.11460418254137039185,0,1.187575221061706543,1
1710506444.1931247711,1.0651438236236572266,1,0.11825388669967651367,0,1.187225341796875,1
1710506444.2435467243,1.0600479841232299805,1,0.12461446970701217651,0,1.1860959529876708984,1
1710506444.2940225601,1.0579530000686645508,1,0.12727716565132141113,0,1.1852715015411376953,1
1710506444.3446583748,1.0545871257781982422,1,0.13143743574619293213,0,1.1837867498397827148,1
1710506444.3953049183,1.0527656078338623047,1,0.13370294868946075439,0,1.1828980445861816406,1
1710506444.4458649158,1.0496382713317871094,1,0.13794784247875213623,0,1.180785059928894043,1
1710506444.4963817596,1.0482975244522094727,1,0.13992123305797576904,0,1.1796303987503051758,1
1710506444.5469882488,1.0454734563827514648,1,0.14371173083782196045,0,1.1775962114334106445,1
1710506444.5976164341,1.0446941852569580078,1,0.14480495452880859375,0,1.1768865585327148438,1
1710506444.6482255459,1.0418105125427246094,1,0.14837878942489624023,0,1.1749407052993774414,1
1710506444.6988387108,1.0413609743118286133,1,0.1491397470235824585,0,1.1744449138641357422,1
1710506444.7494699955,1.039828181266784668,1,0.15135759115219116211,0,1.1735662221908569336,1
1710506444.800028801,1.0391483306884765625,1,0.15216489136219024658,0,1.1732903718948364258,1
1710506444.850591898,1.0381112098693847656,1,0.15342760086059570312,0,1.1727919578552246094,1
1710506444.9011461735,1.037302851676940918,1,0.15397846698760986328,0,1.1732007265090942383,1
1710506444.9517085552,1.0366511344909667969,1,0.15456521511077880859,0,1.173886418342590332,1
1710506445.0022675991,1.0359019041061401367,1,0.15545091032981872559,0,1.1747670173645019531,1
1710506445.0528252125,1.0353372097015380859,1,0.15598346292972564697,0,1.1753630638122558594,1
1710506445.1034066677,1.0332583189010620117,1,0.15677809715270996094,0,1.1771887540817260742,1
1710506445.1539201736,1.0332583189010620117,1,0.15677809715270996094,0,1.1771887540817260742,1
1710506445.2044582367,1.0310170650482177734,1,0.15722328424453735352,0,1.1790456771850585938,1
1710506445.2550566196,1.0280538797378540039,1,0.15811164677143096924,0,1.1806107759475708008,1
1710506445.3055818081,1.0270599126815795898,1,0.15847280621528625488,0,1.1809782981872558594,1
1710506445.3561167717,1.0235712528228759766,1,0.16047073900699615479,0,1.1813111305236816406,1
1710506445.406709671,1.0199130773544311523,1,0.16300302743911743164,0,1.1813499927520751953,1
1710506445.4572913647,1.0182415246963500977,1,0.16446974873542785645,0,1.1808530092239379883,1
1710506445.507843256,1.0150231122970581055,1,0.16713845729827880859,0,1.1793234348297119141,1
1710506445.5584170818,1.0139861106872558594,1,0.16808100044727325439,0,1.1787030696868896484,1
1710506445.6089572906,1.0112859010696411133,1,0.17112755775451660156,0,1.1754965782165527344,1
1710506445.6595344543,1.0106375217437744141,1,0.1720358431339263916,0,1.1743719577789306641,1
1710506445.7101120949,1.0097674131393432617,1,0.17328621447086334229,0,1.1727868318557739258,1
1710506445.7606992722,1.0089476108551025391,1,0.17554646730422973633,0,1.1692438125610351562,1
1710506445.8113145828,1.0087151527404785156,1,0.17744563519954681396,0,1.1649636030197143555,1
1710506445.861894846,1.0090179443359375,1,0.17812488973140716553,0,1.1627193689346313477,1
1710506445.9124963284,1.0102208852767944336,1,0.17866373062133789062,0,1.1587915420532226562,1
1710506445.9630863667,1.0112850666046142578,1,0.17877206206321716309,0,1.1565991640090942383,1
1710506446.0135996342,1.0139353275299072266,1,0.17871290445327758789,0,1.1526724100112915039,1
1710506446.0641636848,1.0153446197509765625,1,0.1788711249828338623,0,1.1509690284729003906,1
1710506446.1146850586,1.0190089941024780273,1,0.17867955565452575684,0,1.1474866867065429688,1
1710506446.1652154922,1.0203435420989990234,1,0.17854018509387969971,0,1.1464374065399169922,1
1710506446.2157657146,1.0246491432189941406,1,0.17775221168994903564,0,1.1435600519180297852,1
1710506446.2662696838,1.0271050930023193359,1,0.17703656852245330811,0,1.1423084735870361328,1
1710506446.316753149,1.0325303077697753906,1,0.17542545497417449951,0,1.1396310329437255859,1
1710506446.3672738075,1.0352191925048828125,1,0.17449268698692321777,0,1.1383405923843383789,1
1710506446.4178392887,1.0406781435012817383,1,0.17214776575565338135,0,1.1358906030654907227,1
1710506446.4683134556,1.0447827577590942383,1,0.1703281402587890625,0,1.1343916654586791992,1
1710506446.5188648701,1.0470142364501953125,1,0.16941741108894348145,0,1.1338788270950317383,1
1710506446.569344759,1.0514720678329467773,1,0.16696006059646606445,0,1.1332696676254272461,1
1710506446.6201052666,1.0535053014755249023,1,0.16542184352874755859,0,1.1332523822784423828,1
1710506446.6706671715,1.0568826198577880859,1,0.16191750764846801758,0,1.1339420080184936523,1
1710506446.7212059498,1.0584288835525512695,1,0.16013275086879730225,0,1.1341226100921630859,1
1710506446.7717766762,1.0606920719146728516,1,0.15698045492172241211,0,1.1341871023178100586,1
1710506446.8223450184,1.0616039037704467773,1,0.15534913539886474609,0,1.1343462467193603516,1
1710506446.8729588985,1.0631730556488037109,1,0.15178067982196807861,0,1.1346533298492431641,1
1710506446.9235305786,1.0637960433959960938,1,0.14998485147953033447,0,1.1346573829650878906,1
1710506446.9740557671,1.0647290945053100586,1,0.14676499366760253906,0,1.1348736286163330078,1
1710506447.0245809555,1.0653083324432373047,1,0.14438897371292114258,0,1.1346843242645263672,1
1710506447.0751271248,1.0654799938201904297,1,0.14139218628406524658,0,1.1345348358154296875,1
1710506447.1256747246,1.0656450986862182617,1,0.1395718008279800415,0,1.1344240903854370117,1
1710506447.1762297153,1.0659428834915161133,1,0.13588199019432067871,0,1.1345868110656738281,1
1710506447.2267398834,1.0660456418991088867,1,0.13408844172954559326,0,1.1349120140075683594,1
1710506447.2772705555,1.0664205551147460938,1,0.13099025189876556396,0,1.1356043815612792969,1
1710506447.3278069496,1.0665342807769775391,1,0.12923704087734222412,0,1.1361802816390991211,1
1710506447.3783597946,1.0663561820983886719,1,0.12672352790832519531,0,1.1376340389251708984,1
1710506447.4289717674,1.0658533573150634766,1,0.12577892839908599854,0,1.1386027336120605469,1
1710506447.4794733524,1.0644028186798095703,1,0.1248860284686088562,0,1.1409522294998168945,1
1710506447.5300562382,1.063304901123046875,1,0.12499421834945678711,0,1.1426213979721069336,1
1710506447.5806150436,1.0610224008560180664,1,0.1253172457218170166,0,1.1458667516708374023,1
1710506447.6314003468,1.0593550205230712891,1,0.12568573653697967529,0,1.1480963230133056641,1
1710506447.681958437,1.0560498237609863281,1,0.12671382725238800049,0,1.1519997119903564453,1
1710506447.7325561047,1.0543216466903686523,1,0.12729620933532714844,0,1.1540682315826416016,1
1710506447.7831268311,1.0510275363922119141,1,0.1282110065221786499,0,1.1575790643692016602,1
1710506447.8336846828,1.0493148565292358398,1,0.12863285839557647705,0,1.1588133573532104492,1
1710506447.8842511177,1.046504974365234375,1,0.12908665835857391357,0,1.1605935096740722656,1
1710506447.9348211288,1.0442731380462646484,1,0.12908284366130828857,0,1.1617964506149291992,1
1710506447.9854240417,1.0414702892303466797,1,0.12885943055152893066,0,1.1630182266235351562,1
1710506448.0359740257,1.0398917198181152344,1,0.12852841615676879883,0,1.1634932756423950195,1
1710506448.0865154266,1.0367521047592163086,1,0.12745571136474609375,0,1.1640275716781616211,1
1710506448.1370446682,1.0338474512100219727,1,0.12587003409862518311,0,1.1637351512908935547,1
1710506448.1875290871,1.0329641103744506836,1,0.12512414157390594482,0,1.1634895801544189453,1
1710506448.2381031513,1.0304185152053833008,1,0.12267852574586868286,0,1.1632817983627319336,1
1710506448.2886373997,1.0292403697967529297,1,0.12110809981822967529,0,1.1632931232452392578,1
1710506448.3392119408,1.0271205902099609375,1,0.1176044270396232605,0,1.1631975173950195312,1
1710506448.3897871971,1.0261468887329101562,1,0.11584683507680892944,0,1.163369297981262207,1
1710506448.4403357506,1.0246301889419555664,1,0.11252645403146743774,0,1.1639658212661743164,1
1710506448.490976572,1.023705601692199707,1,0.11054144799709320068,0,1.1644471883773803711,1
1710506448.5414583683,1.0219540596008300781,1,0.10640458017587661743,0,1.1653394699096679688,1
1710506448.5919165611,1.0211292505264282227,1,0.10427019745111465454,0,1.1657515764236450195,1
1710506448.6423957348,1.0194870233535766602,1,0.099826596677303314209,0,1.1663492918014526367,1
1710506448.6929805279,1.0186432600021362305,1,0.097601510584354400635,0,1.1666438579559326172,1
1710506448.7435765266,1.0173827409744262695,1,0.093839533627033233643,0,1.1669847965240478516,1
1710506448.7941951752,1.0165638923645019531,1,0.091653585433959960938,0,1.1669914722442626953,1
1710506448.8447642326,1.0148772001266479492,1,0.087586827576160430908,0,1.1665819883346557617,1
1710506448.8953578472,1.0136175155639648438,1,0.085890129208564758301,0,1.1665589809417724609,1
1710506448.9459347725,1.0116388797760009766,1,0.082124173641204833984,0,1.1657418012619018555,1
1710506448.9964668751,1.0106327533721923828,1,0.080227017402648925781,0,1.1653347015380859375,1
1710506449.0470430851,1.0090968608856201172,1,0.077101632952690124512,0,1.1644934415817260742,1
1710506449.097561121,1.0080895423889160156,1,0.075276836752891540527,0,1.1640803813934326172,1
1710506449.1480624676,1.0069257020950317383,1,0.071330942213535308838,0,1.162736058235168457,1
1710506449.198549509,1.0068655014038085938,1,0.0691682472825050354,0,1.1617085933685302734,1
1710506449.2490842342,1.0073149204254150391,1,0.064822047948837280273,0,1.1589294672012329102,1
1710506449.2999629974,1.0076335668563842773,1,0.063103020191192626953,0,1.1580500602722167969,1
1710506449.3504793644,1.0094422101974487305,1,0.05748810991644859314,0,1.1542694568634033203,1
1710506449.4010150433,1.0101472139358520508,1,0.056017357856035232544,0,1.1530084609985351562,1
1710506449.4515464306,1.0126903057098388672,1,0.051536224782466888428,0,1.1493569612503051758,1
1710506449.5021061897,1.0137413740158081055,1,0.049818426370620727539,0,1.1478037834167480469,1
1710506449.5527014732,1.015271306037902832,1,0.047816779464483261108,0,1.144627690315246582,1
1710506449.6032996178,1.0163193941116333008,1,0.046735439449548721313,0,1.1423201560974121094,1
1710506449.6539709568,1.0169019699096679688,1,0.046396058052778244019,0,1.1411406993865966797,1
1710506449.7045099735,1.017425537109375,1,0.046439118683338165283,0,1.1399909257888793945,1
1710506449.7551352978,1.0178616046905517578,1,0.047916375100612640381,0,1.1376439332962036133,1
1710506449.8057608604,1.0176014900207519531,1,0.050846096128225326538,0,1.1351568698883056641,1
1710506449.8563158512,1.0172444581985473633,1,0.052653301507234573364,0,1.1343016624450683594,1
1710506449.906889677,1.0167860984802246094,1,0.056290112435817718506,0,1.1336344480514526367,1
1710506449.9574985504,1.016405940055847168,1,0.057696513831615447998,0,1.1336584091186523438,1
1710506450.0080552101,1.0151795148849487305,1,0.062607213854789733887,0,1.1333932876586914062,1
1710506450.0586285591,1.0145347118377685547,1,0.065220184624195098877,0,1.1331636905670166016,1
1710506450.109162569,1.0129439830780029297,1,0.07076002657413482666,0,1.1325746774673461914,1
1710506450.1597621441,1.0118496417999267578,1,0.073942825198173522949,0,1.1322976350784301758,1
1710506450.2102963924,1.0102237462997436523,1,0.079436190426349639893,0,1.1317815780639648438,1
1710506450.260850668,1.0093158483505249023,1,0.082770742475986480713,0,1.1314349174499511719,1
1710506450.3113920689,1.0071467161178588867,1,0.090272605419158935547,0,1.1309936046600341797,1
1710506450.36196208,1.0061706304550170898,1,0.093996711075305938721,0,1.1308284997940063477,1
1710506450.4125447273,1.0049458742141723633,1,0.099545009434223175049,0,1.130771636962890625,1
1710506450.4631819725,1.004526972770690918,1,0.10369698703289031982,0,1.1304180622100830078,1
1710506450.5136675835,1.0046983957290649414,1,0.10963460803031921387,0,1.1299893856048583984,1
1710506450.5645051003,1.0049543380737304688,1,0.11154774576425552368,0,1.1298887729644775391,1
1710506450.6168560982,1.0067666769027709961,1,0.11629134416580200195,0,1.1298329830169677734,1
1710506450.6675233841,1.0081311464309692383,1,0.11823780089616775513,0,1.1298055648803710938,1
1710506450.7181494236,1.010584712028503418,1,0.12117407470941543579,0,1.1298418045043945312,1
1710506450.76871562,1.0122095346450805664,1,0.12288162112236022949,0,1.1301004886627197266,1
1710506450.8193366528,1.0158317089080810547,1,0.12682421505451202393,0,1.1308732032775878906,1
1710506450.8699710369,1.0182923078536987305,1,0.12970669567584991455,0,1.1314755678176879883,1
1710506450.9205613136,1.0199524164199829102,1,0.13099230825901031494,0,1.131750941276550293,1
1710506450.9710834026,1.0232549905776977539,1,0.13293032348155975342,0,1.1314581632614135742,1
1710506451.0216004848,1.0251424312591552734,1,0.13401675224304199219,0,1.1313396692276000977,1
1710506451.0721158981,1.0288794040679931641,1,0.13540597259998321533,0,1.1307725906372070312,1
1710506451.1225676537,1.0307343006134033203,1,0.13598076999187469482,0,1.1303542852401733398,1
1710506451.1730706692,1.0340576171875,1,0.13679127395153045654,0,1.1295751333236694336,1
1710506451.223610878,1.0354359149932861328,1,0.13716286420822143555,0,1.1293674707412719727,1
1710506451.2741732597,1.0374143123626708984,1,0.13748668134212493896,0,1.1294062137603759766,1
1710506451.3247082233,1.0381282567977905273,1,0.1372143477201461792,0,1.1293952465057373047,1
1710506451.3752772808,1.039806365966796875,1,0.13571840524673461914,0,1.1295350790023803711,1
1710506451.4258065224,1.0406477451324462891,1,0.13437475264072418213,0,1.1296721696853637695,1
1710506451.4763817787,1.0418572425842285156,1,0.13108299672603607178,0,1.1305452585220336914,1
1710506451.5269365311,1.042386174201965332,1,0.12899990379810333252,0,1.1311938762664794922,1
1710506451.5775508881,1.0435227155685424805,1,0.1240558624267578125,0,1.132475733757019043,1
1710506451.628080368,1.0441095829010009766,1,0.12107393890619277954,0,1.1334042549133300781,1
1710506451.6785509586,1.0451266765594482422,1,0.11611105501651763916,0,1.1350908279418945312,1
1710506451.7290914059,1.0455355644226074219,1,0.1130235716700553894,0,1.1364374160766601562,1
1710506451.7795946598,1.0457996129989624023,1,0.10741084069013595581,0,1.1392587423324584961,1
1710506451.8301019669,1.0459318161010742188,1,0.10476100444793701172,0,1.1404007673263549805,1
1710506451.8806271553,1.045979619026184082,1,0.10026825219392776489,0,1.1427823305130004883,1
1710506451.9312000275,1.0459895133972167969,1,0.098985292017459869385,0,1.1434940099716186523,1
1710506451.981811285,1.0455814599990844727,1,0.096173159778118133545,0,1.1454668045043945312,1
1710506452.0323786736,1.0455125570297241211,1,0.095143534243106842041,0,1.1457967758178710938,1
1710506452.0829348564,1.0452959537506103516,1,0.093489423394203186035,0,1.1463907957077026367,1
1710506452.1334865093,1.0453346967697143555,1,0.092914067208766937256,0,1.1463881731033325195,1
1710506452.184025526,1.0449556112289428711,1,0.092882037162780761719,0,1.1463561058044433594,1
1710506452.2345728874,1.0447399616241455078,1,0.09310601651668548584,0,1.1462862491607666016,1
1710506452.2851359844,1.0441612005233764648,1,0.09421790391206741333,0,1.1459319591522216797,1
1710506452.3356893063,1.0440803766250610352,1,0.094804361462593078613,0,1.1458139419555664062,1
1710506452.3862309456,1.0441855192184448242,1,0.096970133483409881592,0,1.1447632312774658203,1
1710506452.436794281,1.0441914796829223633,1,0.099955432116985321045,0,1.1439633369445800781,1
1710506452.4873931408,1.0440526008605957031,1,0.1012061387300491333,0,1.1437827348709106445,1
1710506452.5380027294,1.043910980224609375,1,0.10492022335529327393,0,1.1423932313919067383,1
1710506452.5885562897,1.0437914133071899414,1,0.10713118314743041992,0,1.1416168212890625,1
1710506452.6391937733,1.0440756082534790039,1,0.11152493208646774292,0,1.1397894620895385742,1
1710506452.6898405552,1.0441569089889526367,1,0.11385234445333480835,0,1.1387590169906616211,1
1710506452.7403948307,1.0446381568908691406,1,0.11790538579225540161,0,1.1367019414901733398,1
1710506452.7909493446,1.0450382232666015625,1,0.12042588740587234497,0,1.1353583335876464844,1
1710506452.8415122032,1.0457155704498291016,1,0.12517052888870239258,0,1.1321343183517456055,1
1710506452.8921098709,1.0461983680725097656,1,0.12759520113468170166,0,1.1305217742919921875,1
1710506452.9426720142,1.0475896596908569336,1,0.13214996457099914551,0,1.1266280412673950195,1
1710506452.9932711124,1.0482431650161743164,1,0.13437195122241973877,0,1.1248222589492797852,1
1710506453.0438494682,1.0496985912322998047,1,0.13881701231002807617,0,1.1214044094085693359,1
1710506453.094414711,1.0503729581832885742,1,0.14012944698333740234,0,1.1200929880142211914,1
1710506453.1449756622,1.0522857904434204102,1,0.14363865554332733154,0,1.1159955263137817383,1
1710506453.1954917908,1.0533930063247680664,1,0.14517217874526977539,0,1.1139175891876220703,1
1710506453.2460496426,1.0556216239929199219,1,0.14796233177185058594,0,1.1100660562515258789,1
1710506453.2966139317,1.0564000606536865234,1,0.14876776933670043945,0,1.1088156700134277344,1
1710506453.3471839428,1.0590314865112304688,1,0.15097188949584960938,0,1.1049798727035522461,1
1710506453.3976964951,1.059771418571472168,1,0.15160767734050750732,0,1.103905797004699707,1
1710506453.4482269287,1.0622429847717285156,1,0.15287403762340545654,0,1.1009771823883056641,1
1710506453.4987664223,1.063592076301574707,1,0.15303462743759155273,0,1.099654078483581543,1
1710506453.5493648052,1.0662685632705688477,1,0.15278963744640350342,0,1.0970425605773925781,1
1710506453.5999214649,1.0675579309463500977,1,0.15258099138736724854,0,1.0958977937698364258,1
1710506453.6504836082,1.0699980258941650391,1,0.1514835655689239502,0,1.0937727689743041992,1
1710506453.7011818886,1.0715348720550537109,1,0.15041007101535797119,0,1.0926209688186645508,1
1710506453.7516977787,1.0746941566467285156,1,0.14757013320922851562,0,1.090517878532409668,1
1710506453.8027746677,1.0762844085693359375,1,0.14591339230537414551,0,1.0894014835357666016,1
1710506453.8533256054,1.0800232887268066406,1,0.14141313731670379639,0,1.0870620012283325195,1
1710506453.9039473534,1.0832217931747436523,1,0.13691203296184539795,0,1.0856150388717651367,1
1710506453.9546523094,1.0851255655288696289,1,0.13392120599746704102,0,1.0851180553436279297,1
1710506454.0052888393,1.0882139205932617188,1,0.12841802835464477539,0,1.0848879814147949219,1
1710506454.0560660362,1.089440464973449707,1,0.12588363885879516602,0,1.0851976871490478516,1
1710506454.1066253185,1.0913535356521606445,1,0.12109141796827316284,0,1.0869449377059936523,1
1710506454.1574218273,1.092160344123840332,1,0.11869234591722488403,0,1.0882550477981567383,1
1710506454.2080557346,1.0930681228637695312,1,0.11513343453407287598,0,1.0908691883087158203,1
1710506454.258633852,1.0937234163284301758,1,0.11273134499788284302,0,1.0928156375885009766,1
1710506454.3092148304,1.0945796966552734375,1,0.10851817578077316284,0,1.0969645977020263672,1
1710506454.3600616455,1.0948694944381713867,1,0.10647282004356384277,0,1.0994493961334228516,1
1710506454.410646677,1.0943263769149780273,1,0.10455162078142166138,0,1.1046823263168334961,1
1710506454.4611823559,1.0937435626983642578,1,0.1041674688458442688,0,1.1073957681655883789,1
1710506454.5117542744,1.0928187370300292969,1,0.10422992706298828125,0,1.111842036247253418,1
1710506454.562338829,1.0923304557800292969,1,0.1044602319598197937,0,1.114386439323425293,1
1710506454.6132252216,1.0905954837799072266,1,0.10624343156814575195,0,1.1201647520065307617,1
1710506454.6639342308,1.0899051427841186523,1,0.10708863288164138794,0,1.1218578815460205078,1
1710506454.7148580551,1.0879579782485961914,1,0.11010881513357162476,0,1.1262989044189453125,1
1710506454.7652842999,1.0869120359420776367,1,0.11209065467119216919,0,1.1280664205551147461,1
1710506454.8159000874,1.085276484489440918,1,0.11542810499668121338,0,1.1304281949996948242,1
1710506454.8664412498,1.0841029882431030273,1,0.11768504977226257324,0,1.1317332983016967773,1
1710506454.9174318314,1.0813211202621459961,1,0.12286163121461868286,0,1.1344052553176879883,1
1710506454.9680628777,1.0785381793975830078,1,0.12849600613117218018,0,1.137226104736328125,1
1710506455.0186595917,1.0775133371353149414,1,0.13053876161575317383,0,1.1382406949996948242,1
1710506455.0692791939,1.07425689697265625,1,0.13684882223606109619,0,1.1408565044403076172,1
1710506455.1204972267,1.0727701187133789062,1,0.13991409540176391602,0,1.1420085430145263672,1
1710506455.1733803749,1.069878697395324707,1,0.14578630030155181885,0,1.1440308094024658203,1
1710506455.2240359783,1.0683603286743164062,1,0.14872659742832183838,0,1.1450586318969726562,1
1710506455.2747039795,1.0656921863555908203,1,0.15419764816761016846,0,1.1468713283538818359,1
1710506455.3252301216,1.0645487308502197266,1,0.15661436319351196289,0,1.1477136611938476562,1
1710506455.3758122921,1.0627453327178955078,1,0.16070817410945892334,0,1.1492600440979003906,1
1710506455.4263041019,1.0621969699859619141,1,0.16185928881168365479,0,1.1498701572418212891,1
1710506455.4771099091,1.060994267463684082,1,0.16470685601234436035,0,1.1508874893188476562,1
1710506455.5277285576,1.0605819225311279297,1,0.16573497653007507324,0,1.1511969566345214844,1
1710506455.578384161,1.0604205131530761719,1,0.16643500328063964844,0,1.1511920690536499023,1
1710506455.62895751,1.0605348348617553711,1,0.16628189384937286377,0,1.1510212421417236328,1
1710506455.6795125008,1.0612339973449707031,1,0.16481053829193115234,0,1.1507941484451293945,1
1710506455.7299995422,1.0619636774063110352,1,0.1634019017219543457,0,1.1505126953125,1
1710506455.7805533409,1.0641068220138549805,1,0.15945570170879364014,0,1.149241328239440918,1
1710506455.8310732841,1.0654354095458984375,1,0.1570243537425994873,0,1.1483205556869506836,1
1710506455.8819439411,1.0681962966918945312,1,0.15157185494899749756,0,1.1467308998107910156,1
1710506455.9324557781,1.0697841644287109375,1,0.14827780425548553467,0,1.1462601423263549805,1
1710506455.983071804,1.0723006725311279297,1,0.14241677522659301758,0,1.1455539464950561523,1
1710506456.0336260796,1.0741968154907226562,1,0.13795879483222961426,0,1.145182490348815918,1
1710506456.0841777325,1.0767281055450439453,1,0.13163976371288299561,0,1.144993901252746582,1
1710506456.1350672245,1.0783715248107910156,1,0.12723623216152191162,0,1.1450074911117553711,1
1710506456.1856107712,1.0798734426498413086,1,0.12141112983226776123,0,1.1455250978469848633,1
1710506456.2360515594,1.0804640054702758789,1,0.11843880265951156616,0,1.1457747220993041992,1
1710506456.2864704132,1.0806623697280883789,1,0.11312883347272872925,0,1.1457275152206420898,1
1710506456.3369112015,1.0804740190505981445,1,0.11063256114721298218,0,1.1455597877502441406,1
1710506456.3881275654,1.079476475715637207,1,0.10652936995029449463,0,1.1448258161544799805,1
1710506456.4387233257,1.0788822174072265625,1,0.10473447293043136597,0,1.1441682577133178711,1
1710506456.4892473221,1.0780403614044189453,1,0.1014700084924697876,0,1.1428637504577636719,1
1710506456.5396790504,1.0762463808059692383,1,0.098224915564060211182,0,1.1421867609024047852,1
1710506456.5900986195,1.0750241279602050781,1,0.09716615825891494751,0,1.1420938968658447266,1
1710506456.6405687332,1.0731376409530639648,1,0.09562537074089050293,0,1.142106175422668457,1
1710506456.6911950111,1.0719448328018188477,1,0.094945088028907775879,0,1.1421467065811157227,1
1710506456.7418787479,1.0697647333145141602,1,0.093849472701549530029,0,1.1423790454864501953,1
1710506456.7923693657,1.0691434144973754883,1,0.093537069857120513916,0,1.1425184011459350586,1
1710506456.8428096771,1.0672283172607421875,1,0.092971302568912506104,0,1.142842411994934082,1
1710506456.8932113647,1.0662518739700317383,1,0.092828020453453063965,0,1.1429518461227416992,1
1710506456.9436261654,1.0646108388900756836,1,0.092831648886203765869,0,1.1429995298385620117,1
1710506456.9941732883,1.0637608766555786133,1,0.09275461733341217041,0,1.1429934501647949219,1
1710506457.0446469784,1.0626889467239379883,1,0.092204242944717407227,0,1.1426646709442138672,1
1710506457.0951228142,1.0622270107269287109,1,0.09212147444486618042,0,1.1426110267639160156,1
1710506457.1456468105,1.0609283447265625,1,0.092073917388916015625,0,1.1424379348754882812,1
1710506457.1960935593,1.0605870485305786133,1,0.092032127082347869873,0,1.1423866748809814453,1
1710506457.2471866608,1.0594589710235595703,1,0.091659530997276306152,0,1.1423381567001342773,1
1710506457.2976815701,1.0589362382888793945,1,0.091481581330299377441,0,1.1423108577728271484,1
1710506457.3481931686,1.058264613151550293,1,0.091121688485145568848,0,1.1419333219528198242,1
1710506457.3987333775,1.0580780506134033203,1,0.091071747243404388428,0,1.1418640613555908203,1
1710506457.4493496418,1.0575174093246459961,1,0.091277331113815307617,0,1.1414283514022827148,1
1710506457.5016264915,1.0571855306625366211,1,0.091532036662101745605,0,1.1411939859390258789,1
1710506457.5522041321,1.0566997528076171875,1,0.092478036880493164062,0,1.1404386758804321289,1
1710506457.602807045,1.0560916662216186523,1,0.093502186238765716553,0,1.1393032073974609375,1
1710506457.6533932686,1.0558221340179443359,1,0.09399690479040145874,0,1.138585209846496582,1
1710506457.7039506435,1.0555803775787353516,1,0.094429075717926025391,0,1.1380221843719482422,1
1710506457.7545108795,1.0548532009124755859,1,0.095635391771793365479,0,1.136767268180847168,1
1710506457.8051652908,1.054127812385559082,1,0.096769861876964569092,0,1.1350762844085693359,1
1710506457.8556733131,1.0539938211441040039,1,0.097227305173873901367,0,1.1341117620468139648,1
1710506457.9062149525,1.0535924434661865234,1,0.098018340766429901123,0,1.1319794654846191406,1
1710506457.9568252563,1.0535089969635009766,1,0.09823156893253326416,0,1.1313459873199462891,1
1710506458.0074336529,1.0530893802642822266,1,0.098782747983932495117,0,1.1294398307800292969,1
1710506458.0580413342,1.0527479648590087891,1,0.099186621606349945068,0,1.1284706592559814453,1
1710506458.1086525917,1.0519950389862060547,1,0.099866814911365509033,0,1.1265910863876342773,1
1710506458.1591863632,1.0516617298126220703,1,0.10012239962816238403,0,1.1256086826324462891,1
1710506458.2098236084,1.0510816574096679688,1,0.10041505098342895508,0,1.1242960691452026367,1
1710506458.2604501247,1.0505402088165283203,1,0.1005194932222366333,0,1.1234924793243408203,1
1710506458.3109622002,1.0496367216110229492,1,0.10108299553394317627,0,1.1226881742477416992,1
1710506458.3614952564,1.0491144657135009766,1,0.10147314518690109253,0,1.1225759983062744141,1
1710506458.412088871,1.0475227832794189453,1,0.10231953859329223633,0,1.1224428415298461914,1
1710506458.4626524448,1.0466113090515136719,1,0.10285528004169464111,0,1.1225354671478271484,1
1710506458.5132284164,1.044826507568359375,1,0.10374690592288970947,0,1.1226993799209594727,1
1710506458.563788414,1.0434024333953857422,1,0.1042811274528503418,0,1.1224927902221679688,1
1710506458.6143250465,1.0414921045303344727,1,0.10467071086168289185,0,1.1221381425857543945,1
1710506458.6651382446,1.0405020713806152344,1,0.10467079281806945801,0,1.1217306852340698242,1
1710506458.7157273293,1.038100123405456543,1,0.10493908822536468506,0,1.1206918954849243164,1
1710506458.7666809559,1.0368437767028808594,1,0.10512972623109817505,0,1.1199924945831298828,1
1710506458.8172307014,1.0345511436462402344,1,0.10530638694763183594,0,1.1178365945816040039,1
1710506458.8677825928,1.0326033830642700195,1,0.10513204336166381836,0,1.1156995296478271484,1
1710506458.9186010361,1.0312598943710327148,1,0.10500345379114151001,0,1.1142618656158447266,1
1710506458.969255209,1.0301041603088378906,1,0.10476069897413253784,0,1.1128193140029907227,1
1710506459.0197908878,1.0279517173767089844,1,0.10325593501329421997,0,1.1105985641479492188,1
1710506459.0703806877,1.0265829563140869141,1,0.10194527357816696167,0,1.108614802360534668,1
1710506459.12114048,1.0259052515029907227,1,0.10110700130462646484,0,1.1074438095092773438,1
1710506459.1718215942,1.0246855020523071289,1,0.099440023303031921387,0,1.1051794290542602539,1
1710506459.2223706245,1.0240668058395385742,1,0.098797440528869628906,0,1.1041576862335205078,1
1710506459.2729802132,1.0225700139999389648,1,0.098044052720069885254,0,1.1020945310592651367,1
1710506459.3237199783,1.02201080322265625,1,0.097822494804859161377,0,1.1010779142379760742,1
1710506459.3742692471,1.0204557180404663086,1,0.098293170332908630371,0,1.099671483039855957,1
1710506459.4250135422,1.0200275182723999023,1,0.098587006330490112305,0,1.0991305112838745117,1
1710506459.4758131504,1.0187394618988037109,1,0.099722191691398620605,0,1.0972747802734375,1
1710506459.5269556046,1.0182386636734008789,1,0.10041551291942596436,0,1.095986485481262207,1
1710506459.5781736374,1.0178886651992797852,1,0.10117232799530029297,0,1.094514012336730957,1
1710506459.6287069321,1.0170161724090576172,1,0.10301572084426879883,0,1.0922030210494995117,1
1710506459.6794102192,1.0166318416595458984,1,0.10476704686880111694,0,1.0909140110015869141,1
1710506459.7301757336,1.0166689157485961914,1,0.10597167164087295532,0,1.0902521610260009766,1
1710506459.7809872627,1.0173209905624389648,1,0.10845489054918289185,0,1.0892899036407470703,1
1710506459.8323345184,1.0176961421966552734,1,0.11008875817060470581,0,1.0888936519622802734,1
1710506459.8829064369,1.0188757181167602539,1,0.11378723382949829102,0,1.0880967378616333008,1
1710506459.9334824085,1.0197784900665283203,1,0.1154988706111907959,0,1.0879896879196166992,1
1710506459.9840655327,1.021678924560546875,1,0.11850320547819137573,0,1.0885548591613769531,1
1710506460.0348310471,1.0232465267181396484,1,0.11998824775218963623,0,1.0891529321670532227,1
1710506460.0856146812,1.0271484851837158203,1,0.12244082242250442505,0,1.0907046794891357422,1
1710506460.1364500523,1.0290007591247558594,1,0.12364455312490463257,0,1.0917448997497558594,1
1710506460.1872489452,1.0326955318450927734,1,0.12560595571994781494,0,1.0945702791213989258,1
1710506460.2378964424,1.0352950096130371094,1,0.12713864445686340332,0,1.0978831052780151367,1
1710506460.2886292934,1.0368902683258056641,1,0.12784110009670257568,0,1.0999869108200073242,1
1710506460.3395454884,1.0397359132766723633,1,0.12898205220699310303,0,1.1050444841384887695,1
1710506460.3902595043,1.0412969589233398438,1,0.12913636863231658936,0,1.1073985099792480469,1
1710506460.4409339428,1.0439760684967041016,1,0.12949779629707336426,0,1.1121516227722167969,1
1710506460.4918065071,1.0451669692993164062,1,0.12971605360507965088,0,1.1143164634704589844,1
1710506460.5424258709,1.0466878414154052734,1,0.13015118241310119629,0,1.1186108589172363281,1
1710506460.5928561687,1.0469182729721069336,1,0.13044440746307373047,0,1.1198821067810058594,1
1710506460.6433362961,1.0474488735198974609,1,0.13068687915802001953,0,1.1230738162994384766,1
1710506460.6943125725,1.0473127365112304688,1,0.13089562952518463135,0,1.1242791414260864258,1
1710506460.7450695038,1.0470851659774780273,1,0.13076184689998626709,0,1.1257156133651733398,1
1710506460.7956581116,1.0471062660217285156,1,0.13045957684516906738,0,1.1258969306945800781,1
1710506460.8461661339,1.0472170114517211914,1,0.1288674473762512207,0,1.1255598068237304688,1
1710506460.8966174126,1.0473883152008056641,1,0.12824667990207672119,0,1.1249727010726928711,1
1710506460.947414875,1.0477265119552612305,1,0.12614142894744873047,0,1.1227849721908569336,1
1710506460.9979519844,1.0480962991714477539,1,0.12468141317367553711,0,1.1212251186370849609,1
1710506461.0485677719,1.0485684871673583984,1,0.12211084365844726562,0,1.1170074939727783203,1
1710506461.0990047455,1.0484089851379394531,1,0.12160026282072067261,0,1.1152765750885009766,1
1710506461.1495695114,1.0480948686599731445,1,0.1204374358057975769,0,1.1122471094131469727,1
1710506461.2005617619,1.0477193593978881836,1,0.11996103823184967041,0,1.1109330654144287109,1
1710506461.2512996197,1.0468944311141967773,1,0.11964214593172073364,0,1.1086547374725341797,1
1710506461.3139686584,1.046156764030456543,1,0.11967121809720993042,0,1.1077431440353393555,1
1710506461.3669300079,1.0443996191024780273,1,0.11993596702814102173,0,1.106022953987121582,1
1710506461.4174735546,1.0437308549880981445,1,0.12012156844139099121,0,1.1054747104644775391,1
1710506461.4682021141,1.0425256490707397461,1,0.12040805816650390625,0,1.104349970817565918,1
1710506461.5187664032,1.0415685176849365234,1,0.12087748199701309204,0,1.103710174560546875,1
1710506461.569372654,1.0402500629425048828,1,0.12140273302793502808,0,1.1024906635284423828,1
1710506461.6201648712,1.0395600795745849609,1,0.12169253826141357422,0,1.1017404794692993164,1
1710506461.6706867218,1.0383350849151611328,1,0.12208237498998641968,0,1.1010248661041259766,1
1710506461.7213246822,1.0381034612655639648,1,0.12222108244895935059,0,1.1010996103286743164,1
1710506461.7718188763,1.0377870798110961914,1,0.12299673259258270264,0,1.1024456024169921875,1
1710506461.8222997189,1.0377438068389892578,1,0.12361706048250198364,0,1.1037259101867675781,1
1710506461.8730883598,1.0378754138946533203,1,0.12507335841655731201,0,1.1062994003295898438,1
1710506461.924084425,1.0382477045059204102,1,0.12603236734867095947,0,1.1079578399658203125,1
1710506461.975096941,1.0388656854629516602,1,0.12791325151920318604,0,1.1106812953948974609,1
1710506462.0256822109,1.0392282009124755859,1,0.12922400236129760742,0,1.1124132871627807617,1
1710506462.0762219429,1.0403536558151245117,1,0.13193836808204650879,0,1.1158685684204101562,1
1710506462.126789093,1.0412187576293945312,1,0.13315083086490631104,0,1.1177468299865722656,1
1710506462.1777443886,1.0429883003234863281,1,0.13557219505310058594,0,1.1212583780288696289,1
1710506462.2282443047,1.0435454845428466797,1,0.13627141714096069336,0,1.1225247383117675781,1
1710506462.2789180279,1.0447189807891845703,1,0.13852915167808532715,0,1.1260384321212768555,1
1710506462.3303153515,1.0450001955032348633,1,0.13995955884456634521,0,1.1276990175247192383,1
1710506462.3809185028,1.045612335205078125,1,0.14224536716938018799,0,1.1302304267883300781,1
1710506462.4315161705,1.0456784963607788086,1,0.14331103861331939697,0,1.1314693689346313477,1
1710506462.4820575714,1.0457212924957275391,1,0.14514207839965820312,0,1.1331449747085571289,1
1710506462.5331692696,1.0456805229187011719,1,0.14604394137859344482,0,1.1340783834457397461,1
1710506462.5837001801,1.045315861701965332,1,0.14704848825931549072,0,1.1349834203720092773,1
1710506462.6342475414,1.0450742244720458984,1,0.14752337336540222168,0,1.1354990005493164062,1
1710506462.6851866245,1.0446745157241821289,1,0.14778974652290344238,0,1.1359503269195556641,1
1710506462.7364022732,1.0449359416961669922,1,0.14714059233665466309,0,1.1356530189514160156,1
1710506462.7871975899,1.045138239860534668,1,0.14676935970783233643,0,1.135449528694152832,1
1710506462.8377306461,1.0459133386611938477,1,0.14525301754474639893,0,1.1352536678314208984,1
1710506462.8882699013,1.0465029478073120117,1,0.14440503716468811035,0,1.1352570056915283203,1
1710506462.938783884,1.0478093624114990234,1,0.14269931614398956299,0,1.1353192329406738281,1
1710506462.9892725945,1.048422694206237793,1,0.14188383519649505615,0,1.1354085206985473633,1
1710506463.0398368835,1.0500658750534057617,1,0.14007578790187835693,0,1.1352748870849609375,1
1710506463.0903120041,1.0510965585708618164,1,0.13911792635917663574,0,1.1351606845855712891,1
1710506463.1409521103,1.0531057119369506836,1,0.13738568127155303955,0,1.1353576183319091797,1
1710506463.1913976669,1.0536741018295288086,1,0.13691687583923339844,0,1.1357671022415161133,1
1710506463.2420632839,1.0548759698867797852,1,0.13588538765907287598,0,1.1378090381622314453,1
1710506463.2925918102,1.0555363893508911133,1,0.13547918200492858887,0,1.1389766931533813477,1
1710506463.3436274529,1.0569374561309814453,1,0.13480772078037261963,0,1.1407451629638671875,1
1710506463.3941674232,1.0575929880142211914,1,0.13455955684185028076,0,1.1414533853530883789,1
1710506463.4447240829,1.0585035085678100586,1,0.13425619900226593018,0,1.1425220966339111328,1
1710506463.4953279495,1.0590273141860961914,1,0.13396131992340087891,0,1.1428816318511962891,1
1710506463.5458593369,1.0598356723785400391,1,0.1336603015661239624,0,1.1433331966400146484,1
1710506463.5964298248,1.0602133274078369141,1,0.13355435431003570557,0,1.1433348655700683594,1
1710506463.6469900608,1.061139225959777832,1,0.13331337273120880127,0,1.1426087617874145508,1
1710506463.6974885464,1.0612447261810302734,1,0.13331200182437896729,0,1.1422889232635498047,1
1710506463.7481901646,1.0620857477188110352,1,0.13319675624370574951,0,1.1410068273544311523,1
1710506463.7988898754,1.0626088380813598633,1,0.13317012786865234375,0,1.1402564048767089844,1
1710506463.84948349,1.0629007816314697266,1,0.13347692787647247314,0,1.1390603780746459961,1
1710506463.9000263214,1.062929987907409668,1,0.13363404572010040283,0,1.1385681629180908203,1
1710506463.9508390427,1.0626702308654785156,1,0.13440999388694763184,0,1.1378209590911865234,1
1710506464.0014824867,1.0624253749847412109,1,0.13481640815734863281,0,1.1376123428344726562,1
1710506464.0519900322,1.0616061687469482422,1,0.13600191473960876465,0,1.1369398832321166992,1
1710506464.1030595303,1.0605485439300537109,1,0.13723224401473999023,0,1.135855555534362793,1
1710506464.1537446976,1.0599308013916015625,1,0.13788284361362457275,0,1.1350595951080322266,1
1710506464.2043030262,1.0581748485565185547,1,0.13909195363521575928,0,1.1332129240036010742,1
1710506464.2548487186,1.0570710897445678711,1,0.13961756229400634766,0,1.132168889045715332,1
1710506464.3089869022,1.0550612211227416992,1,0.14040513336658477783,0,1.1302957534790039062,1
1710506464.3598589897,1.053753972053527832,1,0.14073561131954193115,0,1.1289916038513183594,1
1710506464.4104480743,1.0515543222427368164,1,0.14073938131332397461,0,1.1262252330780029297,1
1710506464.4609978199,1.0504013299942016602,1,0.14060400426387786865,0,1.1248638629913330078,1
1710506464.5116872787,1.0483448505401611328,1,0.14070937037467956543,0,1.1225173473358154297,1
1710506464.5623326302,1.0471090078353881836,1,0.14084027707576751709,0,1.1211055517196655273,1
1710506464.6130168438,1.0445190668106079102,1,0.14102862775325775146,0,1.1186060905456542969,1
1710506464.6634449959,1.0435408353805541992,1,0.1408491283655166626,0,1.1175462007522583008,1
1710506464.7138376236,1.0419781208038330078,1,0.14005424082279205322,0,1.1156809329986572266,1
1710506464.7642741203,1.0412821769714355469,1,0.13973900675773620605,0,1.1148475408554077148,1
1710506464.814781189,1.0405272245407104492,1,0.13837139308452606201,0,1.1133077144622802734,1
1710506464.865240097,1.0405296087265014648,1,0.1373167186975479126,0,1.1125669479370117188,1
1710506464.9158089161,1.0411472320556640625,1,0.13511788845062255859,0,1.110980987548828125,1
1710506464.9663245678,1.0415705442428588867,1,0.13385215401649475098,0,1.1098873615264892578,1
1710506465.0170118809,1.0428243875503540039,1,0.13088406622409820557,0,1.1075927019119262695,1
1710506465.0675702095,1.0435062646865844727,1,0.12850278615951538086,0,1.1057993173599243164,1
1710506465.1181764603,1.0437437295913696289,1,0.12758620083332061768,0,1.1052979230880737305,1
1710506465.1689970493,1.0450834035873413086,1,0.12434472143650054932,0,1.1040408611297607422,1
1710506465.2195754051,1.0459659099578857422,1,0.12239233404397964478,0,1.1037919521331787109,1
1710506465.2701749802,1.0483856201171875,1,0.11804293841123580933,0,1.1034007072448730469,1
1710506465.3206446171,1.0496571063995361328,1,0.11583754420280456543,0,1.1032960414886474609,1
1710506465.371206522,1.0525952577590942383,1,0.11125234514474868774,0,1.1030548810958862305,1
1710506465.4216723442,1.0535540580749511719,1,0.10964467376470565796,0,1.1030336618423461914,1
1710506465.4721355438,1.0565031766891479492,1,0.10484173893928527832,0,1.1025571823120117188,1
1710506465.5226323605,1.0583863258361816406,1,0.10203720629215240479,0,1.1021580696105957031,1
1710506465.5730979443,1.0599849224090576172,1,0.099515669047832489014,0,1.1016920804977416992,1
1710506465.6236252785,1.0608768463134765625,1,0.098202019929885864258,0,1.1014854907989501953,1
1710506465.6742269993,1.0619916915893554688,1,0.096335269510746002197,0,1.100818634033203125,1
1710506465.7248466015,1.0624350309371948242,1,0.095579802989959716797,0,1.1004846096038818359,1
1710506465.7754926682,1.0633635520935058594,1,0.093984805047512054443,0,1.0996652841567993164,1
1710506465.8260068893,1.0634555816650390625,1,0.093192167580127716064,0,1.0992004871368408203,1
1710506465.8765463829,1.0631064176559448242,1,0.09235201030969619751,0,1.0983688831329345703,1
1710506465.9271006584,1.0628058910369873047,1,0.091853484511375427246,0,1.0976120233535766602,1
1710506465.9776446819,1.0621811151504516602,1,0.090646028518676757812,0,1.0960519313812255859,1
1710506466.0281467438,1.0619970560073852539,1,0.089782766997814178467,0,1.0954774618148803711,1
1710506466.0786662102,1.0612123012542724609,1,0.088331796228885650635,0,1.0939958095550537109,1
1710506466.1292002201,1.0605990886688232422,1,0.087492294609546661377,0,1.0929095745086669922,1
1710506466.1797759533,1.0592412948608398438,1,0.085439115762710571289,0,1.0904104709625244141,1
1710506466.2303221226,1.0584022998809814453,1,0.084396325051784515381,0,1.0891370773315429688,1
1710506466.2808728218,1.0568867921829223633,1,0.082041889429092407227,0,1.0864133834838867188,1
1710506466.3314085007,1.0560948848724365234,1,0.080828256905078887939,0,1.0854558944702148438,1
1710506466.3819506168,1.0548437833786010742,1,0.078528523445129394531,0,1.0839748382568359375,1
1710506466.4325113297,1.0539015531539916992,1,0.077179670333862304688,0,1.0831327438354492188,1
1710506466.4831092358,1.0522134304046630859,1,0.074584789574146270752,0,1.0815021991729736328,1
1710506466.5336377621,1.0511397123336791992,1,0.0734616890549659729,0,1.0808321237564086914,1
1710506466.5841701031,1.0490839481353759766,1,0.071363791823387145996,0,1.0794935226440429688,1
1710506466.6346507072,1.0480636358261108398,1,0.070246681571006774902,0,1.0787916183471679688,1
1710506466.6851603985,1.0464680194854736328,1,0.068548940122127532959,0,1.0777531862258911133,1
1710506466.7357451916,1.0451862812042236328,1,0.067908048629760742188,0,1.0774511098861694336,1
1710506466.7863121033,1.0425450801849365234,1,0.067132785916328430176,0,1.077542424201965332,1
1710506466.8369314671,1.0413942337036132812,1,0.066780462861061096191,0,1.0777906179428100586,1
1710506466.887503624,1.0392042398452758789,1,0.066588103771209716797,0,1.0782155990600585938,1
1710506466.9380424023,1.0377521514892578125,1,0.066638998687267303467,0,1.0783287286758422852,1
1710506466.9885883331,1.0348942279815673828,1,0.067006118595600128174,0,1.0782506465911865234,1
1710506467.039154768,1.0319133996963500977,1,0.067930877208709716797,0,1.078184962272644043,1
1710506467.0897085667,1.030367732048034668,1,0.068518273532390594482,0,1.0781110525131225586,1
1710506467.1402299404,1.0276098251342773438,1,0.069153711199760437012,0,1.0776830911636352539,1
1710506467.1906971931,1.0267342329025268555,1,0.069201357662677764893,0,1.077382206916809082,1
1710506467.2411866188,1.0241663455963134766,1,0.06910540163516998291,0,1.0756441354751586914,1
1710506467.2917466164,1.0236514806747436523,1,0.068905979394912719727,0,1.0749098062515258789,1
1710506467.3423569202,1.0225355625152587891,1,0.067901909351348876953,0,1.0730229616165161133,1
1710506467.3929371834,1.022332310676574707,1,0.066981837153434753418,0,1.0719467401504516602,1
1710506467.4435515404,1.0223085880279541016,1,0.064574658870697021484,0,1.0696880817413330078,1
1710506467.494166851,1.0222973823547363281,1,0.06370067596435546875,0,1.0690181255340576172,1
1710506467.5447559357,1.0231682062149047852,1,0.060065720230340957642,0,1.0669227838516235352,1
1710506467.5953943729,1.0235631465911865234,1,0.058910723775625228882,0,1.0665636062622070312,1
1710506467.6459496021,1.0256994962692260742,1,0.054707486182451248169,0,1.0656646490097045898,1
1710506467.6964972019,1.0271080732345581055,1,0.052585210651159286499,0,1.0654101371765136719,1
1710506467.7470462322,1.0303405523300170898,1,0.048552360385656356812,0,1.065153956413269043,1
1710506467.7974526882,1.0316538810729980469,1,0.047112058848142623901,0,1.0652488470077514648,1
1710506467.8478972912,1.0368684530258178711,1,0.042721074074506759644,0,1.0656664371490478516,1
1710506467.8983058929,1.0385497808456420898,1,0.041662912815809249878,0,1.0658636093139648438,1
1710506467.948751688,1.0441588163375854492,1,0.038469150662422180176,0,1.0661946535110473633,1
1710506467.9992442131,1.0471494197845458984,1,0.036861274391412734985,0,1.0665773153305053711,1
1710506468.0498082638,1.0532042980194091797,1,0.034175548702478408813,0,1.0677665472030639648,1
1710506468.1003167629,1.0551432371139526367,1,0.033504351973533630371,0,1.0681627988815307617,1
1710506468.1507980824,1.0608758926391601562,1,0.03207909315824508667,0,1.0694168806076049805,1
1710506468.2012841702,1.0660711526870727539,1,0.031848721206188201904,0,1.0714310407638549805,1
1710506468.2517960072,1.0682566165924072266,1,0.032139655202627182007,0,1.0728696584701538086,1
1710506468.302372694,1.0718370676040649414,1,0.033516749739646911621,0,1.0756515264511108398,1
1710506468.3529233932,1.0743672847747802734,1,0.035371914505958557129,0,1.0780360698699951172,1
1710506468.4034690857,1.0766569375991821289,1,0.038662429898977279663,0,1.0814146995544433594,1
1710506468.454048872,1.0778558254241943359,1,0.040942527353763580322,0,1.0835481882095336914,1
1710506468.5046272278,1.0793988704681396484,1,0.046723760664463043213,0,1.0880655050277709961,1
1710506468.5551879406,1.0801093578338623047,1,0.049485314637422561646,0,1.0901299715042114258,1
1710506468.6056599617,1.08084869384765625,1,0.054340612143278121948,0,1.0935039520263671875,1
1710506468.6561467648,1.0811139345169067383,1,0.058456186205148696899,0,1.0960458517074584961,1
1710506468.7066302299,1.0812845230102539062,1,0.063636362552642822266,0,1.0990134477615356445,1
1710506468.757124424,1.0812458992004394531,1,0.066611662507057189941,0,1.1004915237426757812,1
1710506468.8076510429,1.0810282230377197266,1,0.072628147900104522705,0,1.1028438806533813477,1
1710506468.8581008911,1.0809307098388671875,1,0.075497403740882873535,0,1.1036856174468994141,1
1710506468.9085686207,1.080829620361328125,1,0.080187588930130004883,0,1.104522705078125,1
1710506468.9590229988,1.0807139873504638672,1,0.083849236369132995605,0,1.1047021150588989258,1
1710506469.009478569,1.0801445245742797852,1,0.088494360446929931641,0,1.1047039031982421875,1
1710506469.0600121021,1.0798528194427490234,1,0.09126326441764831543,0,1.1046190261840820312,1
1710506469.1105320454,1.0797271728515625,1,0.093881636857986450195,0,1.1045480966567993164,1
1710506469.1610627174,1.0802208185195922852,1,0.098862290382385253906,0,1.1043274402618408203,1
1710506469.2115797997,1.0802878141403198242,1,0.10090378671884536743,0,1.1040440797805786133,1
1710506469.2621474266,1.0803830623626708984,1,0.10509923100471496582,0,1.1035547256469726562,1
1710506469.3130266666,1.0804883241653442383,1,0.10636590421199798584,0,1.1033915281295776367,1
1710506469.363574028,1.0807564258575439453,1,0.10964439809322357178,0,1.1025081872940063477,1
1710506469.4140686989,1.0814661979675292969,1,0.11114185303449630737,0,1.1018903255462646484,1
1710506469.4646801949,1.0824325084686279297,1,0.11257099360227584839,0,1.1010417938232421875,1
1710506469.5154182911,1.0831172466278076172,1,0.11310205608606338501,0,1.1006723642349243164,1
1710506469.5660276413,1.0845659971237182617,1,0.11400480568408966064,0,1.1001869440078735352,1
1710506469.6165864468,1.0859596729278564453,1,0.11457022279500961304,0,1.1000298261642456055,1
1710506469.6671895981,1.0868700742721557617,1,0.1148174777626991272,0,1.0998980998992919922,1
1710506469.7178087234,1.0885387659072875977,1,0.11547529697418212891,0,1.099881291389465332,1
1710506469.7683465481,1.0885387659072875977,1,0.11547529697418212891,0,1.099881291389465332,1
1710506469.8188917637,1.0903134346008300781,1,0.11571588367223739624,0,1.1004080772399902344,1
1710506469.8694622517,1.0911014080047607422,1,0.11554078757762908936,0,1.1010808944702148438,1
1710506469.9199957848,1.0920187234878540039,1,0.11518880724906921387,0,1.1024199724197387695,1
1710506469.9705393314,1.0930590629577636719,1,0.11434848606586456299,0,1.1040438413619995117,1
1710506470.0210709572,1.0933953523635864258,1,0.11399132013320922852,0,1.1046861410140991211,1
1710506470.0715913773,1.093527674674987793,1,0.11375713348388671875,0,1.1053524017333984375,1
1710506470.1221666336,1.0934537649154663086,1,0.1133893132209777832,0,1.1058778762817382812,1
1710506470.1728656292,1.0934034585952758789,1,0.11312274634838104248,0,1.1060303449630737305,1
1710506470.2232239246,1.0934034585952758789,1,0.11312274634838104248,0,1.1060303449630737305,1
1710506470.2736358643,1.0924953222274780273,1,0.11265627294778823853,0,1.1064836978912353516,1
1710506470.324057579,1.0917221307754516602,1,0.11160247772932052612,0,1.1065534353256225586,1
1710506470.3744752407,1.0902464389801025391,1,0.11118621379137039185,0,1.1066259145736694336,1
1710506470.4249026775,1.0893244743347167969,1,0.11070834100246429443,0,1.1066375970840454102,1
1710506470.4753215313,1.0881111621856689453,1,0.11011926829814910889,0,1.1067464351654052734,1
1710506470.5258214474,1.0860261917114257812,1,0.10913871228694915771,0,1.1071398258209228516,1
1710506470.5763301849,1.0847744941711425781,1,0.10875872522592544556,0,1.107545018196105957,1
1710506470.6268439293,1.0835862159729003906,1,0.10839308798313140869,0,1.1079229116439819336,1
1710506470.677372694,1.0812084674835205078,1,0.10730421543121337891,0,1.1085437536239624023,1
1710506470.7279326916,1.0802208185195922852,1,0.10681501030921936035,0,1.1086046695709228516,1
1710506470.7785162926,1.0784423351287841797,1,0.10530599206686019897,0,1.1085531711578369141,1
1710506470.8290629387,1.0777372121810913086,1,0.10452454537153244019,0,1.1083595752716064453,1
1710506470.8796012402,1.0777372121810913086,1,0.10452454537153244019,0,1.1083595752716064453,1
1710506470.9301114082,1.0760555267333984375,1,0.10093345493078231812,0,1.1066025495529174805,1
1710506470.9806468487,1.0756168365478515625,1,0.099606290459632873535,0,1.1059179306030273438,1
1710506471.0312173367,1.0751099586486816406,1,0.098469085991382598877,0,1.1053043603897094727,1
1710506471.0817329884,1.0745570659637451172,1,0.09510456770658493042,0,1.1032135486602783203,1
1710506471.1322793961,1.0744059085845947266,1,0.09373359382152557373,0,1.102335810661315918,1
1710506471.1827993393,1.0741733312606811523,1,0.092264764010906219482,0,1.1014281511306762695,1
1710506471.2333080769,1.0738402605056762695,1,0.090923331677913665771,0,1.1006129980087280273,1
1710506471.2838537693,1.0735697746276855469,1,0.087331876158714294434,0,1.0983667373657226562,1
1710506471.3344137669,1.0735961198806762695,1,0.085912674665451049805,0,1.0974862575531005859,1
1710506471.384963274,1.0738556385040283203,1,0.083029367029666900635,0,1.0958074331283569336,1
1710506471.4355127811,1.0741316080093383789,1,0.08164415508508682251,0,1.0949728488922119141,1
1710506471.4861114025,1.0747461318969726562,1,0.078682072460651397705,0,1.0936845541000366211,1
1710506471.5367248058,1.0752902030944824219,1,0.07650661468505859375,0,1.0928788185119628906,1
1710506471.5876004696,1.0758970975875854492,1,0.074867241084575653076,0,1.0922673940658569336,1
1710506471.638207674,1.0758970975875854492,1,0.074867241084575653076,0,1.0922673940658569336,1
1710506471.6888172626,1.0780861377716064453,1,0.070711046457290649414,0,1.0904562473297119141,1
1710506471.7393639088,1.0785437822341918945,1,0.070172198116779327393,0,1.0900700092315673828,1
