1710505987.2912487984,-0.065808713436126708984,1,0.17617009580135345459,0,1.2412571907043457031,1
1710505987.3418090343,-0.06914952397346496582,1,0.1758016049861907959,0,1.2146325111389160156,1
1710505987.3922679424,-0.071339987218379974365,1,0.17534214258193969727,0,1.1983773708343505859,1
1710505987.4427437782,-0.0735034942626953125,1,0.175218239426612854,0,1.1826256513595581055,1
1710505987.4932367802,-0.074522085487842559814,1,0.17430937290191650391,0,1.1501178741455078125,1
1710505987.5438659191,-0.073858499526977539062,1,0.1732845604419708252,0,1.1376690864562988281,1
1710505987.5942976475,-0.068561092019081115723,1,0.16793733835220336914,0,1.0868564844131469727,1
1710505987.6447017193,-0.06471462547779083252,1,0.16443243622779846191,0,1.0674147605895996094,1
1710505987.6951065063,-0.051621157675981521606,1,0.15632833540439605713,0,1.0312937498092651367,1
1710505987.7454855442,-0.042230166494846343994,1,0.15181398391723632812,0,1.0148463249206542969,1
1710505987.7959136963,-0.023084545508027076721,1,0.14387583732604980469,0,0.99068343639373779297,1
1710505987.8464093208,-0.0091704325750470161438,1,0.13892582058906555176,0,0.97775763273239135742,1
1710505987.8969187737,0.023021169006824493408,1,0.12876963615417480469,0,0.95534646511077880859,1
1710505987.9474554062,0.060286905616521835327,1,0.11818362772464752197,0,0.93737363815307617188,1
1710505987.9979820251,0.073602959513664245605,1,0.11473502218723297119,0,0.9322217106819152832,1
1710505988.0485386848,0.10204901546239852905,1,0.10761186480522155762,0,0.9229272007942199707,1
1710505988.0991559029,0.14659063518047332764,1,0.096621818840503692627,0,0.91117256879806518555,1
1710505988.1497576237,0.18555559217929840088,1,0.087411321699619293213,0,0.90319061279296875,1
1710505988.2002637386,0.20992349088191986084,1,0.081831939518451690674,0,0.89887917041778564453,1
1710505988.2507939339,0.25870367884635925293,1,0.070789761841297149658,0,0.89173364639282226562,1
1710505988.3013193607,0.2835591733455657959,1,0.065344072878360748291,0,0.88855302333831787109,1
1710505988.3518412113,0.32485502958297729492,1,0.056691255420446395874,0,0.88401633501052856445,1
1710505988.4023518562,0.3573455810546875,1,0.050066750496625900269,0,0.88087570667266845703,1
1710505988.4528746605,0.39743080735206604004,1,0.042203042656183242798,0,0.87723958492279052734,1
1710505988.5033769608,0.4205449521541595459,1,0.037801437079906463623,0,0.87518477439880371094,1
1710505988.5538852215,0.46633559465408325195,1,0.029251608997583389282,0,0.87111824750900268555,1
1710505988.6043798923,0.48804864287376403809,1,0.025426084175705909729,0,0.8691844940185546875,1
1710505988.6548602581,0.52349704504013061523,1,0.019299069419503211975,0,0.86634224653244018555,1
1710505988.7053239346,0.55039572715759277344,1,0.014860576950013637543,0,0.86419492959976196289,1
1710505988.7557079792,0.58232992887496948242,1,0.0095949266105890274048,0,0.86175435781478881836,1
1710505988.8061277866,0.60058623552322387695,1,0.0066632553935050964355,0,0.86030161380767822266,1
1710505988.8565769196,0.63386827707290649414,1,0.0014785518869757652283,0,0.85742396116256713867,1
1710505988.9070382118,0.65024548768997192383,1,-0.0012480604927986860275,0,0.85578405857086181641,1
1710505988.957531929,0.67455422878265380859,1,-0.0048186443746089935303,0,0.85335880517959594727,1
1710505989.0079944134,0.68837910890579223633,1,-0.0067649027332663536072,0,0.85181421041488647461,1
1710505989.0584795475,0.71325433254241943359,1,-0.010403830558061599731,0,0.84880197048187255859,1
1710505989.1090857983,0.72486257553100585938,1,-0.012264847755432128906,0,0.84739053249359130859,1
1710505989.1597270966,0.7459271550178527832,1,-0.015245695598423480988,0,0.84494203329086303711,1
1710505989.2103238106,0.75504273176193237305,1,-0.016542086377739906311,0,0.84373641014099121094,1
1710505989.2609214783,0.76989763975143432617,1,-0.018830757588148117065,0,0.84191966056823730469,1
1710505989.3115155697,0.77996462583541870117,1,-0.020361473783850669861,0,0.84046000242233276367,1
1710505989.3620872498,0.79187846183776855469,1,-0.021974211558699607849,0,0.83848237991333007812,1
1710505989.4126706123,0.79788076877593994141,1,-0.022671544924378395081,0,0.83723849058151245117,1
1710505989.4632334709,0.80704903602600097656,1,-0.023519363254308700562,0,0.83516043424606323242,1
1710505989.5137536526,0.81385535001754760742,1,-0.024120716378092765808,0,0.83319681882858276367,1
1710505989.5643153191,0.82120853662490844727,1,-0.024605358019471168518,0,0.83067178726196289062,1
1710505989.6148939133,0.82552897930145263672,1,-0.024489507079124450684,0,0.82934045791625976562,1
1710505989.6654281616,0.83326745033264160156,1,-0.024043317884206771851,0,0.82598567008972167969,1
1710505989.7159588337,0.84009367227554321289,1,-0.023614170029759407043,0,0.82267194986343383789,1
1710505989.7664823532,0.84358465671539306641,1,-0.023320624604821205139,0,0.82112067937850952148,1
1710505989.8170089722,0.84901154041290283203,1,-0.02260412462055683136,0,0.8185074925422668457,1
1710505989.8675432205,0.85218191146850585938,1,-0.021816639229655265808,0,0.81704926490783691406,1
1710505989.9181232452,0.85907560586929321289,1,-0.020058959722518920898,0,0.81443107128143310547,1
1710505989.9687008858,0.86282229423522949219,1,-0.018870662897825241089,0,0.81324440240859985352,1
1710505990.0195937157,0.87029623985290527344,1,-0.016272367909550666809,0,0.81094717979431152344,1
1710505990.0701854229,0.87287688255310058594,1,-0.01535844709724187851,0,0.81033378839492797852,1
1710505990.120716095,0.88150262832641601562,1,-0.013032958842813968658,0,0.80917406082153320312,1
1710505990.1713476181,0.88571697473526000977,1,-0.011863645166158676147,0,0.80850249528884887695,1
1710505990.2219147682,0.89454495906829833984,1,-0.0093707861378788948059,0,0.80710583925247192383,1
1710505990.2724645138,0.89893692731857299805,1,-0.0082287304103374481201,0,0.80613547563552856445,1
1710505990.3230760098,0.90792602300643920898,1,-0.0061806598678231239319,0,0.80448251962661743164,1
1710505990.3736572266,0.91088211536407470703,1,-0.0055519202724099159241,0,0.80397522449493408203,1
1710505990.4242086411,0.91953909397125244141,1,-0.0038704951293766498566,0,0.80226939916610717773,1
1710505990.474727869,0.9237582087516784668,1,-0.0031776418909430503845,0,0.80139946937561035156,1
1710505990.5252759457,0.93246150016784667969,1,-0.0016323790187016129494,0,0.7999693751335144043,1
1710505990.5758247375,0.93691408634185791016,1,-0.00071965489769354462624,0,0.79927957057952880859,1
1710505990.626308918,0.94609659910202026367,1,0.00087438087211921811104,0,0.79822492599487304688,1
1710505990.6767599583,0.94912099838256835938,1,0.0013549646828323602676,0,0.79781872034072875977,1
1710505990.7272298336,0.95810413360595703125,1,0.0025242925621569156647,0,0.79666095972061157227,1
1710505990.7776706219,0.96240264177322387695,1,0.0029736917931586503983,0,0.79574072360992431641,1
1710505990.8281004429,0.97030049562454223633,1,0.0034985537640750408173,0,0.79363280534744262695,1
1710505990.8785812855,0.97408735752105712891,1,0.0035823856014758348465,0,0.79254156351089477539,1
1710505990.9290685654,0.98019421100616455078,1,0.0036222115159034729004,0,0.79061830043792724609,1
1710505990.9795889854,0.9836667180061340332,1,0.0034769186750054359436,0,0.78952133655548095703,1
1710505991.0301582813,0.98996675014495849609,1,0.0030289159622043371201,0,0.78723090887069702148,1
1710505991.0807132721,0.99322110414505004883,1,0.0027150756213814020157,0,0.78613054752349853516,1
1710505991.1313028336,0.99943804740905761719,1,0.0014345210511237382889,0,0.7838662266731262207,1
1710505991.1818678379,1.0039831399917602539,1,0.00012102379696443676949,0,0.78194761276245117188,1
1710505991.2324388027,1.006504058837890625,1,-0.00085562688764184713364,0,0.78084725141525268555,1
1710505991.283066988,1.0088937282562255859,1,-0.0019292365759611129761,0,0.77980792522430419922,1
1710505991.3336086273,1.013413548469543457,1,-0.004159138072282075882,0,0.77796214818954467773,1
1710505991.3842039108,1.0154155492782592773,1,-0.0051911105401813983917,0,0.77697509527206420898,1
1710505991.4347670078,1.0192916393280029297,1,-0.0073209223337471485138,0,0.77540165185928344727,1
1710505991.4853112698,1.020885467529296875,1,-0.0086474027484655380249,0,0.7744744420051574707,1
1710505991.5358929634,1.0238112211227416992,1,-0.011389967054128646851,0,0.77279049158096313477,1
1710505991.5863749981,1.0263202190399169922,1,-0.014343537390232086182,0,0.77133202552795410156,1
1710505991.6369216442,1.0270078182220458984,1,-0.015232387930154800415,0,0.77099806070327758789,1
1710505991.6874742508,1.029124140739440918,1,-0.018189428374171257019,0,0.77012962102890014648,1
1710505991.7379925251,1.0303215980529785156,1,-0.019564133137464523315,0,0.76994204521179199219,1
1710505991.7885496616,1.0326062440872192383,1,-0.021883070468902587891,0,0.7697722315788269043,1
1710505991.8391063213,1.0337270498275756836,1,-0.022853126749396324158,0,0.76967900991439819336,1
1710505991.8900282383,1.0357314348220825195,1,-0.024859273806214332581,0,0.76998168230056762695,1
1710505991.9408640862,1.037028193473815918,1,-0.025809029117226600647,0,0.77024048566818237305,1
1710505991.9914200306,1.039549708366394043,1,-0.027633119374513626099,0,0.77094435691833496094,1
1710505992.0419998169,1.0407027006149291992,1,-0.028501808643341064453,0,0.77115261554718017578,1
1710505992.0926029682,1.0428025722503662109,1,-0.029820770025253295898,0,0.77140080928802490234,1
1710505992.143204689,1.044211268424987793,1,-0.030534539371728897095,0,0.77154821157455444336,1
1710505992.1937327385,1.0466630458831787109,1,-0.031330719590187072754,0,0.77144390344619750977,1
1710505992.2443094254,1.04781341552734375,1,-0.031574178487062454224,0,0.77150756120681762695,1
1710505992.2949023247,1.0498753786087036133,1,-0.032290261238813400269,0,0.77162283658981323242,1
1710505992.345451355,1.0507400035858154297,1,-0.032444901764392852783,0,0.77167713642120361328,1
1710505992.396001339,1.052521824836730957,1,-0.032100509852170944214,0,0.77149105072021484375,1
1710505992.4465637207,1.0530242919921875,1,-0.031983930617570877075,0,0.7714112401008605957,1
1710505992.4971151352,1.0544275045394897461,1,-0.031670525670051574707,0,0.77144074440002441406,1
1710505992.5476219654,1.0552191734313964844,1,-0.031136047095060348511,0,0.77148288488388061523,1
1710505992.5981302261,1.0564253330230712891,1,-0.0296107511967420578,0,0.77184027433395385742,1
1710505992.6485667229,1.0570098161697387695,1,-0.028695896267890930176,0,0.77194190025329589844,1
1710505992.6990351677,1.0578317642211914062,1,-0.026546295732259750366,0,0.7723229527473449707,1
1710505992.7495362759,1.0581241846084594727,1,-0.025760924443602561951,0,0.77249598503112792969,1
1710505992.8000774384,1.0589963197708129883,1,-0.023377506062388420105,0,0.77297627925872802734,1
1710505992.8505980968,1.0597072839736938477,1,-0.021231824532151222229,0,0.77319246530532836914,1
1710505992.9011340141,1.0599917173385620117,1,-0.020271267741918563843,0,0.77307081222534179688,1
1710505992.9516887665,1.0603424310684204102,1,-0.018540685996413230896,0,0.77289611101150512695,1
1710505993.002245903,1.0605858564376831055,1,-0.017208075150847434998,0,0.77253592014312744141,1
1710505993.0528523922,1.0608384609222412109,1,-0.015952991321682929993,0,0.77222192287445068359,1
1710505993.1034440994,1.0608307123184204102,1,-0.01533193979412317276,0,0.77205234766006469727,1
1710505993.1540238857,1.0607584714889526367,1,-0.014345142059028148651,0,0.77194613218307495117,1
1710505993.204618454,1.0607630014419555664,1,-0.013755859807133674622,0,0.77214354276657104492,1
1710505993.2552087307,1.0610475540161132812,1,-0.012933716177940368652,0,0.77263528108596801758,1
1710505993.3057863712,1.0611808300018310547,1,-0.012517845258116722107,0,0.77319365739822387695,1
1710505993.3563821316,1.0614608526229858398,1,-0.011818349361419677734,0,0.77359384298324584961,1
1710505993.4069550037,1.0616844892501831055,1,-0.011401261202991008759,0,0.77381175756454467773,1
1710505993.4574768543,1.0620094537734985352,1,-0.010455777868628501892,0,0.77402651309967041016,1
1710505993.5080029964,1.0620529651641845703,1,-0.0099097499623894691467,0,0.77399981021881103516,1
1710505993.5585546494,1.0623238086700439453,1,-0.0089493207633495330811,0,0.7739136815071105957,1
1710505993.6091015339,1.0624817609786987305,1,-0.0079911518841981887817,0,0.77405351400375366211,1
1710505993.6598324776,1.062754511833190918,1,-0.0067239524796605110168,0,0.77423548698425292969,1
1710505993.7103359699,1.0629318952560424805,1,-0.0059692766517400741577,0,0.77441352605819702148,1
1710505993.7608823776,1.0632663965225219727,1,-0.0038169864565134048462,0,0.77453505992889404297,1
1710505993.811383009,1.0634665489196777344,1,-0.0028248312883079051971,0,0.77437746524810791016,1
1710505993.8619179726,1.0640187263488769531,1,-0.0011219703592360019684,0,0.7743968963623046875,1
1710505993.9124543667,1.0643208026885986328,1,0.00024197393213398754597,0,0.77402907609939575195,1
1710505993.9630899429,1.064801335334777832,1,0.0016721504507586359978,0,0.77388322353363037109,1
1710505994.0136394501,1.0651503801345825195,1,0.0024345007259398698807,0,0.77387845516204833984,1
1710505994.0642142296,1.065552830696105957,1,0.0040321093983948230743,0,0.77359002828598022461,1
1710505994.1147704124,1.0656286478042602539,1,0.004574688151478767395,0,0.7734591364860534668,1
1710505994.1653373241,1.0659425258636474609,1,0.0057275057770311832428,0,0.77287429571151733398,1
1710505994.2159929276,1.0662201642990112305,1,0.0061652078293263912201,0,0.77251976728439331055,1
1710505994.2665920258,1.0664106607437133789,1,0.00673136906698346138,0,0.77183490991592407227,1
1710505994.3171625137,1.0662944316864013672,1,0.0069710044190287590027,0,0.77136659622192382812,1
1710505994.3676998615,1.0661640167236328125,1,0.0071581099182367324829,0,0.77115118503570556641,1
1710505994.4182641506,1.066104888916015625,1,0.00729650864377617836,0,0.77080249786376953125,1
1710505994.4688808918,1.0660463571548461914,1,0.0071483156643807888031,0,0.7706298828125,1
1710505994.5194280148,1.0658144950866699219,1,0.0061131622642278671265,0,0.77016264200210571289,1
1710505994.569917202,1.0659354925155639648,1,0.0051231971010565757751,0,0.77001249790191650391,1
1710505994.6204192638,1.0661600828170776367,1,0.0030178532470017671585,0,0.76967161893844604492,1
1710505994.6709427834,1.0661439895629882812,1,0.0017849432770162820816,0,0.76957929134368896484,1
1710505994.721455574,1.0662865638732910156,1,-0.00065671384800225496292,0,0.76958239078521728516,1
1710505994.7719738483,1.0663932561874389648,1,-0.0021202480420470237732,0,0.76997989416122436523,1
1710505994.8225107193,1.066555023193359375,1,-0.0049221352674067020416,0,0.77088719606399536133,1
1710505994.8730576038,1.0665671825408935547,1,-0.0063549978658556938171,0,0.77115118503570556641,1
1710505994.9236340523,1.0663014650344848633,1,-0.0095950383692979812622,0,0.77152675390243530273,1
1710505994.9742240906,1.0660783052444458008,1,-0.011276959441602230072,0,0.7716490626335144043,1
1710505995.0247993469,1.0655025243759155273,1,-0.014060870744287967682,0,0.77174812555313110352,1
1710505995.0753700733,1.0650975704193115234,1,-0.015595014207065105438,0,0.77185600996017456055,1
1710505995.1260080338,1.0640598535537719727,1,-0.01852506585419178009,0,0.77198123931884765625,1
1710505995.1771526337,1.06333160400390625,1,-0.019941000267863273621,0,0.7719962000846862793,1
1710505995.227758646,1.061793208122253418,1,-0.022540846839547157288,0,0.77206343412399291992,1
1710505995.2783010006,1.0608352422714233398,1,-0.023593196645379066467,0,0.77209013700485229492,1
1710505995.3288602829,1.0591677427291870117,1,-0.025213858112692832947,0,0.77213376760482788086,1
1710505995.3794505596,1.0583479404449462891,1,-0.026199985295534133911,0,0.77220869064331054688,1
1710505995.4299359322,1.0568071603775024414,1,-0.028055546805262565613,0,0.77219694852828979492,1
1710505995.4805192947,1.0559247732162475586,1,-0.028845347464084625244,0,0.77211588621139526367,1
1710505995.5309867859,1.054171442985534668,1,-0.030334662646055221558,0,0.7717494964599609375,1
1710505995.5814385414,1.0534498691558837891,1,-0.031008884310722351074,0,0.77189898490905761719,1
1710505995.631888628,1.0522372722625732422,1,-0.031932409852743148804,0,0.77211517095565795898,1
1710505995.6823372841,1.0512497425079345703,1,-0.032184388488531112671,0,0.77223861217498779297,1
1710505995.7328362465,1.0492545366287231445,1,-0.03247280418872833252,0,0.7722263336181640625,1
1710505995.7833390236,1.0482957363128662109,1,-0.032523378729820251465,0,0.77213203907012939453,1
1710505995.8338236809,1.0466696023941040039,1,-0.031859617680311203003,0,0.77231132984161376953,1
1710505995.8843197823,1.0457290410995483398,1,-0.031164504587650299072,0,0.77215367555618286133,1
1710505995.9348506927,1.043845057487487793,1,-0.029560733586549758911,0,0.77167028188705444336,1
1710505995.9853303432,1.04241180419921875,1,-0.027994405478239059448,0,0.77137613296508789062,1
1710505996.0358161926,1.0417739152908325195,1,-0.026888839900493621826,0,0.77122682332992553711,1
1710505996.0863928795,1.040703892707824707,1,-0.024286283180117607117,0,0.7714545130729675293,1
1710505996.1370289326,1.0403270721435546875,1,-0.022686174139380455017,0,0.77185678482055664062,1
1710505996.1876385212,1.0395814180374145508,1,-0.019515044987201690674,0,0.77249586582183837891,1
1710505996.2383916378,1.039403080940246582,1,-0.018385671079158782959,0,0.77272468805313110352,1
1710505996.2889761925,1.0385643243789672852,1,-0.014854172244668006897,0,0.77288073301315307617,1
1710505996.3396070004,1.0381313562393188477,1,-0.012901044450700283051,0,0.77295887470245361328,1
1710505996.3902626038,1.0371094942092895508,1,-0.0092040225863456726074,0,0.77271419763565063477,1
1710505996.4411985874,1.0364545583724975586,1,-0.0074193472974002361298,0,0.77252399921417236328,1
1710505996.4916422367,1.0353492498397827148,1,-0.0049739442765712738037,0,0.77218616008758544922,1
1710505996.5420794487,1.0344452857971191406,1,-0.0035503720864653587341,0,0.77189224958419799805,1
1710505996.5925335884,1.0326383113861083984,1,-0.0011869129957631230354,0,0.77130860090255737305,1
1710505996.6431238651,1.0317445993423461914,1,-0.00016200549725908786058,0,0.77109724283218383789,1
1710505996.6935656071,1.0298862457275390625,1,0.0016597085632383823395,0,0.77052348852157592773,1
1710505996.7440605164,1.028849482536315918,1,0.002432242734357714653,0,0.77014309167861938477,1
1710505996.7945547104,1.0271520614624023438,1,0.0036088200286030769348,0,0.76962167024612426758,1
1710505996.8450012207,1.0267270803451538086,1,0.0039493655785918235779,0,0.76957690715789794922,1
1710505996.8954663277,1.0254789590835571289,1,0.0047109294682741165161,0,0.76903009414672851562,1
1710505996.9459781647,1.0249576568603515625,1,0.0050195734947919845581,0,0.76867783069610595703,1
1710505996.9964563847,1.0241698026657104492,1,0.0054615675471723079681,0,0.76813346147537231445,1
1710505997.046877861,1.0240259170532226562,1,0.0054564168676733970642,0,0.76795160770416259766,1
1710505997.0974707603,1.0238986015319824219,1,0.0057081785053014755249,0,0.76758670806884765625,1
1710505997.1480119228,1.0238995552062988281,1,0.005823503248393535614,0,0.7674382328987121582,1
1710505997.1984994411,1.0239963531494140625,1,0.0052150278352200984955,0,0.76708436012268066406,1
1710505997.249019146,1.0241390466690063477,1,0.0049138190224766731262,0,0.767040252685546875,1
1710505997.2997968197,1.0243566036224365234,1,0.004094241652637720108,0,0.7668641209602355957,1
1710505997.3503713608,1.0245505571365356445,1,0.0034303562715649604797,0,0.76700830459594726562,1
1710505997.4009079933,1.0248006582260131836,1,0.0029042202513664960861,0,0.76716208457946777344,1
1710505997.4514248371,1.0251617431640625,1,0.0018339869566261768341,0,0.76738744974136352539,1
1710505997.5019724369,1.0252968072891235352,1,0.0013384018093347549438,0,0.76728928089141845703,1
1710505997.5525026321,1.0256170034408569336,1,0.00071092305006459355354,0,0.7671769261360168457,1
1710505997.6030290127,1.0258719921112060547,1,0.00040550329140387475491,0,0.767078399658203125,1
1710505997.653583765,1.0262037515640258789,1,0.00025318271946161985397,0,0.76702260971069335938,1
1710505997.7041032314,1.0263997316360473633,1,0.00023641099687665700912,0,0.76711362600326538086,1
1710505997.7546679974,1.0269198417663574219,1,0.00078229949576780200005,0,0.76734721660614013672,1
1710505997.8052244186,1.0271685123443603516,1,0.0014278759481385350227,0,0.76769310235977172852,1
1710505997.8557496071,1.027514338493347168,1,0.0031208733562380075455,0,0.76835167407989501953,1
1710505997.9063427448,1.0276055335998535156,1,0.0037822155281901359558,0,0.76863360404968261719,1
1710505997.9569804668,1.0282297134399414062,1,0.0060890899039804935455,0,0.76937580108642578125,1
1710505998.0075740814,1.0286499261856079102,1,0.0076799863018095493317,0,0.76989269256591796875,1
1710505998.0581281185,1.0293363332748413086,1,0.010006186552345752716,0,0.77056133747100830078,1
1710505998.108672142,1.0298162698745727539,1,0.011530424468219280243,0,0.7710247039794921875,1
1710505998.1591715813,1.0308148860931396484,1,0.015022477135062217712,0,0.77169066667556762695,1
1710505998.2096819878,1.0312072038650512695,1,0.016796410083770751953,0,0.7719370722770690918,1
1710505998.2601997852,1.031882166862487793,1,0.019740749150514602661,0,0.77211058139801025391,1
1710505998.3108022213,1.0323816537857055664,1,0.021442722529172897339,0,0.77231967449188232422,1
1710505998.3613908291,1.0333199501037597656,1,0.024920906871557235718,0,0.77277129888534545898,1
1710505998.4119803905,1.0338220596313476562,1,0.026726672425866127014,0,0.77321225404739379883,1
1710505998.4625639915,1.0346568822860717773,1,0.030445257201790809631,0,0.7736346125602722168,1
1710505998.5130879879,1.0348961353302001953,1,0.031851995736360549927,0,0.77357625961303710938,1
1710505998.5635607243,1.035054326057434082,1,0.036161232739686965942,0,0.77280372381210327148,1
1710505998.6140618324,1.0348302125930786133,1,0.038274768739938735962,0,0.77221351861953735352,1
1710505998.6646132469,1.0343965291976928711,1,0.042787812650203704834,0,0.77105975151062011719,1
1710505998.7152090073,1.0342645645141601562,1,0.044973175972700119019,0,0.77052605152130126953,1
1710505998.7657721043,1.0339314937591552734,1,0.049193933606147766113,0,0.77016490697860717773,1
1710505998.8163018227,1.0339936017990112305,1,0.052174046635627746582,0,0.76998466253280639648,1
1710505998.8668503761,1.0339312553405761719,1,0.053912393748760223389,0,0.76968497037887573242,1
1710505998.9173896313,1.0338037014007568359,1,0.057020157575607299805,0,0.7689526677131652832,1
1710505998.9679474831,1.0337758064270019531,1,0.058343444019556045532,0,0.76860266923904418945,1
1710505999.018487215,1.0337265729904174805,1,0.060441579669713973999,0,0.76742565631866455078,1
1710505999.0690383911,1.0337111949920654297,1,0.061314020305871963501,0,0.76693326234817504883,1
1710505999.11977458,1.0335503816604614258,1,0.062825314700603485107,0,0.76605165004730224609,1
1710505999.1703436375,1.0334551334381103516,1,0.063711807131767272949,0,0.76572769880294799805,1
1710505999.2208559513,1.0334653854370117188,1,0.065099775791168212891,0,0.76528006792068481445,1
1710505999.2714495659,1.0335829257965087891,1,0.065480984747409820557,0,0.76502156257629394531,1
1710505999.3220615387,1.0339013338088989258,1,0.066157460212707519531,0,0.76468378305435180664,1
1710505999.3726482391,1.0340905189514160156,1,0.066432788968086242676,0,0.7643292546272277832,1
1710505999.4232900143,1.0349334478378295898,1,0.066683992743492126465,0,0.76364308595657348633,1
1710505999.4738640785,1.0353609323501586914,1,0.066629551351070404053,0,0.76348417997360229492,1
1710505999.524438858,1.0369482040405273438,1,0.066210575401782989502,0,0.76283049583435058594,1
1710505999.5750136375,1.0379358530044555664,1,0.065790712833404541016,0,0.76253122091293334961,1
1710505999.6255145073,1.0406714677810668945,1,0.06486972421407699585,0,0.76178777217864990234,1
1710505999.6760017872,1.0421044826507568359,1,0.064357087016105651855,0,0.76138591766357421875,1
1710505999.7264881134,1.0444916486740112305,1,0.063264191150665283203,0,0.76068675518035888672,1
1710505999.776971817,1.0459977388381958008,1,0.062596820294857025146,0,0.76056247949600219727,1
1710505999.8276152611,1.0490916967391967773,1,0.061348769813776016235,0,0.76085239648818969727,1
1710505999.8780612946,1.0505113601684570312,1,0.060600239783525466919,0,0.7609780430793762207,1
1710505999.9285326004,1.0532244443893432617,1,0.059035811573266983032,0,0.76117122173309326172,1
1710505999.9790337086,1.0541465282440185547,1,0.058526184409856796265,0,0.76126563549041748047,1
1710506000.0297563076,1.0570135116577148438,1,0.056028261780738830566,0,0.7621319890022277832,1
1710506000.0802476406,1.0585169792175292969,1,0.054502069950103759766,0,0.76256412267684936523,1
1710506000.1308057308,1.0616195201873779297,1,0.051627893000841140747,0,0.76370799541473388672,1
1710506000.1813895702,1.063200831413269043,1,0.050428595393896102905,0,0.76417905092239379883,1
1710506000.2319812775,1.0659530162811279297,1,0.047801606357097625732,0,0.76494735479354858398,1
1710506000.2825655937,1.0674033164978027344,1,0.046428211033344268799,0,0.76541733741760253906,1
1710506000.3331134319,1.0699540376663208008,1,0.044308029115200042725,0,0.76645648479461669922,1
1710506000.3837037086,1.0726610422134399414,1,0.041873715817928314209,0,0.76729118824005126953,1
1710506000.4342632294,1.0738942623138427734,1,0.040548134595155715942,0,0.76760965585708618164,1
1710506000.4848880768,1.0761879682540893555,1,0.03805506974458694458,0,0.76836454868316650391,1
1710506000.5354402065,1.0769103765487670898,1,0.036964956670999526978,0,0.76851975917816162109,1
1710506000.5859763622,1.0781174898147583008,1,0.035519015043973922729,0,0.76867330074310302734,1
1710506000.6364927292,1.078875422477722168,1,0.034638673067092895508,0,0.76897895336151123047,1
1710506000.687037468,1.0796037912368774414,1,0.033861458301544189453,0,0.76923233270645141602,1
1710506000.737590313,1.0808330774307250977,1,0.032371535897254943848,0,0.76946336030960083008,1
1710506000.7881493568,1.0817497968673706055,1,0.03148236498236656189,0,0.76982539892196655273,1
1710506000.8387379646,1.0821248292922973633,1,0.030958142131567001343,0,0.76993232965469360352,1
1710506000.8893167973,1.0829449892044067383,1,0.029548063874244689941,0,0.76962578296661376953,1
1710506000.9398889542,1.0834367275238037109,1,0.028532782569527626038,0,0.76947349309921264648,1
1710506000.9904899597,1.0840643644332885742,1,0.026251038536429405212,0,0.76933616399765014648,1
1710506001.0410692692,1.0842335224151611328,1,0.025404909625649452209,0,0.76940512657165527344,1
1710506001.0917358398,1.0847685337066650391,1,0.022815413773059844971,0,0.770496368408203125,1
1710506001.1422924995,1.0851871967315673828,1,0.021174959838390350342,0,0.77131319046020507812,1
1710506001.1928846836,1.0859856605529785156,1,0.018295194953680038452,0,0.77266520261764526367,1
1710506001.2434878349,1.0864462852478027344,1,0.016614682972431182861,0,0.77329337596893310547,1
1710506001.2941000462,1.0871471166610717773,1,0.012763439677655696869,0,0.77431291341781616211,1
1710506001.344671011,1.0874245166778564453,1,0.010873869992792606354,0,0.77470266819000244141,1
1710506001.3953053951,1.0879094600677490234,1,0.0071290526539087295532,0,0.77553528547286987305,1
1710506001.4458935261,1.0879803895950317383,1,0.0058144275099039077759,0,0.77576041221618652344,1
1710506001.4964661598,1.0881115198135375977,1,0.0015034616226330399513,0,0.77646148204803466797,1
1710506001.5470588207,1.0882382392883300781,1,-0.00067810364998877048492,0,0.77690589427947998047,1
1710506001.5976033211,1.0886055231094360352,1,-0.0048445365391671657562,0,0.77764123678207397461,1
1710506001.6481592655,1.0887267589569091797,1,-0.0060842633247375488281,0,0.77790951728820800781,1
1710506001.6987051964,1.0892249345779418945,1,-0.0090990606695413589478,0,0.77875357866287231445,1
1710506001.749270916,1.0899509191513061523,1,-0.012495364062488079071,0,0.77988511323928833008,1
1710506001.7998347282,1.0901973247528076172,1,-0.014274565503001213074,0,0.78049576282501220703,1
1710506001.8503751755,1.0904935598373413086,1,-0.017152642831206321716,0,0.78137129545211791992,1
1710506001.9009096622,1.0907635688781738281,1,-0.018431356176733970642,0,0.78187292814254760742,1
1710506001.9514577389,1.0910871028900146484,1,-0.020518055185675621033,0,0.78250139951705932617,1
1710506002.00198102,1.0911482572555541992,1,-0.021880883723497390747,0,0.78255492448806762695,1
1710506002.0525641441,1.0908623933792114258,1,-0.02453191019594669342,0,0.7827103734016418457,1
1710506002.1031508446,1.0908032655715942383,1,-0.025790989398956298828,0,0.78290402889251708984,1
1710506002.1537921429,1.0908406972885131836,1,-0.027809062972664833069,0,0.78360182046890258789,1
1710506002.204403162,1.0906556844711303711,1,-0.028346223756670951843,0,0.78377890586853027344,1
1710506002.2550268173,1.090221405029296875,1,-0.028591791167855262756,0,0.78400254249572753906,1
1710506002.3055994511,1.0899149179458618164,1,-0.028524337336421012878,0,0.78402251005172729492,1
1710506002.3561258316,1.0896735191345214844,1,-0.028100008144974708557,0,0.78396040201187133789,1
1710506002.4066388607,1.0894913673400878906,1,-0.027551906183362007141,0,0.7839425206184387207,1
1710506002.4571893215,1.0891964435577392578,1,-0.025262961164116859436,0,0.78361427783966064453,1
1710506002.5076999664,1.0891964435577392578,1,-0.025262961164116859436,0,0.78361427783966064453,1
1710506002.5582220554,1.0891076326370239258,1,-0.020432356745004653931,0,0.78376364707946777344,1
1710506002.608720541,1.0891724824905395508,1,-0.018472377210855484009,0,0.78432708978652954102,1
1710506002.6592915058,1.0887240171432495117,1,-0.013690356165170669556,0,0.78675556182861328125,1
1710506002.7098460197,1.0885142087936401367,1,-0.010889274068176746368,0,0.78838574886322021484,1
1710506002.7603816986,1.0875904560089111328,1,-0.0045996429398655891418,0,0.79138547182083129883,1
1710506002.8109083176,1.0866657495498657227,1,-0.0012901496374979615211,0,0.79259538650512695312,1
1710506002.8614530563,1.0857168436050415039,1,0.0046051885001361370087,0,0.79509568214416503906,1
1710506002.9119918346,1.0851060152053833008,1,0.00853291340172290802,0,0.79715180397033691406,1
1710506002.9625570774,1.0837904214859008789,1,0.0169049873948097229,0,0.80200588703155517578,1
1710506003.013074398,1.082305908203125,1,0.025247896090149879456,0,0.80616116523742675781,1
1710506003.0635552406,1.0812437534332275391,1,0.030479433014988899231,0,0.80875009298324584961,1
1710506003.1140770912,1.0789870023727416992,1,0.040397692471742630005,0,0.81389093399047851562,1
1710506003.1646754742,1.077610015869140625,1,0.045325294137001037598,0,0.81623566150665283203,1
1710506003.2159953117,1.0762333869934082031,1,0.050220128148794174194,0,0.8185100555419921875,1
1710506003.2666285038,1.0732119083404541016,1,0.059298995882272720337,0,0.82342875003814697266,1
1710506003.3172233105,1.0704284906387329102,1,0.066973790526390075684,0,0.83194869756698608398,1
1710506003.3678174019,1.0686868429183959961,1,0.070836104452610015869,0,0.83765834569931030273,1
1710506003.4183261395,1.0676916837692260742,1,0.073416277766227722168,0,0.84136700630187988281,1
1710506003.4689536095,1.0643445253372192383,1,0.08088658750057220459,0,0.85403847694396972656,1
1710506003.5195355415,1.0609190464019775391,1,0.087815552949905395508,0,0.86710846424102783203,1
1710506003.5699646473,1.0590894222259521484,1,0.091115087270736694336,0,0.87394469976425170898,1
1710506003.6204330921,1.0548713207244873047,1,0.097899064421653747559,0,0.88772612810134887695,1
1710506003.6708679199,1.0534669160842895508,1,0.10006057471036911011,0,0.89225000143051147461,1
1710506003.7213010788,1.0496355295181274414,1,0.10592553019523620605,0,0.90516740083694458008,1
1710506003.7717680931,1.0478057861328125,1,0.10851375758647918701,0,0.91120481491088867188,1
1710506003.8222105503,1.0440522432327270508,1,0.11340463161468505859,0,0.9232495427131652832,1
1710506003.8726818562,1.0423510074615478516,1,0.11568809300661087036,0,0.92881286144256591797,1
1710506003.9232721329,1.0384949445724487305,1,0.12024296075105667114,0,0.93959671258926391602,1
1710506003.9738054276,1.0370841026306152344,1,0.12183319032192230225,0,0.94320309162139892578,1
1710506004.0243785381,1.0333323478698730469,1,0.12607215344905853271,0,0.95250672101974487305,1
1710506004.0749099255,1.0309469699859619141,1,0.12865485250949859619,0,0.95822381973266601562,1
1710506004.1255047321,1.0280681848526000977,1,0.13186094164848327637,0,0.9643681645393371582,1
1710506004.176104784,1.0265150070190429688,1,0.13351376354694366455,0,0.96777594089508056641,1
1710506004.2266449928,1.0239009857177734375,1,0.13632275164127349854,0,0.9736614227294921875,1
1710506004.2772545815,1.0232684612274169922,1,0.13705943524837493896,0,0.975307464599609375,1
1710506004.3278901577,1.0216476917266845703,1,0.13905374705791473389,0,0.97944027185440063477,1
1710506004.3784286976,1.0211251974105834961,1,0.13980297744274139404,0,0.98112785816192626953,1
1710506004.4289550781,1.0203834772109985352,1,0.14073005318641662598,0,0.98438715934753417969,1
1710506004.4795718193,1.0199893712997436523,1,0.1414003521203994751,0,0.9868037104606628418,1
1710506004.5301001072,1.0198787450790405273,1,0.14185804128646850586,0,0.98852258920669555664,1
1710506004.5806322098,1.0199755430221557617,1,0.14205944538116455078,0,0.99027198553085327148,1
1710506004.631165266,1.0202368497848510742,1,0.14208175241947174072,0,0.99099594354629516602,1
1710506004.6817009449,1.0209809541702270508,1,0.141706809401512146,0,0.9924640655517578125,1
1710506004.7322151661,1.0213017463684082031,1,0.14160118997097015381,0,0.99296349287033081055,1
1710506004.7827012539,1.0229222774505615234,1,0.14065371453762054443,0,0.99297136068344116211,1
1710506004.8331236839,1.0240458250045776367,1,0.14000265300273895264,0,0.99273800849914550781,1
1710506004.8835575581,1.026038050651550293,1,0.13883574306964874268,0,0.99241948127746582031,1
1710506004.9339928627,1.0273027420043945312,1,0.13796404004096984863,0,0.99250441789627075195,1
1710506004.9845087528,1.0299488306045532227,1,0.13620787858963012695,0,0.99272269010543823242,1
1710506005.0349812508,1.0314667224884033203,1,0.13509160280227661133,0,0.99276447296142578125,1
1710506005.0854341984,1.0343906879425048828,1,0.13325771689414978027,0,0.99291443824768066406,1
1710506005.1359071732,1.03577423095703125,1,0.1326831132173538208,0,0.99297374486923217773,1
1710506005.1863772869,1.0377092361450195312,1,0.13203160464763641357,0,0.99325978755950927734,1
1710506005.2368385792,1.0386253595352172852,1,0.13192525506019592285,0,0.99349546432495117188,1
1710506005.2873373032,1.0404320955276489258,1,0.13186185061931610107,0,0.99417823553085327148,1
1710506005.3378531933,1.0411263704299926758,1,0.1319993138313293457,0,0.99459373950958251953,1
1710506005.3884601593,1.0423241853713989258,1,0.13234427571296691895,0,0.99508893489837646484,1
1710506005.4390687943,1.0429085493087768555,1,0.13280457258224487305,0,0.99577373266220092773,1
1710506005.4897203445,1.0432797670364379883,1,0.13403722643852233887,0,0.99667221307754516602,1
1710506005.5402684212,1.043375849723815918,1,0.13487166166305541992,0,0.99741894006729125977,1
1710506005.5908129215,1.0430624485015869141,1,0.13698334991931915283,0,0.99894344806671142578,1
1710506005.6413664818,1.0427521467208862305,1,0.13811804354190826416,0,0.99962216615676879883,1
1710506005.6919121742,1.0417759418487548828,1,0.14059473574161529541,0,1.0008817911148071289,1
1710506005.7424385548,1.0406975746154785156,1,0.14300426840782165527,0,1.0018323659896850586,1
1710506005.7929739952,1.0389438867568969727,1,0.14651952683925628662,0,1.0030595064163208008,1
1710506005.8434796333,1.0377372503280639648,1,0.14875651895999908447,0,1.003880620002746582,1
1710506005.8939907551,1.0351864099502563477,1,0.1532154083251953125,0,1.0050088167190551758,1
1710506005.9445254803,1.0339281558990478516,1,0.15542468428611755371,0,1.0055831670761108398,1
1710506005.9951536655,1.0312802791595458984,1,0.15961250662803649902,0,1.0066908597946166992,1
1710506006.0457248688,1.0294423103332519531,1,0.1620546877384185791,0,1.0075218677520751953,1
1710506006.0961852074,1.0262007713317871094,1,0.16615772247314453125,0,1.0090773105621337891,1
1710506006.1468169689,1.0241551399230957031,1,0.16851033270359039307,0,1.0102002620697021484,1
1710506006.1973347664,1.0199708938598632812,1,0.17342740297317504883,0,1.0123839378356933594,1
1710506006.2478251457,1.0155866146087646484,1,0.17816445231437683105,0,1.0143783092498779297,1
1710506006.2983613014,1.0141317844390869141,1,0.17968995869159698486,0,1.0149303674697875977,1
1710506006.3491659164,1.0095275640487670898,1,0.18442289531230926514,0,1.0164144039154052734,1
1710506006.3997187614,1.0068192481994628906,1,0.18687291443347930908,0,1.0174129009246826172,1
1710506006.450322628,1.0011539459228515625,1,0.19191928207874298096,0,1.019368290901184082,1
1710506006.500939846,0.99829268455505371094,1,0.19434687495231628418,0,1.0204195976257324219,1
1710506006.5514853001,0.99398189783096313477,1,0.19803796708583831787,0,1.0220967531204223633,1
1710506006.6020264626,0.99140173196792602539,1,0.20036923885345458984,0,1.0229834318161010742,1
1710506006.6525650024,0.9864628911018371582,1,0.2046604156494140625,0,1.0244514942169189453,1
1710506006.7031085491,0.98430091142654418945,1,0.20654438436031341553,0,1.0248934030532836914,1
1710506006.7536299229,0.98015284538269042969,1,0.20970734953880310059,0,1.0256246328353881836,1
1710506006.8041243553,0.97834700345993041992,1,0.2109012603759765625,0,1.0258878469467163086,1
1710506006.8546404839,0.97541058063507080078,1,0.21274976432323455811,0,1.0261383056640625,1
1710506006.9051632881,0.97401905059814453125,1,0.2134844660758972168,0,1.026143193244934082,1
1710506006.9557380676,0.97182935476303100586,1,0.21401496231555938721,0,1.0261853933334350586,1
1710506007.0063683987,0.97084879875183105469,1,0.21412548422813415527,0,1.0262715816497802734,1
1710506007.0569589138,0.9692046046257019043,1,0.21415156126022338867,0,1.0264316797256469727,1
1710506007.1074237823,0.96847319602966308594,1,0.21410742402076721191,0,1.0266487598419189453,1
1710506007.1579022408,0.96724039316177368164,1,0.21424512565135955811,0,1.0268483161926269531,1
1710506007.2083997726,0.96670293807983398438,1,0.21420781314373016357,0,1.0267832279205322266,1
1710506007.258890152,0.96592408418655395508,1,0.2141170203685760498,0,1.0264902114868164062,1
1710506007.309543848,0.96548122167587280273,1,0.21415808796882629395,0,1.0263514518737792969,1
1710506007.3601145744,0.96497195959091186523,1,0.21380223333835601807,0,1.0261783599853515625,1
1710506007.4107303619,0.96511006355285644531,1,0.21326498687267303467,0,1.0261120796203613281,1
1710506007.461204052,0.96538430452346801758,1,0.21235446631908416748,0,1.0260976552963256836,1
1710506007.5116755962,0.96533370018005371094,1,0.21192890405654907227,0,1.0262379646301269531,1
1710506007.5621304512,0.96559435129165649414,1,0.21068306267261505127,0,1.0265953540802001953,1
1710506007.6126170158,0.96590465307235717773,1,0.20984308421611785889,0,1.0267269611358642578,1
1710506007.6632359028,0.9665648341178894043,1,0.20800389349460601807,0,1.0268056392669677734,1
1710506007.7137682438,0.96692270040512084961,1,0.20714867115020751953,0,1.026749730110168457,1
1710506007.7642798424,0.96773666143417358398,1,0.20523902773857116699,0,1.0269056558609008789,1
1710506007.8147976398,0.96842420101165771484,1,0.20369091629981994629,0,1.0273042917251586914,1
1710506007.8653240204,0.96994364261627197266,1,0.2008456885814666748,0,1.0277754068374633789,1
1710506007.9158363342,0.97063732147216796875,1,0.19939178228378295898,0,1.0280814170837402344,1
1710506007.9663879871,0.97201830148696899414,1,0.19658076763153076172,0,1.0287442207336425781,1
1710506008.0169329643,0.97256636619567871094,1,0.19570460915565490723,0,1.0289055109024047852,1
1710506008.0674829483,0.97419744729995727539,1,0.19314448535442352295,0,1.0292748212814331055,1
1710506008.1180481911,0.97580558061599731445,1,0.19054542481899261475,0,1.0294462442398071289,1
1710506008.1686017513,0.97661012411117553711,1,0.18923966586589813232,0,1.0295468568801879883,1
1710506008.2191998959,0.97801560163497924805,1,0.18705388903617858887,0,1.0299803018569946289,1
1710506008.2697892189,0.97877222299575805664,1,0.18607822060585021973,0,1.0302814245223999023,1
1710506008.3203251362,0.97996258735656738281,1,0.18418553471565246582,0,1.0312074422836303711,1
1710506008.3712105751,0.98026537895202636719,1,0.18367964029312133789,0,1.0315855741500854492,1
1710506008.4217190742,0.98154872655868530273,1,0.18174247443675994873,0,1.0329148769378662109,1
1710506008.472299099,0.98223471641540527344,1,0.18081544339656829834,0,1.0336372852325439453,1
1710506008.522862196,0.98358249664306640625,1,0.17885217070579528809,0,1.0351438522338867188,1
1710506008.5734553337,0.98426443338394165039,1,0.17769728600978851318,0,1.0358479022979736328,1
1710506008.6239826679,0.98590445518493652344,1,0.17505761981010437012,0,1.0369840860366821289,1
1710506008.6745853424,0.98639339208602905273,1,0.17417629063129425049,0,1.0373808145523071289,1
1710506008.7251164913,0.98797076940536499023,1,0.17139080166816711426,0,1.0385097265243530273,1
1710506008.7756309509,0.98900711536407470703,1,0.16968381404876708984,0,1.0387531518936157227,1
1710506008.8261957169,0.99109625816345214844,1,0.1661748737096786499,0,1.0392441749572753906,1
1710506008.8767020702,0.99219584465026855469,1,0.16449309885501861572,0,1.0392920970916748047,1
1710506008.9272258282,0.99431830644607543945,1,0.16068702936172485352,0,1.0393427610397338867,1
1710506008.9777903557,0.9950644373893737793,1,0.15934880077838897705,0,1.0393862724304199219,1
1710506009.0283737183,0.9976781010627746582,1,0.15515817701816558838,0,1.0394518375396728516,1
1710506009.0789489746,0.99885106086730957031,1,0.15298856794834136963,0,1.0394319295883178711,1
1710506009.1295733452,1.0009614229202270508,1,0.14891050755977630615,0,1.0393538475036621094,1
1710506009.1801214218,1.0029741525650024414,1,0.14518791437149047852,0,1.039046168327331543,1
1710506009.2306523323,1.0043075084686279297,1,0.14278014004230499268,0,1.0385200977325439453,1
1710506009.2812263966,1.0052074193954467773,1,0.14035688340663909912,0,1.0380866527557373047,1
1710506009.3317930698,1.0054403543472290039,1,0.13914783298969268799,0,1.03807830810546875,1
1710506009.3823897839,1.0059094429016113281,1,0.13711468875408172607,0,1.0378019809722900391,1
1710506009.4329760075,1.0060609579086303711,1,0.13621559739112854004,0,1.0374975204467773438,1
1710506009.483553648,1.0059602260589599609,1,0.1350412517786026001,0,1.0370595455169677734,1
1710506009.5341110229,1.0056965351104736328,1,0.13428892195224761963,0,1.0369439125061035156,1
1710506009.5846970081,1.0058398246765136719,1,0.13287989795207977295,0,1.0365217924118041992,1
1710506009.6352674961,1.0058914422988891602,1,0.13208234310150146484,0,1.0362759828567504883,1
1710506009.6858036518,1.0057443380355834961,1,0.13105675578117370605,0,1.0358773469924926758,1
1710506009.7363359928,1.005564570426940918,1,0.13067811727523803711,0,1.0358028411865234375,1
1710506009.7868330479,1.0056297779083251953,1,0.12969568371772766113,0,1.0354137420654296875,1
1710506009.8373463154,1.0055238008499145508,1,0.12926658987998962402,0,1.0353056192398071289,1
1710506009.8878557682,1.0051733255386352539,1,0.12859332561492919922,0,1.0352329015731811523,1
1710506009.9383261204,1.0046796798706054688,1,0.12852303683757781982,0,1.0353978872299194336,1
1710506009.9888670444,1.0042456388473510742,1,0.12837371230125427246,0,1.035447239875793457,1
1710506010.0393428802,1.0038815736770629883,1,0.12844493985176086426,0,1.0353792905807495117,1
1710506010.0899894238,1.0032221078872680664,1,0.12885408103466033936,0,1.0350326299667358398,1
1710506010.1405444145,1.0025972127914428711,1,0.12927742302417755127,0,1.0349553823471069336,1
1710506010.1910400391,1.00167083740234375,1,0.13004364073276519775,0,1.0346577167510986328,1
1710506010.2415962219,1.0011358261108398438,1,0.13058450818061828613,0,1.0345722436904907227,1
1710506010.2921755314,0.9998722076416015625,1,0.13190124928951263428,0,1.0342922210693359375,1
1710506010.3429732323,0.99937105178833007812,1,0.13254205882549285889,0,1.0339496135711669922,1
1710506010.3938243389,0.9989026188850402832,1,0.133085593581199646,0,1.0335289239883422852,1
1710506010.4443926811,0.99907529354095458984,1,0.13288810849189758301,0,1.0332807302474975586,1
1710506010.4949617386,0.99931502342224121094,1,0.13272668421268463135,0,1.0333113670349121094,1
1710506010.5455167294,0.99972933530807495117,1,0.13302630186080932617,0,1.0333452224731445312,1
1710506010.5960893631,0.99996107816696166992,1,0.13320663571357727051,0,1.0334556102752685547,1
1710506010.6466257572,1.0005352497100830078,1,0.13334999978542327881,0,1.0336040258407592773,1
1710506010.6971936226,1.0008014440536499023,1,0.1336355358362197876,0,1.0337842702865600586,1
1710506010.7477457523,1.0015085935592651367,1,0.13448131084442138672,0,1.0339018106460571289,1
1710506010.7982764244,1.0019096136093139648,1,0.13512639701366424561,0,1.0337244272232055664,1
1710506010.8489210606,1.0030297040939331055,1,0.13588304817676544189,0,1.0335563421249389648,1
1710506010.8994615078,1.0035917758941650391,1,0.13607759773731231689,0,1.0334926843643188477,1
1710506010.9500184059,1.0044267177581787109,1,0.13662171363830566406,0,1.0335645675659179688,1
1710506011.0005550385,1.0049815177917480469,1,0.13677684962749481201,0,1.0335347652435302734,1
1710506011.0511567593,1.00624847412109375,1,0.13680715858936309814,0,1.0334566831588745117,1
1710506011.1017227173,1.0067998170852661133,1,0.13699992001056671143,0,1.0334398746490478516,1
1710506011.1522908211,1.0073789358139038086,1,0.13780234754085540771,0,1.0332803726196289062,1
1710506011.2028348446,1.0079354047775268555,1,0.1377782672643661499,0,1.0332311391830444336,1
1710506011.2534794807,1.0086853504180908203,1,0.13782623410224914551,0,1.0334966182708740234,1
1710506011.3039484024,1.0091425180435180664,1,0.13784039020538330078,0,1.0336029529571533203,1
1710506011.3543617725,1.0101655721664428711,1,0.13796600699424743652,0,1.033757328987121582,1
1710506011.4048113823,1.0106935501098632812,1,0.13791579008102416992,0,1.0338948965072631836,1
1710506011.4553256035,1.0116837024688720703,1,0.13775067031383514404,0,1.0341527462005615234,1
1710506011.5058970451,1.0124821662902832031,1,0.13734170794486999512,0,1.0342652797698974609,1
1710506011.5565001965,1.0139181613922119141,1,0.13628186285495758057,0,1.0346865653991699219,1
1710506011.6070525646,1.0145117044448852539,1,0.1360540241003036499,0,1.0350054502487182617,1
1710506011.6576120853,1.0150710344314575195,1,0.13583265244960784912,0,1.0361176729202270508,1
1710506011.70814538,1.0155512094497680664,1,0.13565146923065185547,0,1.0364412069320678711,1
1710506011.7586534023,1.0163420438766479492,1,0.13545845448970794678,0,1.0370725393295288086,1
1710506011.8092048168,1.0164819955825805664,1,0.1355088353157043457,0,1.0374429225921630859,1
1710506011.8602986336,1.0164035558700561523,1,0.13626910746097564697,0,1.0382990837097167969,1
1710506011.9108192921,1.0160750150680541992,1,0.13691377639770507812,0,1.038682103157043457,1
1710506011.961357832,1.0149676799774169922,1,0.13875217735767364502,0,1.0394563674926757812,1
1710506012.0119011402,1.0144491195678710938,1,0.13972298800945281982,0,1.039826512336730957,1
1710506012.062482357,1.0126646757125854492,1,0.14214874804019927979,0,1.0406908988952636719,1
1710506012.1131017208,1.0120146274566650391,1,0.14305156469345092773,0,1.040945887565612793,1
1710506012.1636769772,1.0105702877044677734,1,0.1454581916332244873,0,1.0412838459014892578,1
1710506012.2142190933,1.0097588300704956055,1,0.14674304425716400146,0,1.0414963960647583008,1
1710506012.2647302151,1.0080229043960571289,1,0.14971962571144104004,0,1.0419439077377319336,1
1710506012.315179348,1.0056191682815551758,1,0.15345916152000427246,0,1.0423501729965209961,1
1710506012.3656175137,1.0042718648910522461,1,0.15544560551643371582,0,1.042552947998046875,1
1710506012.4161846638,1.0020061731338500977,1,0.15913107991218566895,0,1.042763829231262207,1
1710506012.4666793346,1.001150965690612793,1,0.16054955124855041504,0,1.0427548885345458984,1
1710506012.5172181129,0.99850511550903320312,1,0.16479414701461791992,0,1.0424469709396362305,1
1710506012.5677754879,0.99738234281539916992,1,0.16669063270092010498,0,1.0423126220703125,1
1710506012.6183788776,0.99526834487915039062,1,0.17015656828880310059,0,1.0421744585037231445,1
1710506012.6689565182,0.99467766284942626953,1,0.17123837769031524658,0,1.0421516895294189453,1
1710506012.7195072174,0.99335336685180664062,1,0.17415477335453033447,0,1.0418645143508911133,1
1710506012.7700572014,0.99309194087982177734,1,0.17484639585018157959,0,1.0417368412017822266,1
1710506012.8205964565,0.99277311563491821289,1,0.17653983831405639648,0,1.0412451028823852539,1
1710506012.8711576462,0.99288570880889892578,1,0.17708057165145874023,0,1.0409662723541259766,1
1710506012.9216914177,0.99329203367233276367,1,0.17780815064907073975,0,1.0405687093734741211,1
1710506012.972215414,0.99367272853851318359,1,0.17780156433582305908,0,1.0403132438659667969,1
1710506013.0228283405,0.99518120288848876953,1,0.17715589702129364014,0,1.0390120744705200195,1
1710506013.0733685493,0.99565845727920532227,1,0.17693376541137695312,0,1.0387055873870849609,1
1710506013.1239275932,0.99672615528106689453,1,0.17672844231128692627,0,1.037860870361328125,1
1710506013.1744642258,0.99750322103500366211,1,0.17654146254062652588,0,1.0374681949615478516,1
1710506013.2249975204,0.99920648336410522461,1,0.1758814007043838501,0,1.0365812778472900391,1
1710506013.2754945755,0.99985319375991821289,1,0.17581033706665039062,0,1.0361599922180175781,1
1710506013.3259336948,1.0013228654861450195,1,0.17542432248592376709,0,1.0353105068206787109,1
1710506013.3765044212,1.0018138885498046875,1,0.17528115212917327881,0,1.0350219011306762695,1
1710506013.4272036552,1.0030101537704467773,1,0.17493811249732971191,0,1.034413456916809082,1
1710506013.4777076244,1.0034971237182617188,1,0.17508421838283538818,0,1.034224390983581543,1
1710506013.5282158852,1.0048934221267700195,1,0.17502754926681518555,0,1.0337326526641845703,1
1710506013.578674078,1.0053467750549316406,1,0.17507271468639373779,0,1.0334695577621459961,1
1710506013.6292142868,1.0061686038970947266,1,0.17609070241451263428,0,1.0323342084884643555,1
1710506013.6797180176,1.0067379474639892578,1,0.17647269368171691895,0,1.0318195819854736328,1
1710506013.7302730083,1.0085071325302124023,1,0.17684115469455718994,0,1.0303282737731933594,1
1710506013.7808554173,1.0100065469741821289,1,0.17685578763484954834,0,1.0291141271591186523,1
1710506013.8313157558,1.0100065469741821289,1,0.17685578763484954834,0,1.0291141271591186523,1
1710506013.8818533421,1.0116031169891357422,1,0.17650432884693145752,0,1.0287177562713623047,1
1710506013.9323904514,1.0123302936553955078,1,0.17636339366436004639,0,1.028695225715637207,1
1710506013.9829375744,1.0141168832778930664,1,0.17563316226005554199,0,1.0283465385437011719,1
1710506014.0334808826,1.0157625675201416016,1,0.17499564588069915771,0,1.0278408527374267578,1
1710506014.0840086937,1.0168063640594482422,1,0.17438521981239318848,0,1.0275499820709228516,1
1710506014.134542942,1.0178426504135131836,1,0.17388114333152770996,0,1.0273013114929199219,1
1710506014.1850841045,1.0198080539703369141,1,0.17271600663661956787,0,1.0268918275833129883,1
1710506014.2357108593,1.0223265886306762695,1,0.17071202397346496582,0,1.0261386632919311523,1
1710506014.2862269878,1.0235773324966430664,1,0.16958686709403991699,0,1.0257281064987182617,1
1710506014.3367362022,1.0254782438278198242,1,0.16797360777854919434,0,1.0252534151077270508,1
1710506014.387342453,1.0266224145889282227,1,0.16693238914012908936,0,1.024958491325378418,1
1710506014.4379110336,1.0286475419998168945,1,0.16514824330806732178,0,1.0244081020355224609,1
1710506014.4884402752,1.0298030376434326172,1,0.16392581164836883545,0,1.0239949226379394531,1
1710506014.5390169621,1.0316828489303588867,1,0.16198429465293884277,0,1.0232465267181396484,1
1710506014.5895657539,1.03235626220703125,1,0.1613149493932723999,0,1.0229313373565673828,1
1710506014.6401262283,1.0336443185806274414,1,0.15980133414268493652,0,1.0225348472595214844,1
1710506014.6907408237,1.0343393087387084961,1,0.15896664559841156006,0,1.0224993228912353516,1
1710506014.7413172722,1.0354027748107910156,1,0.15767265856266021729,0,1.0225889682769775391,1
1710506014.7918627262,1.0356965065002441406,1,0.15719948709011077881,0,1.0227818489074707031,1
1710506014.8423855305,1.0363216400146484375,1,0.15625320374965667725,0,1.0232475996017456055,1
1710506014.8929381371,1.0364137887954711914,1,0.15598146617412567139,0,1.0235919952392578125,1
1710506014.9434697628,1.0360875129699707031,1,0.15594561398029327393,0,1.0243517160415649414,1
1710506014.9939846992,1.0358010530471801758,1,0.15608660876750946045,0,1.0248131752014160156,1
1710506015.0445101261,1.0352555513381958008,1,0.15653379261493682861,0,1.0255790948867797852,1
1710506015.0950088501,1.0350743532180786133,1,0.15678717195987701416,0,1.0258496999740600586,1
1710506015.145516634,1.0346245765686035156,1,0.1573944091796875,0,1.0262501239776611328,1
1710506015.1960155964,1.0344376564025878906,1,0.15790930390357971191,0,1.0262409448623657227,1
1710506015.246475935,1.0342111587524414062,1,0.158771514892578125,0,1.0259526968002319336,1
1710506015.2968990803,1.0341814756393432617,1,0.15898886322975158691,0,1.025866389274597168,1
1710506015.3473412991,1.034016728401184082,1,0.15985675156116485596,0,1.0256803035736083984,1
1710506015.3977730274,1.0339711904525756836,1,0.16034144163131713867,0,1.025524139404296875,1
1710506015.4483251572,1.033845067024230957,1,0.16145245730876922607,0,1.0250768661499023438,1
1710506015.4988968372,1.0338062047958374023,1,0.16201537847518920898,0,1.024830937385559082,1
1710506015.5495195389,1.0331621170043945312,1,0.16386081278324127197,0,1.0244115591049194336,1
1710506015.6000852585,1.0325205326080322266,1,0.16608656942844390869,0,1.0242338180541992188,1
1710506015.6506192684,1.0321806669235229492,1,0.16731382906436920166,0,1.0241903066635131836,1
1710506015.7011804581,1.0316905975341796875,1,0.16952462494373321533,0,1.0239402055740356445,1
1710506015.75172472,1.0316524505615234375,1,0.17052529752254486084,0,1.023667454719543457,1
1710506015.8022708893,1.0312994718551635742,1,0.17240355908870697021,0,1.0236848592758178711,1
1710506015.8528268337,1.0312716960906982422,1,0.17367450892925262451,0,1.0234695672988891602,1
1710506015.9033741951,1.0317063331604003906,1,0.17523850500583648682,0,1.023068547248840332,1
1710506015.9539134502,1.0318341255187988281,1,0.17668840289115905762,0,1.0227129459381103516,1
1710506016.0044250488,1.0315158367156982422,1,0.17905378341674804688,0,1.0215927362442016602,1
1710506016.0548639297,1.0318926572799682617,1,0.17996899783611297607,0,1.0209838151931762695,1
1710506016.1053237915,1.0316864252090454102,1,0.1821375042200088501,0,1.0204555988311767578,1
1710506016.1558806896,1.0319731235504150391,1,0.18304227292537689209,0,1.0198516845703125,1
1710506016.2070043087,1.0315747261047363281,1,0.18503458797931671143,0,1.020061492919921875,1
1710506016.2575409412,1.0314124822616577148,1,0.18589988350868225098,0,1.0200331211090087891,1
1710506016.3080055714,1.0313363075256347656,1,0.18709267675876617432,0,1.0200580358505249023,1
1710506016.3584709167,1.0312083959579467773,1,0.18743981420993804932,0,1.0201684236526489258,1
1710506016.4089224339,1.0307821035385131836,1,0.18792039155960083008,0,1.0203962326049804688,1
1710506016.4593412876,1.0307874679565429688,1,0.18791191279888153076,0,1.0202791690826416016,1
1710506016.5115408897,1.0306880474090576172,1,0.1878795921802520752,0,1.0201247930526733398,1
1710506016.56204772,1.0306518077850341797,1,0.18759317696094512939,0,1.0199193954467773438,1
1710506016.6126251221,1.030520319938659668,1,0.18700723350048065186,0,1.0198955535888671875,1
1710506016.6632444859,1.030428767204284668,1,0.18675269186496734619,0,1.0200301408767700195,1
1710506016.7137851715,1.0302631855010986328,1,0.1857213824987411499,0,1.020560145378112793,1
1710506016.7643227577,1.0300743579864501953,1,0.18517223000526428223,0,1.0209290981292724609,1
1710506016.814896822,1.0296515226364135742,1,0.18425166606903076172,0,1.0218188762664794922,1
1710506016.8654410839,1.0295013189315795898,1,0.18359754979610443115,0,1.0224211215972900391,1
1710506016.9159860611,1.0291184186935424805,1,0.18225017189979553223,0,1.0235729217529296875,1
1710506016.9664828777,1.0288159847259521484,1,0.18104024231433868408,0,1.0244764089584350586,1
1710506017.0172584057,1.0287649631500244141,1,0.18019028007984161377,0,1.0249738693237304688,1
1710506017.0677685738,1.0289044380187988281,1,0.17857527732849121094,0,1.0258530378341674805,1
1710506017.1182823181,1.0290901660919189453,1,0.17754428088665008545,0,1.0265098810195922852,1
1710506017.168885231,1.0296982526779174805,1,0.17525094747543334961,0,1.0277286767959594727,1
1710506017.2193548679,1.0298755168914794922,1,0.1744813770055770874,0,1.0282261371612548828,1
1710506017.2697963715,1.0306013822555541992,1,0.17192722856998443604,0,1.0296692848205566406,1
1710506017.3203377724,1.0311517715454101562,1,0.17053633928298950195,0,1.0302804708480834961,1
1710506017.3709549904,1.0321692228317260742,1,0.16800050437450408936,0,1.0313857793807983398,1
1710506017.4214501381,1.0327886343002319336,1,0.16620855033397674561,0,1.0321651697158813477,1
1710506017.4719779491,1.0338306427001953125,1,0.16321258246898651123,0,1.0335348844528198242,1
1710506017.5225663185,1.033999323844909668,1,0.16246624290943145752,0,1.0340297222137451172,1
1710506017.5731306076,1.0342545509338378906,1,0.16054834425449371338,0,1.0353341102600097656,1
1710506017.6236767769,1.0344638824462890625,1,0.15951912105083465576,0,1.0357547998428344727,1
1710506017.6742413044,1.0346477031707763672,1,0.15819448232650756836,0,1.036435246467590332,1
1710506017.7248344421,1.0346733331680297852,1,0.15758913755416870117,0,1.0368070602416992188,1
1710506017.7754194736,1.0346522331237792969,1,0.15659452974796295166,0,1.0372275114059448242,1
1710506017.825997591,1.0346691608428955078,1,0.15605118870735168457,0,1.0372798442840576172,1
1710506017.8765165806,1.0350937843322753906,1,0.15496842563152313232,0,1.03684234619140625,1
1710506017.9271085262,1.0351175069808959961,1,0.15470203757286071777,0,1.0367141962051391602,1
1710506017.9776437283,1.0352610349655151367,1,0.15388254821300506592,0,1.0362842082977294922,1
1710506018.0281734467,1.0353457927703857422,1,0.1536709517240524292,0,1.0359065532684326172,1
1710506018.0787358284,1.0354737043380737305,1,0.15333759784698486328,0,1.034987330436706543,1
1710506018.1293113232,1.0355665683746337891,1,0.15329131484031677246,0,1.0346521139144897461,1
1710506018.1799058914,1.0353686809539794922,1,0.1536566615104675293,0,1.0336073637008666992,1
1710506018.2306408882,1.0352511405944824219,1,0.15377880632877349854,0,1.0333808660507202148,1
1710506018.281191349,1.0355889797210693359,1,0.15379741787910461426,0,1.0323253870010375977,1
1710506018.3317654133,1.0358818769454956055,1,0.15360622107982635498,0,1.0317163467407226562,1
1710506018.3822622299,1.0360476970672607422,1,0.1535797417163848877,0,1.0305229425430297852,1
1710506018.4328393936,1.0359313488006591797,1,0.15357390046119689941,0,1.029697418212890625,1
1710506018.4833722115,1.0358262062072753906,1,0.15358972549438476562,0,1.0294414758682250977,1
1710506018.5338580608,1.0357993841171264648,1,0.15351502597332000732,0,1.0292572975158691406,1
1710506018.5843596458,1.0351128578186035156,1,0.15361218154430389404,0,1.0293688774108886719,1
1710506018.6348736286,1.0346553325653076172,1,0.15379671752452850342,0,1.02939605712890625,1
1710506018.6854355335,1.0340332984924316406,1,0.1537942737340927124,0,1.0292993783950805664,1
1710506018.736041069,1.0338847637176513672,1,0.15372154116630554199,0,1.0292447805404663086,1
1710506018.7864704132,1.0333843231201171875,1,0.15328830480575561523,0,1.0288578271865844727,1
1710506018.8369717598,1.0328623056411743164,1,0.15286114811897277832,0,1.0281959772109985352,1
1710506018.8874619007,1.0326514244079589844,1,0.15263657271862030029,0,1.0277079343795776367,1
1710506018.9378566742,1.0324283838272094727,1,0.15162137150764465332,0,1.0267565250396728516,1
1710506018.9882674217,1.0325309038162231445,1,0.15094357728958129883,0,1.0262780189514160156,1
1710506019.0386836529,1.0328539609909057617,1,0.14898040890693664551,0,1.0255163908004760742,1
1710506019.0890874863,1.0328853130340576172,1,0.14828690886497497559,0,1.0254032611846923828,1
1710506019.1395714283,1.0329930782318115234,1,0.14623504877090454102,0,1.0251145362854003906,1
1710506019.1900362968,1.0329353809356689453,1,0.14533355832099914551,0,1.0250931978225708008,1
1710506019.2405574322,1.0327907800674438477,1,0.1430626213550567627,0,1.0253275632858276367,1
1710506019.2910778522,1.0329635143280029297,1,0.1416638493537902832,0,1.0254721641540527344,1
1710506019.3415987492,1.033102869987487793,1,0.13902939856052398682,0,1.0258886814117431641,1
1710506019.3921489716,1.0331162214279174805,1,0.13813579082489013672,0,1.0260940790176391602,1
1710506019.442694664,1.0335534811019897461,1,0.13496308028697967529,0,1.0267107486724853516,1
1710506019.4932820797,1.0337351560592651367,1,0.1333808600902557373,0,1.0270315408706665039,1
1710506019.543838501,1.0340753793716430664,1,0.13039641082286834717,0,1.0276342630386352539,1
1710506019.5944428444,1.034035801887512207,1,0.12907955050468444824,0,1.0278501510620117188,1
1710506019.6450090408,1.0335595607757568359,1,0.12700252234935760498,0,1.0286774635314941406,1
1710506019.6955857277,1.0334074497222900391,1,0.12636174261569976807,0,1.0289428234100341797,1
1710506019.7461702824,1.0330568552017211914,1,0.12447460740804672241,0,1.0297772884368896484,1
1710506019.7967019081,1.0329972505569458008,1,0.12351560592651367188,0,1.0301209688186645508,1
1710506019.8472983837,1.0325461626052856445,1,0.12193860858678817749,0,1.0304430723190307617,1
1710506019.8978350163,1.0322970151901245117,1,0.12163811922073364258,0,1.0304558277130126953,1
1710506019.9483783245,1.031768798828125,1,0.12068017572164535522,0,1.0305439233779907227,1
1710506019.998926878,1.0314800739288330078,1,0.11966073513031005859,0,1.0305975675582885742,1
1710506020.049551487,1.0311912298202514648,1,0.11927690356969833374,0,1.0307378768920898438,1
1710506020.1000788212,1.0304677486419677734,1,0.1190136149525642395,0,1.0310012102127075195,1
1710506020.1506278515,1.0300083160400390625,1,0.11903361231088638306,0,1.0310651063919067383,1
1710506020.2011575699,1.0294022560119628906,1,0.11895795166492462158,0,1.031212925910949707,1
1710506020.2515723705,1.0288847684860229492,1,0.11896800994873046875,0,1.0314669609069824219,1
1710506020.3019640446,1.0285980701446533203,1,0.1190752759575843811,0,1.031748652458190918,1
1710506020.3524525166,1.0283918380737304688,1,0.1193041577935218811,0,1.0319128036499023438,1
1710506020.4032578468,1.027836918830871582,1,0.11999922990798950195,0,1.0319256782531738281,1
1710506020.4538514614,1.0276643037796020508,1,0.12021938711404800415,0,1.0318629741668701172,1
1710506020.504478693,1.0276449918746948242,1,0.12040416896343231201,0,1.031933903694152832,1
1710506020.5550935268,1.0278161764144897461,1,0.12031669169664382935,0,1.0319361686706542969,1
1710506020.6056530476,1.0280928611755371094,1,0.12002800405025482178,0,1.0319068431854248047,1
1710506020.6561961174,1.0283446311950683594,1,0.11981806159019470215,0,1.0319070816040039062,1
1710506020.7067873478,1.0291039943695068359,1,0.11920107156038284302,0,1.0314780473709106445,1
1710506020.7573683262,1.0296857357025146484,1,0.11869005858898162842,0,1.0310703516006469727,1
1710506020.8079419136,1.0304659605026245117,1,0.11773589253425598145,0,1.0304063558578491211,1
1710506020.858477354,1.0309112071990966797,1,0.11718766391277313232,0,1.0302386283874511719,1
1710506020.90903759,1.0320640802383422852,1,0.11568031460046768188,0,1.0299985408782958984,1
1710506020.9596307278,1.0325996875762939453,1,0.11482859402894973755,0,1.0297377109527587891,1
1710506021.0101730824,1.0333771705627441406,1,0.11337069422006607056,0,1.0290355682373046875,1
1710506021.0606949329,1.0340543985366821289,1,0.11219736188650131226,0,1.0284554958343505859,1
1710506021.1114189625,1.0349663496017456055,1,0.11035910248756408691,0,1.0276349782943725586,1
1710506021.1619412899,1.0355750322341918945,1,0.10917397588491439819,0,1.027100682258605957,1
1710506021.2125065327,1.0370388031005859375,1,0.10660939663648605347,0,1.0259796380996704102,1
1710506021.2631206512,1.0378105640411376953,1,0.10518947988748550415,0,1.0255038738250732422,1
1710506021.313693285,1.0388931035995483398,1,0.10301467031240463257,0,1.024577021598815918,1
1710506021.3642888069,1.0398262739181518555,1,0.10177822411060333252,0,1.0236775875091552734,1
1710506021.4149119854,1.0411047935485839844,1,0.099726237356662750244,0,1.0221412181854248047,1
1710506021.4655022621,1.041823267936706543,1,0.098693169653415679932,0,1.0213829278945922852,1
1710506021.5160112381,1.0431318283081054688,1,0.096838861703872680664,0,1.019755244255065918,1
1710506021.5664057732,1.0436455011367797852,1,0.096139989793300628662,0,1.0190261602401733398,1
1710506021.6168484688,1.0443096160888671875,1,0.095244340598583221436,0,1.0178458690643310547,1
1710506021.6673660278,1.0451295375823974609,1,0.093884877860546112061,0,1.0167882442474365234,1
1710506021.7179200649,1.0454562902450561523,1,0.093308523297309875488,0,1.0164526700973510742,1
1710506021.7685074806,1.0456680059432983398,1,0.092909239232540130615,0,1.0161708593368530273,1
1710506021.8192815781,1.0455595254898071289,1,0.093015335500240325928,0,1.0161088705062866211,1
1710506021.8698406219,1.0453579425811767578,1,0.093159683048725128174,0,1.0159775018692016602,1
1710506021.9203641415,1.0453096628189086914,1,0.093132756650447845459,0,1.015929102897644043,1
1710506021.9709041119,1.0445098876953125,1,0.094022989273071289062,0,1.0159995555877685547,1
1710506022.0214178562,1.0438992977142333984,1,0.094598479568958282471,0,1.0161657333374023438,1
1710506022.0719056129,1.0425474643707275391,1,0.096058137714862823486,0,1.0165616273880004883,1
1710506022.1224067211,1.0419015884399414062,1,0.09675121307373046875,0,1.0168186426162719727,1
1710506022.1729569435,1.0406007766723632812,1,0.098175585269927978516,0,1.0173466205596923828,1
1710506022.2235238552,1.039844512939453125,1,0.099096976220607757568,0,1.017493128776550293,1
1710506022.2741177082,1.037990570068359375,1,0.10141018033027648926,0,1.0179427862167358398,1
1710506022.3247113228,1.0369997024536132812,1,0.1024413183331489563,0,1.018077850341796875,1
1710506022.3752946854,1.0350687503814697266,1,0.10445723682641983032,0,1.0182576179504394531,1
1710506022.4258677959,1.0339295864105224609,1,0.10560514777898788452,0,1.018193364143371582,1
1710506022.4764769077,1.0310417413711547852,1,0.10849274694919586182,0,1.0181376934051513672,1
1710506022.5274469852,1.0300533771514892578,1,0.10942570865154266357,0,1.0181516408920288086,1
1710506022.5789110661,1.0271602869033813477,1,0.11257309466600418091,0,1.0178145170211791992,1
1710506022.6295995712,1.0256122350692749023,1,0.11425403505563735962,0,1.0174194574356079102,1
1710506022.6800775528,1.0224537849426269531,1,0.11780439317226409912,0,1.0162812471389770508,1
1710506022.730537653,1.0208841562271118164,1,0.11948656290769577026,0,1.0157753229141235352,1
1710506022.781039238,1.0177145004272460938,1,0.12272734194993972778,0,1.0150079727172851562,1
1710506022.8315563202,1.0165739059448242188,1,0.12396246194839477539,0,1.0148692131042480469,1
1710506022.8820843697,1.0134806632995605469,1,0.12752711772918701172,0,1.0143871307373046875,1
1710506022.9326059818,1.0120772123336791992,1,0.12909521162509918213,0,1.0140867233276367188,1
1710506022.9831380844,1.0095459222793579102,1,0.13178780674934387207,0,1.0134356021881103516,1
1710506023.0336112976,1.0084078311920166016,1,0.13309799134731292725,0,1.0132398605346679688,1
1710506023.0841641426,1.0066635608673095703,1,0.13498923182487487793,0,1.0128085613250732422,1
1710506023.1346995831,1.0058441162109375,1,0.13573539257049560547,0,1.0125398635864257812,1
1710506023.1852633953,1.003907322883605957,1,0.13701751828193664551,0,1.0122338533401489258,1
1710506023.2357990742,1.0030155181884765625,1,0.13764530420303344727,0,1.0120426416397094727,1
1710506023.2864122391,1.0015639066696166992,1,0.13859529793262481689,0,1.0115005970001220703,1
1710506023.3369987011,1.0003561973571777344,1,0.13934196531772613525,0,1.0108408927917480469,1
1710506023.3875377178,0.99986660480499267578,1,0.13962203264236450195,0,1.0106685161590576172,1
1710506023.4381051064,0.99899899959564208984,1,0.13987587392330169678,0,1.0103801488876342773,1
1710506023.4886927605,0.99885839223861694336,1,0.1396121680736541748,0,1.0101673603057861328,1
1710506023.5392379761,0.99908161163330078125,1,0.13897867500782012939,0,1.0092673301696777344,1
1710506023.5896835327,0.99938732385635375977,1,0.13842020928859710693,0,1.0089060068130493164,1
1710506023.6401770115,1.0000756978988647461,1,0.13746595382690429688,0,1.008454442024230957,1
1710506023.6907248497,1.0003052949905395508,1,0.13712061941623687744,0,1.0083396434783935547,1
1710506023.7412934303,1.0013962984085083008,1,0.13581208884716033936,0,1.0080325603485107422,1
1710506023.791885376,1.0021190643310546875,1,0.1351229548454284668,0,1.0080457925796508789,1
1710506023.8424470425,1.0033953189849853516,1,0.13414028286933898926,0,1.0083153247833251953,1
1710506023.8929719925,1.0040178298950195312,1,0.13377401232719421387,0,1.0085704326629638672,1
1710506023.9435882568,1.004557490348815918,1,0.13382990658283233643,0,1.0087618827819824219,1
1710506023.9941301346,1.0045979022979736328,1,0.13411629199981689453,0,1.008731842041015625,1
1710506024.044680357,1.0044499635696411133,1,0.13561907410621643066,0,1.0089085102081298828,1
1710506024.0952539444,1.0042630434036254883,1,0.13666373491287231445,0,1.0088964700698852539,1
1710506024.1458158493,1.0039246082305908203,1,0.13875591754913330078,0,1.0088008642196655273,1
1710506024.1963639259,1.0038831233978271484,1,0.13970012962818145752,0,1.0087616443634033203,1
1710506024.2469563484,1.0035058259963989258,1,0.1418514251708984375,0,1.0086882114410400391,1
1710506024.2975225449,1.0034596920013427734,1,0.14253412187099456787,0,1.0087736845016479492,1
1710506024.3482935429,1.002949833869934082,1,0.14535602927207946777,0,1.009034276008605957,1
1710506024.3987226486,1.0026611089706420898,1,0.14667883515357971191,0,1.0090829133987426758,1
1710506024.4491665363,1.0019350051879882812,1,0.14926283061504364014,0,1.0097053050994873047,1
1710506024.4997825623,1.0017505884170532227,1,0.15011094510555267334,0,1.0099982023239135742,1
1710506024.5501925945,1.0010246038436889648,1,0.15295337140560150146,0,1.0110182762145996094,1
1710506024.6006410122,1.0005146265029907227,1,0.15472899377346038818,0,1.0120961666107177734,1
1710506024.6511771679,1.0003182888031005859,1,0.1557124406099319458,0,1.0126215219497680664,1
1710506024.7018768787,0.99974727630615234375,1,0.15798042714595794678,0,1.013676762580871582,1
1710506024.7524738312,0.99945741891860961914,1,0.15898488461971282959,0,1.0140471458435058594,1
1710506024.8030896187,0.99898302555084228516,1,0.16065011918544769287,0,1.0144668817520141602,1
1710506024.8536133766,0.99839192628860473633,1,0.16217555105686187744,0,1.0149044990539550781,1
1710506024.9042048454,0.99788111448287963867,1,0.16368189454078674316,0,1.0151695013046264648,1
1710506024.954754591,0.99766683578491210938,1,0.16449218988418579102,0,1.0152390003204345703,1
1710506025.0052995682,0.9973894953727722168,1,0.16616976261138916016,0,1.0149818658828735352,1
1710506025.0558447838,0.99737370014190673828,1,0.16686768829822540283,0,1.0145852565765380859,1
1710506025.1064119339,0.99749505519866943359,1,0.16745871305465698242,0,1.0140310525894165039,1
1710506025.1569187641,0.99776417016983032227,1,0.16765964031219482422,0,1.0136358737945556641,1
1710506025.2074513435,0.99898165464401245117,1,0.16716566681861877441,0,1.012485504150390625,1
1710506025.2579655647,0.99968034029006958008,1,0.16679470241069793701,0,1.0119807720184326172,1
1710506025.308552742,1.0010955333709716797,1,0.16573585569858551025,0,1.0111665725708007812,1
1710506025.3593757153,1.0025393962860107422,1,0.1646445542573928833,0,1.0104161500930786133,1
1710506025.4098873138,1.0046221017837524414,1,0.16276410222053527832,0,1.0092983245849609375,1
1710506025.4603972435,1.0060483217239379883,1,0.16160200536251068115,0,1.008543848991394043,1
1710506025.5108914375,1.0091155767440795898,1,0.15884660184383392334,0,1.0070240497589111328,1
1710506025.5613338947,1.0107151269912719727,1,0.15731504559516906738,0,1.0063263177871704102,1
1710506025.611833334,1.0139386653900146484,1,0.15434250235557556152,0,1.0050514936447143555,1
1710506025.6623697281,1.0150954723358154297,1,0.15323537588119506836,0,1.0046446323394775391,1
1710506025.71337533,1.0184545516967773438,1,0.1500809788703918457,0,1.0034259557723999023,1
1710506025.7639613152,1.0199437141418457031,1,0.14875160157680511475,0,1.0030425786972045898,1
1710506025.8145449162,1.0228151082992553711,1,0.14656311273574829102,0,1.0026813745498657227,1
1710506025.8651294708,1.0242125988006591797,1,0.14563702046871185303,0,1.0025162696838378906,1
1710506025.9157118797,1.0265756845474243164,1,0.14388297498226165771,0,1.0020692348480224609,1
1710506025.9662554264,1.028667449951171875,1,0.14224219322204589844,0,1.0017008781433105469,1
1710506026.016805172,1.0295439958572387695,1,0.14167818427085876465,0,1.0015729665756225586,1
1710506026.0673542023,1.0307098627090454102,1,0.14099271595478057861,0,1.0013284683227539062,1
1710506026.1179466248,1.0313062667846679688,1,0.14051429927349090576,0,1.0012029409408569336,1
1710506026.1685097218,1.0317969322204589844,1,0.14005777239799499512,0,1.0011984109878540039,1
1710506026.2190933228,1.0318387746810913086,1,0.14012695848941802979,0,1.0011955499649047852,1
1710506026.269671917,1.0314564704895019531,1,0.14047391712665557861,0,1.0015273094177246094,1
1710506026.3201990128,1.0311903953552246094,1,0.14065016806125640869,0,1.0017144680023193359,1
1710506026.3707671165,1.0298990011215209961,1,0.14198701083660125732,0,1.0023981332778930664,1
1710506026.4213328362,1.029022216796875,1,0.14278432726860046387,0,1.0025976896286010742,1
1710506026.4719085693,1.0274920463562011719,1,0.14392612874507904053,0,1.0030440092086791992,1
1710506026.5224587917,1.0266847610473632812,1,0.14433082938194274902,0,1.0033061504364013672,1
1710506026.573084116,1.02469635009765625,1,0.14497758448123931885,0,1.004015803337097168,1
1710506026.6237285137,1.0236433744430541992,1,0.14515005052089691162,0,1.004512786865234375,1
1710506026.674311161,1.0212327241897583008,1,0.14520458877086639404,0,1.0053606033325195312,1
1710506026.7250859737,1.01998138427734375,1,0.14532503485679626465,0,1.0055917501449584961,1
1710506026.7756915092,1.0178252458572387695,1,0.14517670869827270508,0,1.0058405399322509766,1
1710506026.8262734413,1.0165381431579589844,1,0.14499990642070770264,0,1.0060344934463500977,1
1710506026.8768782616,1.014174342155456543,1,0.14434547722339630127,0,1.0056501626968383789,1
1710506026.9274408817,1.0128029584884643555,1,0.14405876398086547852,0,1.0053031444549560547,1
1710506026.9780118465,1.0104684829711914062,1,0.14320699870586395264,0,1.0048278570175170898,1
1710506027.0285372734,1.0097975730895996094,1,0.1427555084228515625,0,1.0046530961990356445,1
1710506027.0791425705,1.0080178976058959961,1,0.14193473756313323975,0,1.0040562152862548828,1
1710506027.1297221184,1.0069890022277832031,1,0.14161889255046844482,0,1.0039036273956298828,1
1710506027.1802461147,1.0049316883087158203,1,0.14112845063209533691,0,1.0037997961044311523,1
1710506027.2307868004,1.0036611557006835938,1,0.14145293831825256348,0,1.0035660266876220703,1
1710506027.2813236713,1.0014872550964355469,1,0.14216651022434234619,0,1.003003239631652832,1
1710506027.3318161964,1.0001971721649169922,1,0.14258536696434020996,0,1.0026895999908447266,1
1710506027.3822727203,0.99763226509094238281,1,0.14389154314994812012,0,1.0021810531616210938,1
1710506027.4330675602,0.9964923858642578125,1,0.14458778500556945801,0,1.0018905401229858398,1
1710506027.4835340977,0.99392247200012207031,1,0.14612969756126403809,0,1.0012161731719970703,1
1710506027.5340330601,0.99198383092880249023,1,0.14728547632694244385,0,1.0003223419189453125,1
1710506027.5844426155,0.99110555648803710938,1,0.1476917564868927002,0,0.99983948469161987305,1
1710506027.6349444389,0.99065661430358886719,1,0.14785258471965789795,0,0.99952417612075805664,1
1710506027.6854233742,0.98971629142761230469,1,0.148107871413230896,0,0.99890840053558349609,1
1710506027.736007452,0.98976498842239379883,1,0.14746960997581481934,0,0.99829703569412231445,1
1710506027.7866065502,0.99016779661178588867,1,0.14694124460220336914,0,0.99796974658966064453,1
1710506027.8371813297,0.99150091409683227539,1,0.1454416811466217041,0,0.99734526872634887695,1
1710506027.8877339363,0.99252998828887939453,1,0.14437277615070343018,0,0.99699550867080688477,1
1710506027.9382739067,0.99477148056030273438,1,0.14210011065006256104,0,0.99697357416152954102,1
1710506027.9888195992,0.99560558795928955078,1,0.14138104021549224854,0,0.99705940485000610352,1
1710506028.0393810272,0.99810814857482910156,1,0.13895246386528015137,0,0.9977124333381652832,1
1710506028.089912653,0.99949443340301513672,1,0.13766597211360931396,0,0.99805533885955810547,1
1710506028.1404900551,1.0022939443588256836,1,0.135091438889503479,0,0.99877917766571044922,1
1710506028.1909101009,1.0032476186752319336,1,0.13412183523178100586,0,0.99910932779312133789,1
1710506028.241342783,1.0067436695098876953,1,0.13029529154300689697,0,1.000338435173034668,1
1710506028.2917535305,1.0077288150787353516,1,0.1292047351598739624,0,1.0007295608520507812,1
1710506028.3422880173,1.0102875232696533203,1,0.12632031738758087158,0,1.0016942024230957031,1
1710506028.3927512169,1.0114170312881469727,1,0.12506894767284393311,0,1.0022680759429931641,1
1710506028.4432127476,1.013743281364440918,1,0.12260220199823379517,0,1.0031348466873168945,1
1710506028.4936349392,1.0150331258773803711,1,0.12104869633913040161,0,1.0033509731292724609,1
1710506028.5440881252,1.0171228647232055664,1,0.11828783899545669556,0,1.003299713134765625,1
1710506028.594520092,1.0177320241928100586,1,0.11745236814022064209,0,1.0032399892807006836,1
1710506028.6450021267,1.019228816032409668,1,0.11500134319067001343,0,1.0030958652496337891,1
1710506028.6955294609,1.0199373960494995117,1,0.11380463838577270508,0,1.0029710531234741211,1
1710506028.7460193634,1.0210576057434082031,1,0.11192753911018371582,0,1.0027748346328735352,1
1710506028.7966082096,1.0216307640075683594,1,0.11077701300382614136,0,1.0028012990951538086,1
1710506028.8471651077,1.0225431919097900391,1,0.10866183042526245117,0,1.0028113126754760742,1
1710506028.8977143764,1.0230187177658081055,1,0.10749895870685577393,0,1.0027861595153808594,1
1710506028.9482700825,1.0239863395690917969,1,0.10519198328256607056,0,1.0030305385589599609,1
1710506028.998806715,1.0249831676483154297,1,0.10300666838884353638,0,1.0031427145004272461,1
1710506029.0493574142,1.0258069038391113281,1,0.10132028907537460327,0,1.0032114982604980469,1
1710506029.0998871326,1.0261693000793457031,1,0.10054201632738113403,0,1.003298640251159668,1
1710506029.1504225731,1.0272305011749267578,1,0.098330982029438018799,0,1.003449559211730957,1
1710506029.2009632587,1.0284610986709594727,1,0.096033908426761627197,0,1.0038827657699584961,1
1710506029.2515017986,1.0289411544799804688,1,0.095123074948787689209,0,1.0042812824249267578,1
1710506029.3020489216,1.0299333333969116211,1,0.09285580366849899292,0,1.0052704811096191406,1
1710506029.3526272774,1.0302025079727172852,1,0.092096023261547088623,0,1.0056272745132446289,1
1710506029.4032177925,1.0307686328887939453,1,0.090374976396560668945,0,1.0068465471267700195,1
1710506029.4537324905,1.030984044075012207,1,0.089531116187572479248,0,1.0074161291122436523,1
1710506029.5042569637,1.0317137241363525391,1,0.087625727057456970215,0,1.0080001354217529297,1
1710506029.554731369,1.0317336320877075195,1,0.086961872875690460205,0,1.0084520578384399414,1
1710506029.6051745415,1.0313603878021240234,1,0.086133301258087158203,0,1.0093715190887451172,1
1710506029.6555902958,1.0311208963394165039,1,0.085659906268119812012,0,1.0098596811294555664,1
1710506029.7060227394,1.0306822061538696289,1,0.085106573998928070068,0,1.0102328062057495117,1
1710506029.7564525604,1.0306431055068969727,1,0.084625475108623504639,0,1.0103695392608642578,1
1710506029.8069310188,1.0301203727722167969,1,0.084251813590526580811,0,1.0106501579284667969,1
1710506029.8575172424,1.0297064781188964844,1,0.084302738308906555176,0,1.0107795000076293945,1
1710506029.9080774784,1.0287501811981201172,1,0.08459342271089553833,0,1.0112689733505249023,1
1710506029.9585778713,1.0281378030776977539,1,0.084972970187664031982,0,1.011517643928527832,1
1710506030.0091741085,1.0267249345779418945,1,0.086025767028331756592,0,1.0114002227783203125,1
1710506030.060043335,1.026438593864440918,1,0.086243636906147003174,0,1.0110956430435180664,1
1710506030.1105880737,1.0256859064102172852,1,0.086531944572925567627,0,1.0111764669418334961,1
1710506030.161131382,1.0251561403274536133,1,0.086946509778499603271,0,1.0112861394882202148,1
1710506030.2116875648,1.0242284536361694336,1,0.087971918284893035889,0,1.0115617513656616211,1
1710506030.2622089386,1.0237040519714355469,1,0.088631041347980499268,0,1.0118108987808227539,1
1710506030.3127276897,1.0230842828750610352,1,0.089366666972637176514,0,1.0121442079544067383,1
1710506030.3633077145,1.022671818733215332,1,0.089843183755874633789,0,1.0124045610427856445,1
1710506030.4138963223,1.0215803384780883789,1,0.091043457388877868652,0,1.0128397941589355469,1
1710506030.4644932747,1.0208731889724731445,1,0.091769449412822723389,0,1.0130960941314697266,1
1710506030.5151143074,1.0197108983993530273,1,0.092987284064292907715,0,1.0139280557632446289,1
1710506030.5656304359,1.0188504457473754883,1,0.093813575804233551025,0,1.0145233869552612305,1
1710506030.6161994934,1.0179255008697509766,1,0.094379760324954986572,0,1.0147980451583862305,1
1710506030.6667904854,1.0163407325744628906,1,0.095207966864109039307,0,1.0149377584457397461,1
1710506030.7173621655,1.015608668327331543,1,0.095358796417713165283,0,1.0152059793472290039,1
1710506030.7679355145,1.0140781402587890625,1,0.095982313156127929688,0,1.0159053802490234375,1
1710506030.8185074329,1.0135228633880615234,1,0.09621705859899520874,0,1.0160965919494628906,1
1710506030.869089365,1.0116589069366455078,1,0.0968074798583984375,0,1.0166010856628417969,1
1710506030.9196591377,1.0109485387802124023,1,0.096797347068786621094,0,1.0168625116348266602,1
1710506030.9701936245,1.0090776681900024414,1,0.097146138548851013184,0,1.0173794031143188477,1
1710506031.0207180977,1.0083956718444824219,1,0.097112797200679779053,0,1.0177347660064697266,1
1710506031.0712857246,1.0067949295043945312,1,0.096539020538330078125,0,1.0188645124435424805,1
1710506031.121835947,1.0063498020172119141,1,0.096133761107921600342,0,1.0193617343902587891,1
1710506031.1723768711,1.00514984130859375,1,0.09474919736385345459,0,1.0208071470260620117,1
1710506031.2229003906,1.0047336816787719727,1,0.094240039587020874023,0,1.0211788415908813477,1
1710506031.2734379768,1.0033700466156005859,1,0.092737846076488494873,0,1.0222525596618652344,1
1710506031.3239581585,1.0027052164077758789,1,0.092100784182548522949,0,1.0226856470108032227,1
1710506031.3745303154,1.00220489501953125,1,0.09047965705394744873,0,1.0230510234832763672,1
1710506031.4251286983,1.0020097494125366211,1,0.089878082275390625,0,1.0230388641357421875,1
1710506031.4756741524,1.0024031400680541992,1,0.08724673837423324585,0,1.0223662853240966797,1
1710506031.526239872,1.0026853084564208984,1,0.085889652371406555176,0,1.0221170186996459961,1
1710506031.5768465996,1.0033342838287353516,1,0.083390265703201293945,0,1.0219004154205322266,1
1710506031.6274139881,1.0038874149322509766,1,0.082186646759510040283,0,1.0214669704437255859,1
1710506031.6780123711,1.0051804780960083008,1,0.079486757516860961914,0,1.0198013782501220703,1
1710506031.7286384106,1.0061343908309936523,1,0.077920459210872650146,0,1.0189720392227172852,1
1710506031.7793149948,1.0077185630798339844,1,0.074953593313694000244,0,1.0171957015991210938,1
1710506031.8298079967,1.0086845159530639648,1,0.073465481400489807129,0,1.0165054798126220703,1
1710506031.8802993298,1.0104424953460693359,1,0.070818610489368438721,0,1.0148462057113647461,1
1710506031.9308290482,1.0112816095352172852,1,0.069252893328666687012,0,1.0142307281494140625,1
1710506031.9814176559,1.0126752853393554688,1,0.06679906696081161499,0,1.0131869316101074219,1
1710506032.0319693089,1.0135070085525512695,1,0.065338172018527984619,0,1.0124319791793823242,1
1710506032.0824551582,1.0148348808288574219,1,0.062689691781997680664,0,1.0111345052719116211,1
1710506032.132953167,1.0152239799499511719,1,0.061893239617347717285,0,1.0107884407043457031,1
1710506032.1834871769,1.016518712043762207,1,0.059190448373556137085,0,1.0095282793045043945,1
1710506032.2340092659,1.0170876979827880859,1,0.05785379558801651001,0,1.0089449882507324219,1
1710506032.2845425606,1.0179907083511352539,1,0.055748615413904190063,0,1.008017420768737793,1
1710506032.33507514,1.0186123847961425781,1,0.054497156292200088501,0,1.0076328516006469727,1
1710506032.3856203556,1.0195075273513793945,1,0.052145488560199737549,0,1.0070444345474243164,1
1710506032.4362101555,1.0196989774703979492,1,0.051451198756694793701,0,1.0069004297256469727,1
1710506032.4867575169,1.0201745033264160156,1,0.049498606473207473755,0,1.0067816972732543945,1
1710506032.537327528,1.0208796262741088867,1,0.04726003110408782959,0,1.0069535970687866211,1
1710506032.5879096985,1.0210033655166625977,1,0.046642836183309555054,0,1.0073124170303344727,1
1710506032.6384923458,1.0211025476455688477,1,0.045344356447458267212,0,1.0091166496276855469,1
1710506032.6890892982,1.0211071968078613281,1,0.045065537095069885254,0,1.0097860097885131836,1
1710506032.7396042347,1.0210951566696166992,1,0.044191677123308181763,0,1.0117919445037841797,1
1710506032.7900643349,1.0211738348007202148,1,0.043726291507482528687,0,1.0127052068710327148,1
1710506032.8405377865,1.0212697982788085938,1,0.04271145164966583252,0,1.0145708322525024414,1
1710506032.8910832405,1.0213620662689208984,1,0.042455155402421951294,0,1.0150943994522094727,1
1710506032.9416241646,1.0213073492050170898,1,0.042311232537031173706,0,1.0162618160247802734,1
1710506032.992190361,1.0210803747177124023,1,0.042459569871425628662,0,1.0169340372085571289,1
1710506033.0427229404,1.0207526683807373047,1,0.042896747589111328125,0,1.0178734064102172852,1
1710506033.0932209492,1.0202747583389282227,1,0.043487448245286941528,0,1.0183631181716918945,1
1710506033.1437451839,1.0195337533950805664,1,0.044264879077672958374,0,1.0192744731903076172,1
1710506033.1942760944,1.0190231800079345703,1,0.04475628584623336792,0,1.0198332071304321289,1
1710506033.2448291779,1.0182615518569946289,1,0.045743454247713088989,0,1.0208555459976196289,1
1710506033.2953431606,1.0178866386413574219,1,0.046191632747650146484,0,1.0211855173110961914,1
1710506033.3458228111,1.0168402194976806641,1,0.047311235219240188599,0,1.0221198797225952148,1
1710506033.3963418007,1.0165362358093261719,1,0.047703288495540618896,0,1.0223962068557739258,1
1710506033.4468250275,1.0160098075866699219,1,0.048766031861305236816,0,1.0227414369583129883,1
1710506033.4973399639,1.0159848928451538086,1,0.049009587615728378296,0,1.0227516889572143555,1
1710506033.5478050709,1.0159347057342529297,1,0.049251288175582885742,0,1.0227009057998657227,1
1710506033.5982813835,1.0161774158477783203,1,0.049460396170616149902,0,1.0224584341049194336,1
1710506033.648876667,1.0162775516510009766,1,0.049545753747224807739,0,1.0222359895706176758,1
1710506033.6994585991,1.016363978385925293,1,0.049967039376497268677,0,1.0214520692825317383,1
1710506033.750361681,1.0162653923034667969,1,0.050329081714153289795,0,1.0211025476455688477,1
1710506033.8009514809,1.0162439346313476562,1,0.050593424588441848755,0,1.0206573009490966797,1
1710506033.851536274,1.0163537263870239258,1,0.050806466490030288696,0,1.0203852653503417969,1
1710506033.9021594524,1.0163629055023193359,1,0.051660876721143722534,0,1.0199288129806518555,1
1710506033.9528250694,1.0163427591323852539,1,0.052081793546676635742,0,1.0198024511337280273,1
1710506034.0033905506,1.0165697336196899414,1,0.053059019148349761963,0,1.0193516016006469727,1
1710506034.0539107323,1.0164887905120849609,1,0.05364297330379486084,0,1.0193021297454833984,1
1710506034.1044414043,1.0166853666305541992,1,0.05490258336067199707,0,1.0191196203231811523,1
1710506034.1550240517,1.016816258430480957,1,0.05570532381534576416,0,1.0190514326095581055,1
1710506034.2055287361,1.0168287754058837891,1,0.05716617777943611145,0,1.0185922384262084961,1
1710506034.2560932636,1.017039179801940918,1,0.057691622525453567505,0,1.0182164907455444336,1
1710506034.3066501617,1.0171589851379394531,1,0.059142187237739562988,0,1.0175554752349853516,1
1710506034.3571765423,1.0171518325805664062,1,0.059928927570581436157,0,1.0174831151962280273,1
1710506034.4077048302,1.0172165632247924805,1,0.061172321438789367676,0,1.0172791481018066406,1
1710506034.4592776299,1.0170390605926513672,1,0.061745874583721160889,0,1.0173956155776977539,1
1710506034.5116596222,1.0169030427932739258,1,0.062504000961780548096,0,1.0175815820693969727,1
1710506034.562122345,1.0166161060333251953,1,0.063484996557235717773,0,1.0176041126251220703,1
1710506034.6126410961,1.0161229372024536133,1,0.064901567995548248291,0,1.0171779394149780273,1
1710506034.664424181,1.0159795284271240234,1,0.065486781299114227295,0,1.0167330503463745117,1
1710506034.7156980038,1.0152666568756103516,1,0.066928327083587646484,0,1.0158193111419677734,1
1710506034.7662858963,1.0146162509918212891,1,0.068323858082294464111,0,1.0147510766983032227,1
1710506034.8168570995,1.0143749713897705078,1,0.068821027874946594238,0,1.0143016576766967773,1
1710506034.8674793243,1.0141278505325317383,1,0.069644056260585784912,0,1.012587428092956543,1
1710506034.9183266163,1.0139796733856201172,1,0.070040039718151092529,0,1.0116817951202392578,1
1710506034.9693374634,1.0138757228851318359,1,0.070717565715312957764,0,1.0097060203552246094,1
1710506035.0205357075,1.0140104293823242188,1,0.07089163362979888916,0,1.008650660514831543,1
1710506035.0713522434,1.0145298242568969727,1,0.07084490358829498291,0,1.0069066286087036133,1
1710506035.1219341755,1.0144990682601928711,1,0.071082331240177154541,0,1.0063463449478149414,1
1710506035.1724216938,1.014804840087890625,1,0.070795282721519470215,0,1.0049800872802734375,1
1710506035.2229659557,1.0149685144424438477,1,0.070638239383697509766,0,1.0045118331909179688,1
1710506035.273891449,1.015524744987487793,1,0.070063821971416473389,0,1.0042427778244018555,1
1710506035.3245666027,1.0158498287200927734,1,0.06982145458459854126,0,1.0040763616561889648,1
1710506035.3755972385,1.015987396240234375,1,0.069714330136775970459,0,1.0043290853500366211,1
1710506035.4260771275,1.0160257816314697266,1,0.069635786116123199463,0,1.0046709775924682617,1
1710506035.4767003059,1.0158438682556152344,1,0.069770686328411102295,0,1.0058301687240600586,1
1710506035.5272865295,1.0156252384185791016,1,0.069814637303352355957,0,1.0064586400985717773,1
1710506035.5778644085,1.0150400400161743164,1,0.069803506135940551758,0,1.0080724954605102539,1
1710506035.6289250851,1.0147057771682739258,1,0.070012860000133514404,0,1.0089734792709350586,1
1710506035.6796011925,1.0141545534133911133,1,0.070006728172302246094,0,1.0104010105133056641,1
1710506035.7302193642,1.0140469074249267578,1,0.069922372698783874512,0,1.0107560157775878906,1
1710506035.7808353901,1.0134917497634887695,1,0.070065617561340332031,0,1.0120046138763427734,1
1710506035.8316290379,1.0131644010543823242,1,0.070288598537445068359,0,1.0126029253005981445,1
1710506035.8821415901,1.0122531652450561523,1,0.070971697568893432617,0,1.0136203765869140625,1
1710506035.9327430725,1.0112417936325073242,1,0.071725323796272277832,0,1.0142992734909057617,1
1710506035.9833877087,1.0109328031539916992,1,0.072021871805191040039,0,1.014469146728515625,1
1710506036.0363714695,1.0104126930236816406,1,0.072701908648014068604,0,1.0143860578536987305,1
1710506036.0869553089,1.0103005170822143555,1,0.072770431637763977051,0,1.0142309665679931641,1
1710506036.1376185417,1.0098612308502197266,1,0.073057897388935089111,0,1.0141537189483642578,1
1710506036.1881425381,1.0096142292022705078,1,0.073536895215511322021,0,1.0141545534133911133,1
1710506036.2387192249,1.0090439319610595703,1,0.074419938027858734131,0,1.0140626430511474609,1
1710506036.289536953,1.0086042881011962891,1,0.075145334005355834961,0,1.013956904411315918,1
1710506036.3408391476,1.0080344676971435547,1,0.076037749648094177246,0,1.0133036375045776367,1
1710506036.3914730549,1.0077943801879882812,1,0.076444767415523529053,0,1.0128383636474609375,1
1710506036.4421839714,1.0074902772903442383,1,0.077292293310165405273,0,1.0120030641555786133,1
1710506036.4927303791,1.0073579549789428711,1,0.077645041048526763916,0,1.0115983486175537109,1
1710506036.5433278084,1.0072765350341796875,1,0.078163921833038330078,0,1.0111006498336791992,1
1710506036.5939049721,1.0073140859603881836,1,0.078289091587066650391,0,1.0107229948043823242,1
1710506036.6445288658,1.007416844367980957,1,0.078386984765529632568,0,1.0100536346435546875,1
1710506036.6951584816,1.0077680349349975586,1,0.078080542385578155518,0,1.0098147392272949219,1
1710506036.7456912994,1.0087816715240478516,1,0.077220693230628967285,0,1.0089445114135742188,1
1710506036.7961986065,1.0091788768768310547,1,0.07691523432731628418,0,1.0084263086318969727,1
1710506036.8467459679,1.0101615190505981445,1,0.076075293123722076416,0,1.0073995590209960938,1
1710506036.8973209858,1.0114777088165283203,1,0.074630357325077056885,0,1.006488800048828125,1
1710506036.9486587048,1.0124502182006835938,1,0.073461495339870452881,0,1.006116032600402832,1
1710506037.0013439655,1.0140616893768310547,1,0.071465827524662017822,0,1.005698084831237793,1
1710506037.0518829823,1.0148824453353881836,1,0.070529870688915252686,0,1.0055145025253295898,1
1710506037.1024706364,1.0163877010345458984,1,0.068785339593887329102,0,1.0054858922958374023,1
1710506037.1530387402,1.0172498226165771484,1,0.068099632859230041504,0,1.0055271387100219727,1
1710506037.2036402225,1.0187320709228515625,1,0.066785506904125213623,0,1.0055196285247802734,1
1710506037.2543926239,1.0196049213409423828,1,0.066116943955421447754,0,1.0056818723678588867,1
1710506037.3049297333,1.0215423107147216797,1,0.064717233180999755859,0,1.0058538913726806641,1
1710506037.3554639816,1.0222001075744628906,1,0.064299963414669036865,0,1.0059628486633300781,1
1710506037.4060742855,1.0233151912689208984,1,0.063598014414310455322,0,1.0061949491500854492,1
1710506037.4566686153,1.0235592126846313477,1,0.063494548201560974121,0,1.0063633918762207031,1
1710506037.5072796345,1.0239671468734741211,1,0.063465826213359832764,0,1.0068291425704956055,1
1710506037.5578451157,1.0239778757095336914,1,0.063496693968772888184,0,1.0071884393692016602,1
1710506037.6083557606,1.0232437849044799805,1,0.064394831657409667969,0,1.0082176923751831055,1
1710506037.658891201,1.0226055383682250977,1,0.064948447048664093018,0,1.0089418888092041016,1
1710506037.7094130516,1.0208449363708496094,1,0.066449172794818878174,0,1.0108191967010498047,1
1710506037.7598512173,1.0196489095687866211,1,0.067514896392822265625,0,1.0119396448135375977,1
1710506037.8102843761,1.0174726247787475586,1,0.069177702069282531738,0,1.0137152671813964844,1
1710506037.8607254028,1.0161592960357666016,1,0.070122674107551574707,0,1.0147205591201782227,1
1710506037.9112124443,1.0130879878997802734,1,0.072232447564601898193,0,1.0163534879684448242,1
1710506037.9617521763,1.0113933086395263672,1,0.073473721742630004883,0,1.0172903537750244141,1
1710506038.0121731758,1.0085310935974121094,1,0.075408622622489929199,0,1.018604278564453125,1
1710506038.06265378,1.0063627958297729492,1,0.076680801808834075928,0,1.019626617431640625,1
1710506038.1132485867,1.0037961006164550781,1,0.077944427728652954102,0,1.0207927227020263672,1
1710506038.1638073921,1.0021295547485351562,1,0.078692808747291564941,0,1.0214380025863647461,1
1710506038.214389801,0.99866324663162231445,1,0.080176264047622680664,0,1.0227664709091186523,1
1710506038.2649502754,0.99702376127243041992,1,0.080785684287548065186,0,1.0232522487640380859,1
1710506038.3155288696,0.99468314647674560547,1,0.081345640122890472412,0,1.0238808393478393555,1
1710506038.3660533428,0.99243897199630737305,1,0.081095397472381591797,0,1.0246247053146362305,1
1710506038.4165420532,0.99142420291900634766,1,0.080994203686714172363,0,1.0249086618423461914,1
1710506038.4675149918,0.98949903249740600586,1,0.080754600465297698975,0,1.0253025293350219727,1
1710506038.5180130005,0.98842418193817138672,1,0.080798335373401641846,0,1.0254888534545898438,1
1710506038.5685009956,0.98627096414566040039,1,0.081379428505897521973,0,1.0256021022796630859,1
1710506038.6189808846,0.98552739620208740234,1,0.081666469573974609375,0,1.0256524085998535156,1
1710506038.6694018841,0.98342233896255493164,1,0.082490168511867523193,0,1.0253413915634155273,1
1710506038.7198374271,0.98246264457702636719,1,0.083066888153553009033,0,1.0250498056411743164,1
1710506038.7702660561,0.98058885335922241211,1,0.084627650678157806396,0,1.0246155261993408203,1
1710506038.8206725121,0.9796364903450012207,1,0.085559181869029998779,0,1.0243449211120605469,1
1710506038.871181488,0.97777915000915527344,1,0.087817005813121795654,0,1.0242267847061157227,1
1710506038.921636343,0.9772059321403503418,1,0.088559173047542572021,0,1.0241806507110595703,1
