1708687835.9852759838,-0.037972930818796157837,1,0.022476870566606521606,0,1.2020887136459350586,1.5
1708687836.0358047485,-0.037234604358673095703,1,0.022915229201316833496,0,1.1771259307861328125,1.5
1708687836.0862276554,-0.036870360374450683594,1,0.023208383470773696899,0,1.1641298532485961914,1.5
1708687836.1367051601,-0.034560013562440872192,1,0.023913022130727767944,0,1.1393696069717407227,1.5
1708687836.1878988743,-0.031723584979772567749,1,0.024366009980440139771,0,1.129637598991394043,1.5
1708687836.2384710312,-0.023449143394827842712,1,0.02549543231725692749,0,1.1145049333572387695,1.5
1708687836.2890095711,-0.018765114247798919678,1,0.025939051061868667603,0,1.1119481325149536133,1.5
1708687836.3395383358,-0.0031669535674154758453,1,0.027537604793906211853,0,1.1154398918151855469,1.5
1708687836.3901176453,0.00569583941251039505,1,0.028252568095922470093,0,1.1204102039337158203,1.5
1708687836.440659523,0.030624378472566604614,1,0.030024521052837371826,0,1.1384829282760620117,1.5
1708687836.4911129475,0.042785655707120895386,1,0.031008023768663406372,0,1.1484935283660888672,1.5
1708687836.5415847301,0.074858687818050384521,1,0.033212784677743911743,0,1.1747471094131469727,1.5
1708687836.5920920372,0.089572079479694366455,1,0.034313663840293884277,0,1.1869026422500610352,1.5
1708687836.64260149,0.12827801704406738281,1,0.036268647760152816772,0,1.2162628173828125,1.5
1708687836.6930971146,0.14831252396106719971,1,0.037031430751085281372,0,1.2305867671966552734,1.5
1708687836.7436201572,0.18294008076190948486,1,0.038274072110652923584,0,1.2535111904144287109,1.5
1708687836.7941193581,0.20421397686004638672,1,0.0391195639967918396,0,1.2665705680847167969,1.5
1708687836.8446626663,0.24810010194778442383,1,0.040737628936767578125,0,1.2914724349975585938,1.5
1708687836.8951950073,0.26271772384643554688,1,0.041348718106746673584,0,1.2990863323211669922,1.5
1708687836.9457211494,0.30685794353485107422,1,0.043670620769262313843,0,1.3203102350234985352,1.5
1708687836.9964089394,0.32164028286933898926,1,0.04451134800910949707,0,1.3268414735794067383,1.5
1708687837.0468454361,0.36493349075317382812,1,0.048214700073003768921,0,1.344655156135559082,1.5
1708687837.0973141193,0.38649046421051025391,1,0.05062457546591758728,0,1.3527729511260986328,1.5
1708687837.1477739811,0.42102631926536560059,1,0.054873533546924591064,0,1.3643794059753417969,1.5
1708687837.198261261,0.44119447469711303711,1,0.05772849544882774353,0,1.3704849481582641602,1.5
1708687837.2486948967,0.47990429401397705078,1,0.063807189464569091797,0,1.3806644678115844727,1.5
1708687837.2991938591,0.49244454503059387207,1,0.065913714468479156494,0,1.3834654092788696289,1.5
1708687837.3497240543,0.52934050559997558594,1,0.071847446262836456299,0,1.390613555908203125,1.5
1708687837.4002523422,0.54653239250183105469,1,0.075019143521785736084,0,1.3934062719345092773,1.5
1708687837.4507453442,0.57351189851760864258,1,0.080459654331207275391,0,1.3972930908203125,1.5
1708687837.501254797,0.6035010218620300293,1,0.086996547877788543701,0,1.4009428024291992188,1.5
1708687837.5517485142,0.61754894256591796875,1,0.090181656181812286377,0,1.4025738239288330078,1.5
1708687837.6022565365,0.62636101245880126953,1,0.09237906336784362793,0,1.4034283161163330078,1.5
1708687837.6527607441,0.65145838260650634766,1,0.09897883981466293335,0,1.4053703546524047852,1.5
1708687837.7032546997,0.66963124275207519531,1,0.10460660606622695923,0,1.406123042106628418,1.5
1708687837.7537243366,0.67952948808670043945,1,0.107975006103515625,0,1.4064116477966308594,1.5
1708687837.8042349815,0.6886507868766784668,1,0.11130821704864501953,0,1.4066107273101806641,1.5
1708687837.8547263145,0.70259416103363037109,1,0.11635897308588027954,0,1.4068398475646972656,1.5
1708687837.9051349163,0.71793383359909057617,1,0.12109655141830444336,0,1.4067585468292236328,1.5
1708687837.9560894966,0.72454792261123657227,1,0.1230730786919593811,0,1.406399846076965332,1.5
1708687838.0065951347,0.73464381694793701172,1,0.12583693861961364746,0,1.4056813716888427734,1.5
1708687838.0570991039,0.74026685953140258789,1,0.12694519758224487305,0,1.4051330089569091797,1.5
1708687838.1078248024,0.74850916862487792969,1,0.12862388789653778076,0,1.4042553901672363281,1.5
1708687838.1583411694,0.75302410125732421875,1,0.12926678359508514404,0,1.4036954641342163086,1.5
1708687838.2089724541,0.76182013750076293945,1,0.12955032289028167725,0,1.4027014970779418945,1.5
1708687838.2596051693,0.76562386751174926758,1,0.12967209517955780029,0,1.402325749397277832,1.5
1708687838.3100786209,0.7717844843864440918,1,0.12911780178546905518,0,1.4016691446304321289,1.5
1708687838.3605465889,0.77517086267471313477,1,0.12867785990238189697,0,1.4012241363525390625,1.5
1708687838.4110763073,0.78192162513732910156,1,0.12700928747653961182,0,1.4005407094955444336,1.5
1708687838.4616162777,0.78411686420440673828,1,0.12625086307525634766,0,1.4004493951797485352,1.5
1708687838.5121431351,0.79135048389434814453,1,0.12309877574443817139,0,1.4002859592437744141,1.5
1708687838.5626471043,0.79457771778106689453,1,0.12128516286611557007,0,1.4003679752349853516,1.5
1708687838.6131360531,0.80107599496841430664,1,0.11695463955402374268,0,1.4006568193435668945,1.5
1708687838.6636474133,0.80309832096099853516,1,0.11545541137456893921,0,1.4007838964462280273,1.5
1708687838.7141976357,0.80872368812561035156,1,0.11123772710561752319,0,1.4012131690979003906,1.5
1708687838.7647368908,0.81169122457504272461,1,0.10908325016498565674,0,1.4013754129409790039,1.5
1708687838.8152289391,0.816799163818359375,1,0.10489076375961303711,0,1.4017580747604370117,1.5
1708687838.8657784462,0.82286316156387329102,1,0.099909342825412750244,0,1.4022268056869506836,1.5
1708687838.9163064957,0.82724338769912719727,1,0.096394315361976623535,0,1.4027010202407836914,1.5
1708687838.96687603,0.83219921588897705078,1,0.092385657131671905518,0,1.4036818742752075195,1.5
1708687839.0174748898,0.83543604612350463867,1,0.089957505464553833008,0,1.4044414758682250977,1.5
1708687839.0680403709,0.83846265077590942383,1,0.087566129863262176514,0,1.4049744606018066406,1.5
1708687839.1185910702,0.8440850377082824707,1,0.0836313590407371521,0,1.4066474437713623047,1.5
1708687839.1691379547,0.85104644298553466797,1,0.078756421804428100586,0,1.4087604284286499023,1.5
1708687839.2196989059,0.85553222894668579102,1,0.075600348412990570068,0,1.4100210666656494141,1.5
1708687839.2702865601,0.86141943931579589844,1,0.071164198219776153564,0,1.411034703254699707,1.5
1708687839.3208441734,0.86481684446334838867,1,0.068746462464332580566,0,1.4114960432052612305,1.5
1708687839.3713316917,0.87149834632873535156,1,0.06428858637809753418,0,1.4127205610275268555,1.5
1708687839.4218049049,0.87491273880004882812,1,0.061883840709924697876,0,1.4130728244781494141,1.5
1708687839.4723300934,0.8808072209358215332,1,0.057763949036598205566,0,1.4139856100082397461,1.5
1708687839.5228862762,0.88411462306976318359,1,0.055471174418926239014,0,1.4145220518112182617,1.5
1708687839.5734012127,0.89078193902969360352,1,0.051056373864412307739,0,1.4157063961029052734,1.5
1708687839.6238787174,0.8940639495849609375,1,0.048784319311380386353,0,1.4161237478256225586,1.5
1708687839.6744167805,0.89975315332412719727,1,0.044932942837476730347,0,1.4167500734329223633,1.5
1708687839.7249670029,0.90312629938125610352,1,0.042782809585332870483,0,1.4169837236404418945,1.5
1708687839.7754869461,0.91022080183029174805,1,0.038046721369028091431,0,1.4170925617218017578,1.5
1708687839.8260259628,0.91474390029907226562,1,0.035109426826238632202,0,1.4169114828109741211,1.5
1708687839.8765659332,0.9205169677734375,1,0.031221454963088035583,0,1.4167706966400146484,1.5
1708687839.9271409512,0.92394959926605224609,1,0.028833374381065368652,0,1.4166290760040283203,1.5
1708687839.9785437584,0.93095487356185913086,1,0.023957340046763420105,0,1.416582942008972168,1.5
1708687840.0291535854,0.93415969610214233398,1,0.02176374383270740509,0,1.4165636301040649414,1.5
1708687840.0796992779,0.93944096565246582031,1,0.018330581486225128174,0,1.4167340993881225586,1.5
1708687840.1302318573,0.94361746311187744141,1,0.015784565359354019165,0,1.416762232780456543,1.5
1708687840.1807534695,0.94870465993881225586,1,0.012628491036593914032,0,1.4169776439666748047,1.5
1708687840.2313916683,0.95150476694107055664,1,0.010978023521602153778,0,1.4172568321228027344,1.5
1708687840.2820682526,0.95555669069290161133,1,0.0085832905024290084839,0,1.4178876876831054688,1.5
1708687840.3326854706,0.95882940292358398438,1,0.0066696237772703170776,0,1.4183579683303833008,1.5
1708687840.3832817078,0.9631112217903137207,1,0.0040891324169933795929,0,1.418671727180480957,1.5
1708687840.4338984489,0.96797406673431396484,1,0.0010634029749780893326,0,1.418543696403503418,1.5
1708687840.4844405651,0.97047835588455200195,1,-0.00062740425346419215202,0,1.4181667566299438477,1.5
1708687840.5350062847,0.97581553459167480469,1,-0.0042145312763750553131,0,1.417415618896484375,1.5
1708687840.5855374336,0.97834539413452148438,1,-0.0059273326769471168518,0,1.4170649051666259766,1.5
1708687840.6360926628,0.9834315180778503418,1,-0.0095833418890833854675,0,1.41635894775390625,1.5
1708687840.6866636276,0.98496109247207641602,1,-0.010580521076917648315,0,1.4161819219589233398,1.5
1708687840.7372004986,0.98941552639007568359,1,-0.013440719805657863617,0,1.4158078432083129883,1.5
1708687840.7877316475,0.99154210090637207031,1,-0.014828965999186038971,0,1.4155342578887939453,1.5
1708687840.8382911682,0.99543267488479614258,1,-0.017326947301626205444,0,1.4152120351791381836,1.5
1708687840.888790369,0.9970315098762512207,1,-0.018215147778391838074,0,1.4152624607086181641,1.5
1708687840.9392704964,1.0000226497650146484,1,-0.020032072439789772034,0,1.4148753881454467773,1.5
1708687840.9897398949,1.0015606880187988281,1,-0.020972024649381637573,0,1.4146920442581176758,1.5
1708687841.0402109623,1.0034742355346679688,1,-0.022060342133045196533,0,1.4143521785736083984,1.5
1708687841.0906970501,1.0043567419052124023,1,-0.022615326568484306335,0,1.4140421152114868164,1.5
1708687841.1411271095,1.005650639533996582,1,-0.022910768166184425354,0,1.4135172367095947266,1.5
1708687841.1916146278,1.0061182975769042969,1,-0.022992258891463279724,0,1.4130600690841674805,1.5
1708687841.2420780659,1.0070177316665649414,1,-0.023176765069365501404,0,1.4122995138168334961,1.5
1708687841.2925190926,1.0073271989822387695,1,-0.023227304220199584961,0,1.4120973348617553711,1.5
1708687841.3430213928,1.0078965425491333008,1,-0.022888114675879478455,0,1.4109909534454345703,1.5
1708687841.3936340809,1.0079663991928100586,1,-0.022619998082518577576,0,1.4105176925659179688,1.5
1708687841.4442374706,1.0079208612442016602,1,-0.021934835240244865417,0,1.4095948934555053711,1.5
1708687841.4947855473,1.0077502727508544922,1,-0.021399533376097679138,0,1.4091017246246337891,1.5
1708687841.5453360081,1.0070711374282836914,1,-0.019925676286220550537,0,1.4082163572311401367,1.5
1708687841.5958852768,1.0065093040466308594,1,-0.018946329131722450256,0,1.4078401327133178711,1.5
1708687841.6464436054,1.0054514408111572266,1,-0.017009772360324859619,0,1.4075630903244018555,1.5
1708687841.6969676018,1.0048754215240478516,1,-0.016031539067625999451,0,1.4077060222625732422,1.5
1708687841.7474806309,1.0036312341690063477,1,-0.01365052349865436554,0,1.4079988002777099609,1.5
1708687841.7979643345,1.0028963088989257812,1,-0.012342592701315879822,0,1.408382415771484375,1.5
1708687841.8483972549,1.0009790658950805664,1,-0.008966272696852684021,0,1.4092029333114624023,1.5
1708687841.8988432884,1.0004632472991943359,1,-0.0078991316258907318115,0,1.4094557762145996094,1.5
1708687841.9492986202,0.99826151132583618164,1,-0.0039282692596316337585,0,1.40990447998046875,1.5
1708687841.999838829,0.99753797054290771484,1,-0.0026404627133160829544,0,1.4101579189300537109,1.5
1708687842.0504488945,0.99552619457244873047,1,0.0008880068780854344368,0,1.4108633995056152344,1.5
1708687842.1010005474,0.99457734823226928711,1,0.0027080448344349861145,0,1.411502838134765625,1.5
1708687842.1516273022,0.99225455522537231445,1,0.0067035113461315631866,0,1.4128489494323730469,1.5
1708687842.202256918,0.99142944812774658203,1,0.007966734468936920166,0,1.4134311676025390625,1.5
1708687842.2528829575,0.98833799362182617188,1,0.012322354130446910858,0,1.4152185916900634766,1.5
1708687842.3035132885,0.98629647493362426758,1,0.015052248723804950714,0,1.4162641763687133789,1.5
1708687842.3541152477,0.98494380712509155273,1,0.01666755974292755127,0,1.4168645143508911133,1.5
1708687842.4046883583,0.98276281356811523438,1,0.019340071827173233032,0,1.4179418087005615234,1.5
1708687842.4552679062,0.98165452480316162109,1,0.020587736740708351135,0,1.4184297323226928711,1.5
1708687842.5058665276,0.97991716861724853516,1,0.022793354466557502747,0,1.4192711114883422852,1.5
1708687842.5563874245,0.97876089811325073242,1,0.024132026359438896179,0,1.4202021360397338867,1.5
1708687842.6069278717,0.97689843177795410156,1,0.02658320404589176178,0,1.4219179153442382812,1.5
1708687842.6574513912,0.97610372304916381836,1,0.027770621702075004578,0,1.4227187633514404297,1.5
1708687842.7080056667,0.97460991144180297852,1,0.029786096885800361633,0,1.424052119255065918,1.5
1708687842.75852108,0.97400385141372680664,1,0.030784050002694129944,0,1.4248673915863037109,1.5
1708687842.8090641499,0.97300791740417480469,1,0.032274592667818069458,0,1.4262430667877197266,1.5
1708687842.8595979214,0.97281587123870849609,1,0.032677423208951950073,0,1.4265773296356201172,1.5
1708687842.9101419449,0.97206854820251464844,1,0.034367177635431289673,0,1.4270204305648803711,1.5
1708687842.9606895447,0.97160392999649047852,1,0.035312294960021972656,0,1.4270203113555908203,1.5
1708687843.0113751888,0.97078704833984375,1,0.037072371691465377808,0,1.4269391298294067383,1.5
1708687843.0621063709,0.97056233882904052734,1,0.037850607186555862427,0,1.4267969131469726562,1.5
1708687843.1126508713,0.9697418212890625,1,0.039702679961919784546,0,1.4267088174819946289,1.5
1708687843.1632413864,0.96932697296142578125,1,0.040510661900043487549,0,1.4268532991409301758,1.5
1708687843.2138581276,0.96851396560668945312,1,0.042872171849012374878,0,1.4267320632934570312,1.5
1708687843.2644398212,0.96822047233581542969,1,0.043967284262180328369,0,1.4266672134399414062,1.5
1708687843.3150017262,0.9676768183708190918,1,0.045801546424627304077,0,1.4265462160110473633,1.5
1708687843.3655178547,0.96735739707946777344,1,0.047055367380380630493,0,1.4265203475952148438,1.5
1708687843.4160792828,0.96694070100784301758,1,0.048417907208204269409,0,1.4265059232711791992,1.5
1708687843.4666609764,0.96675813198089599609,1,0.049777101725339889526,0,1.4265776872634887695,1.5
1708687843.5172944069,0.96676594018936157227,1,0.050291746854782104492,0,1.4266315698623657227,1.5
1708687843.5678486824,0.96671080589294433594,1,0.051302261650562286377,0,1.4267240762710571289,1.5
1708687843.618377924,0.96665233373641967773,1,0.051972623914480209351,0,1.4268714189529418945,1.5
1708687843.6689152718,0.96670776605606079102,1,0.052944056689739227295,0,1.4270110130310058594,1.5
1708687843.7194588184,0.96647435426712036133,1,0.053737431764602661133,0,1.4269393682479858398,1.5
1708687843.7700283527,0.96649438142776489258,1,0.054928980767726898193,0,1.426817774772644043,1.5
1708687843.8205611706,0.96659630537033081055,1,0.055500391870737075806,0,1.4270300865173339844,1.5
1708687843.871108532,0.96689647436141967773,1,0.056694805622100830078,0,1.4273769855499267578,1.5
1708687843.9215884209,0.96708875894546508789,1,0.057213343679904937744,0,1.4272913932800292969,1.5
1708687843.9720411301,0.96749788522720336914,1,0.057975023984909057617,0,1.4268594980239868164,1.5
1708687844.0226173401,0.96780538558959960938,1,0.058476898819208145142,0,1.4267028570175170898,1.5
1708687844.0731096268,0.96777832508087158203,1,0.060027994215488433838,0,1.4264122247695922852,1.5
1708687844.1236178875,0.96782851219177246094,1,0.060903251171112060547,0,1.4263619184494018555,1.5
1708687844.1742033958,0.96776556968688964844,1,0.062647506594657897949,0,1.4259576797485351562,1.5
1708687844.2247512341,0.967479705810546875,1,0.063824079930782318115,0,1.4257671833038330078,1.5
1708687844.2753009796,0.96669799089431762695,1,0.066400118172168731689,0,1.4255478382110595703,1.5
1708687844.3259062767,0.96651661396026611328,1,0.067154876887798309326,0,1.4255548715591430664,1.5
1708687844.3765010834,0.96570199728012084961,1,0.069452859461307525635,0,1.4256479740142822266,1.5
1708687844.4271869659,0.96494084596633911133,1,0.071052931249141693115,0,1.4256949424743652344,1.5
1708687844.4778118134,0.96359431743621826172,1,0.073891751468181610107,0,1.4256290197372436523,1.5
1708687844.5283551216,0.96283435821533203125,1,0.075462020933628082275,0,1.4253728389739990234,1.5
1708687844.5789043903,0.96147245168685913086,1,0.078434236347675323486,0,1.4251154661178588867,1.5
1708687844.6294562817,0.9604663848876953125,1,0.080236800014972686768,0,1.4249455928802490234,1.5
1708687844.67999506,0.95848840475082397461,1,0.083952635526657104492,0,1.4245716333389282227,1.5
1708687844.7305412292,0.95754837989807128906,1,0.085863314568996429443,0,1.4241365194320678711,1.5
1708687844.7810752392,0.95578360557556152344,1,0.089245073497295379639,0,1.423336029052734375,1.5
1708687844.8316979408,0.95506715774536132812,1,0.090611234307289123535,0,1.4229370355606079102,1.5
1708687844.8822720051,0.95387071371078491211,1,0.093072026968002319336,0,1.4225890636444091797,1.5
1708687844.9327673912,0.95267516374588012695,1,0.095887675881385803223,0,1.421950221061706543,1.5
1708687844.9831917286,0.95211946964263916016,1,0.09723844379186630249,0,1.4216104745864868164,1.5
1708687845.0336332321,0.95158225297927856445,1,0.098942898213863372803,0,1.4211542606353759766,1.5
1708687845.0840923786,0.950954437255859375,1,0.10070580244064331055,0,1.4205611944198608398,1.5
1708687845.1345567703,0.9504038691520690918,1,0.1026827394962310791,0,1.4200239181518554688,1.5
1708687845.1850173473,0.95011055469512939453,1,0.10356643050909042358,0,1.4198977947235107422,1.5
1708687845.235476017,0.94958096742630004883,1,0.10509055107831954956,0,1.4200230836868286133,1.5
1708687845.28602314,0.94959867000579833984,1,0.10529782623052597046,0,1.4201195240020751953,1.5
1708687845.3365805149,0.95001357793807983398,1,0.10552315413951873779,0,1.4203717708587646484,1.5
1708687845.3872058392,0.95006674528121948242,1,0.10572216659784317017,0,1.4204268455505371094,1.5
1708687845.4378418922,0.95049148797988891602,1,0.10566240549087524414,0,1.4206322431564331055,1.5
1708687845.4884040356,0.95076209306716918945,1,0.10550162196159362793,0,1.4206680059432983398,1.5
1708687845.538985014,0.95141971111297607422,1,0.10497574508190155029,0,1.4205516576766967773,1.5
1708687845.5895547867,0.95214319229125976562,1,0.10437488555908203125,0,1.4204747676849365234,1.5
1708687845.6401240826,0.9527645111083984375,1,0.10381859540939331055,0,1.4204882383346557617,1.5
1708687845.6906614304,0.95488554239273071289,1,0.10157674551010131836,0,1.4207386970520019531,1.5
1708687845.7412016392,0.95563274621963500977,1,0.10071948915719985962,0,1.420796513557434082,1.5
1708687845.7917282581,0.95696091651916503906,1,0.09892889857292175293,0,1.4207861423492431641,1.5
1708687845.8422272205,0.9574883580207824707,1,0.098209716379642486572,0,1.4209477901458740234,1.5
1708687845.8926980495,0.95890092849731445312,1,0.095975853502750396729,0,1.4213476181030273438,1.5
1708687845.9431433678,0.9596722722053527832,1,0.094721898436546325684,0,1.4216085672378540039,1.5
1708687845.9935867786,0.96109610795974731445,1,0.092570580542087554932,0,1.4217318296432495117,1.5
1708687846.0441102982,0.96152603626251220703,1,0.091852150857448577881,0,1.4217618703842163086,1.5
1708687846.094555378,0.96247810125350952148,1,0.089871130883693695068,0,1.421557307243347168,1.5
1708687846.1449368,0.96300530433654785156,1,0.088964134454727172852,0,1.42134857177734375,1.5
1708687846.1953361034,0.96404123306274414062,1,0.087214730679988861084,0,1.420828700065612793,1.5
1708687846.2459096909,0.96460676193237304688,1,0.086236789822578430176,0,1.4205002784729003906,1.5
1708687846.2964007854,0.96565061807632446289,1,0.084427475929260253906,0,1.4201062917709350586,1.5
1708687846.3468735218,0.96599113941192626953,1,0.083979867398738861084,0,1.4199497699737548828,1.5
1708687846.3973546028,0.96700626611709594727,1,0.082646533846855163574,0,1.4195683002471923828,1.5
1708687846.4478127956,0.96732527017593383789,1,0.082217171788215637207,0,1.4194067716598510742,1.5
1708687846.4983673096,0.96787887811660766602,1,0.081271976232528686523,0,1.419567108154296875,1.5
1708687846.5488173962,0.96807175874710083008,1,0.080709524452686309814,0,1.4196397066116333008,1.5
1708687846.599281311,0.96873670816421508789,1,0.079314939677715301514,0,1.4200942516326904297,1.5
1708687846.6497302055,0.96873992681503295898,1,0.078907176852226257324,0,1.4203734397888183594,1.5
1708687846.7001838684,0.96862399578094482422,1,0.07856655120849609375,0,1.4206653833389282227,1.5
1708687846.750641346,0.9685522913932800293,1,0.078088276088237762451,0,1.4208441972732543945,1.5
1708687846.8010907173,0.96838045120239257812,1,0.078107126057147979736,0,1.4210190773010253906,1.5
1708687846.8515334129,0.96818709373474121094,1,0.078066408634185791016,0,1.4211908578872680664,1.5
1708687846.9020721912,0.96845316886901855469,1,0.077683612704277038574,0,1.4216701984405517578,1.5
1708687846.9526073933,0.9683589935302734375,1,0.07756277918815612793,0,1.4217904806137084961,1.5
1708687847.0031399727,0.96853107213973999023,1,0.077300742268562316895,0,1.4217641353607177734,1.5
1708687847.053689003,0.96904402971267700195,1,0.076570279896259307861,0,1.4214396476745605469,1.5
1708687847.1042461395,0.96935296058654785156,1,0.076068654656410217285,0,1.4212361574172973633,1.5
1708687847.1547830105,0.97037941217422485352,1,0.074608966708183288574,0,1.4211328029632568359,1.5
1708687847.2052648067,0.97089749574661254883,1,0.073950141668319702148,0,1.4209432601928710938,1.5
1708687847.2558233738,0.9721972346305847168,1,0.072548523545265197754,0,1.4205992221832275391,1.5
1708687847.3064007759,0.9726346135139465332,1,0.072034880518913269043,0,1.4204436540603637695,1.5
1708687847.3570773602,0.97377085685729980469,1,0.070653103291988372803,0,1.4200900793075561523,1.5
1708687847.4077723026,0.97407609224319458008,1,0.070418626070022583008,0,1.4199235439300537109,1.5
1708687847.4583387375,0.9748242497444152832,1,0.069452174007892608643,0,1.4195822477340698242,1.5
1708687847.5088603497,0.97525143623352050781,1,0.068802967667579650879,0,1.4197309017181396484,1.5
1708687847.5594210625,0.97612059116363525391,1,0.067792899906635284424,0,1.4197903871536254883,1.5
1708687847.6100082397,0.97674334049224853516,1,0.067004099488258361816,0,1.4196767807006835938,1.5
1708687847.6605629921,0.97760587930679321289,1,0.065421946346759796143,0,1.4199362993240356445,1.5
1708687847.7110669613,0.97785133123397827148,1,0.064727723598480224609,0,1.4201195240020751953,1.5
1708687847.7615973949,0.97809267044067382812,1,0.063451483845710754395,0,1.4206546545028686523,1.5
1708687847.812158823,0.97812825441360473633,1,0.062938369810581207275,0,1.4209415912628173828,1.5
1708687847.8626918793,0.97822833061218261719,1,0.061749223619699478149,0,1.4211395978927612305,1.5
1708687847.9132215977,0.97829800844192504883,1,0.060902096331119537354,0,1.4213635921478271484,1.5
1708687847.9637088776,0.97852468490600585938,1,0.059428282082080841064,0,1.4218028783798217773,1.5
1708687848.0141825676,0.97813451290130615234,1,0.058758117258548736572,0,1.4226393699645996094,1.5
1708687848.0646381378,0.97763413190841674805,1,0.057994883507490158081,0,1.4236319065093994141,1.5
1708687848.1150345802,0.97719365358352661133,1,0.057461015880107879639,0,1.4243807792663574219,1.5
1708687848.1654291153,0.9763386845588684082,1,0.056626401841640472412,0,1.4255441427230834961,1.5
1708687848.2159879208,0.97572815418243408203,1,0.056063283234834671021,0,1.4261777400970458984,1.5
1708687848.2665863037,0.97451180219650268555,1,0.05499820411205291748,0,1.4273895025253295898,1.5
1708687848.3170785904,0.97327589988708496094,1,0.054048467427492141724,0,1.4281075000762939453,1.5
1708687848.3676836491,0.97271019220352172852,1,0.053499218076467514038,0,1.4283328056335449219,1.5
1708687848.4181301594,0.97143203020095825195,1,0.052312668412923812866,0,1.4290852546691894531,1.5
1708687848.4686319828,0.97106826305389404297,1,0.051864996552467346191,0,1.4294358491897583008,1.5
1708687848.5192029476,0.96990382671356201172,1,0.050557650625705718994,0,1.4303187131881713867,1.5
1708687848.5697519779,0.96925437450408935547,1,0.049750007688999176025,0,1.4307767152786254883,1.5
1708687848.6203625202,0.96855586767196655273,1,0.048887655138969421387,0,1.4310107231140136719,1.5
1708687848.6709370613,0.96823596954345703125,1,0.04832693934440612793,0,1.4310908317565917969,1.5
1708687848.7215034962,0.96777009963989257812,1,0.047167845070362091064,0,1.4310582876205444336,1.5
1708687848.7720551491,0.96765494346618652344,1,0.04662636294960975647,0,1.4307228326797485352,1.5
1708687848.8226294518,0.96753805875778198242,1,0.045997418463230133057,0,1.4298310279846191406,1.5
1708687848.873231411,0.96742957830429077148,1,0.045676019042730331421,0,1.4291393756866455078,1.5
1708687848.9237792492,0.96776032447814941406,1,0.045019801706075668335,0,1.4273214340209960938,1.5
1708687848.9743242264,0.96787112951278686523,1,0.044943071901798248291,0,1.4264954328536987305,1.5
1708687849.0248835087,0.96817404031753540039,1,0.044940389692783355713,0,1.4247522354125976562,1.5
1708687849.0754063129,0.96841526031494140625,1,0.044893871992826461792,0,1.4238033294677734375,1.5
1708687849.1259455681,0.96888983249664306641,1,0.044740144163370132446,0,1.4223589897155761719,1.5
1708687849.176476717,0.96903181076049804688,1,0.044832285493612289429,0,1.4216704368591308594,1.5
1708687849.2273609638,0.96936815977096557617,1,0.04525972902774810791,0,1.4205722808837890625,1.5
1708687849.2779417038,0.96958166360855102539,1,0.045529313385486602783,0,1.4202538728713989258,1.5
1708687849.3284010887,0.97008937597274780273,1,0.04596521332859992981,0,1.4193017482757568359,1.5
1708687849.3789737225,0.97029763460159301758,1,0.046370614320039749146,0,1.4189548492431640625,1.5
1708687849.4295637608,0.9706389307975769043,1,0.047012064605951309204,0,1.4183193445205688477,1.5
1708687849.4801158905,0.97082829475402832031,1,0.047513734549283981323,0,1.4180482625961303711,1.5
1708687849.5306715965,0.97110092639923095703,1,0.048527631908655166626,0,1.4175516366958618164,1.5
1708687849.5812034607,0.97128701210021972656,1,0.049013517796993255615,0,1.4170558452606201172,1.5
1708687849.6317484379,0.9716803431510925293,1,0.049460474401712417603,0,1.4162856340408325195,1.5
1708687849.6822884083,0.97192454338073730469,1,0.049655601382255554199,0,1.4159021377563476562,1.5
1708687849.7328290939,0.97240352630615234375,1,0.049886167049407958984,0,1.4158227443695068359,1.5
1708687849.7833378315,0.97287869453430175781,1,0.049764804542064666748,0,1.4156938791275024414,1.5
1708687849.8338751793,0.97360748052597045898,1,0.049485862255096435547,0,1.415935516357421875,1.5
1708687849.884414196,0.97434580326080322266,1,0.048638988286256790161,0,1.4165710210800170898,1.5
1708687849.934943676,0.97495579719543457031,1,0.047893930226564407349,0,1.4169628620147705078,1.5
1708687849.9854347706,0.97565412521362304688,1,0.047037161886692047119,0,1.4180767536163330078,1.5
1708687850.0358643532,0.97591918706893920898,1,0.046645734459161758423,0,1.4187930822372436523,1.5
1708687850.086369276,0.97632837295532226562,1,0.045758973807096481323,0,1.4201585054397583008,1.5
1708687850.1368472576,0.97642600536346435547,1,0.04535312950611114502,0,1.4209159612655639648,1.5
1708687850.1873781681,0.97641515731811523438,1,0.044356990605592727661,0,1.4228740930557250977,1.5
1708687850.2378656864,0.97643333673477172852,1,0.043772730976343154907,0,1.4237205982208251953,1.5
1708687850.288364172,0.97659170627593994141,1,0.042508240789175033569,0,1.4250687360763549805,1.5
1708687850.3389384747,0.97644305229187011719,1,0.041985347867012023926,0,1.4256929159164428711,1.5
1708687850.3895101547,0.97646272182464599609,1,0.040186945348978042603,0,1.4267752170562744141,1.5
1708687850.4400644302,0.97646868228912353516,1,0.039469741284847259521,0,1.4272656440734863281,1.5
1708687850.4906408787,0.97635668516159057617,1,0.037500131875276565552,0,1.4287890195846557617,1.5
1708687850.5412218571,0.97618943452835083008,1,0.036644753068685531616,0,1.4295821189880371094,1.5
1708687850.5918166637,0.97626906633377075195,1,0.034649580717086791992,0,1.4309527873992919922,1.5
1708687850.642370224,0.97653430700302124023,1,0.033423535525798797607,0,1.431302189826965332,1.5
1708687850.6929972172,0.97684264183044433594,1,0.031320691108703613281,0,1.4316676855087280273,1.5
1708687850.7435424328,0.97721475362777709961,1,0.029802151024341583252,0,1.4320212602615356445,1.5
1708687850.7940895557,0.97793722152709960938,1,0.026624917984008789062,0,1.4326670169830322266,1.5
1708687850.8446135521,0.97820550203323364258,1,0.025007588788866996765,0,1.432850956916809082,1.5
1708687850.8951232433,0.97868120670318603516,1,0.021499982103705406189,0,1.4327301979064941406,1.5
1708687850.9456036091,0.97892451286315917969,1,0.019721262156963348389,0,1.4328926801681518555,1.5
1708687850.996127367,0.97921365499496459961,1,0.016612801700830459595,0,1.4328465461730957031,1.5
1708687851.0466880798,0.979442596435546875,1,0.014634207822382450104,0,1.4326626062393188477,1.5
1708687851.0972781181,0.98041462898254394531,1,0.010322520509362220764,0,1.4320749044418334961,1.5
1708687851.1479349136,0.98087799549102783203,1,0.0082825412973761558533,0,1.4318189620971679688,1.5
1708687851.1984665394,0.98199814558029174805,1,0.0044302260503172874451,0,1.4314261674880981445,1.5
1708687851.249022007,0.98267918825149536133,1,0.0018501622835174202919,0,1.4316233396530151367,1.5
1708687851.2996349335,0.98339259624481201172,1,-0.00034280726686120033264,0,1.4318211078643798828,1.5
1708687851.3501713276,0.98426008224487304688,1,-0.0030653779394924640656,0,1.4317390918731689453,1.5
1708687851.4006474018,0.98473060131072998047,1,-0.0049371970817446708679,0,1.4317746162414550781,1.5
1708687851.4511671066,0.98526728153228759766,1,-0.0069610378704965114594,0,1.4322037696838378906,1.5
1708687851.5016832352,0.98547971248626708984,1,-0.0078944861888885498047,0,1.4326236248016357422,1.5
1708687851.5521657467,0.98545610904693603516,1,-0.0090814139693975448608,0,1.4333299398422241211,1.5
1708687851.6026322842,0.98557007312774658203,1,-0.0097047742456197738647,0,1.4336496591567993164,1.5
1708687851.6531107426,0.98555856943130493164,1,-0.010638592764735221863,0,1.4340126514434814453,1.5
1708687851.7036919594,0.98555386066436767578,1,-0.010779901407659053802,0,1.4339931011199951172,1.5
1708687851.754254818,0.98574316501617431641,1,-0.011583482846617698669,0,1.434162139892578125,1.5
1708687851.8047788143,0.98588633537292480469,1,-0.011976715177297592163,0,1.4343074560165405273,1.5
1708687851.8552854061,0.98607110977172851562,1,-0.012334324419498443604,0,1.4343774318695068359,1.5
1708687851.9058051109,0.9862925410270690918,1,-0.01274037826806306839,0,1.4344539642333984375,1.5
1708687851.9563310146,0.98639827966690063477,1,-0.012716968543827533722,0,1.4341037273406982422,1.5
1708687852.0068669319,0.98655855655670166016,1,-0.0128617873415350914,0,1.4338808059692382812,1.5
1708687852.0574471951,0.98735880851745605469,1,-0.013571210205554962158,0,1.4331783056259155273,1.5
1708687852.1080234051,0.98785400390625,1,-0.014083455316722393036,0,1.4328886270523071289,1.5
1708687852.1586415768,0.9885813593864440918,1,-0.014654458500444889069,0,1.43244171142578125,1.5
1708687852.2091972828,0.98907357454299926758,1,-0.015043119899928569794,0,1.4323804378509521484,1.5
1708687852.2597434521,0.98958069086074829102,1,-0.015181007795035839081,0,1.4323270320892333984,1.5
1708687852.3102550507,0.98979616165161132812,1,-0.015218643471598625183,0,1.4322578907012939453,1.5
1708687852.3608067036,0.99023258686065673828,1,-0.01534578762948513031,0,1.4327391386032104492,1.5
1708687852.411406517,0.99013781547546386719,1,-0.015115441754460334778,0,1.433258056640625,1.5
1708687852.4620478153,0.98966610431671142578,1,-0.014200021512806415558,0,1.4343159198760986328,1.5
1708687852.5126311779,0.98934537172317504883,1,-0.013653348200023174286,0,1.4346401691436767578,1.5
1708687852.5632069111,0.98863887786865234375,1,-0.012551984749734401703,0,1.4350373744964599609,1.5
1708687852.6137928963,0.98837107419967651367,1,-0.012143897823989391327,0,1.4350484609603881836,1.5
1708687852.6643593311,0.98765152692794799805,1,-0.011098292656242847443,0,1.4350675344467163086,1.5
1708687852.7148842812,0.98731285333633422852,1,-0.010631442070007324219,0,1.43506622314453125,1.5
1708687852.7654066086,0.98656266927719116211,1,-0.0096675530076026916504,0,1.4349745512008666992,1.5
1708687852.8159477711,0.98617070913314819336,1,-0.0092597557231783866882,0,1.4347553253173828125,1.5
1708687852.8665063381,0.9857590794563293457,1,-0.0089454678818583488464,0,1.4344546794891357422,1.5
1708687852.9170331955,0.98541647195816040039,1,-0.0088327750563621520996,0,1.4337145090103149414,1.5
1708687852.967479229,0.98530369997024536133,1,-0.008849381469190120697,0,1.4331074953079223633,1.5
1708687853.0179350376,0.98541712760925292969,1,-0.0093561904504895210266,0,1.4320995807647705078,1.5
1708687853.0684049129,0.98560416698455810547,1,-0.0097933290526270866394,0,1.4317401647567749023,1.5
1708687853.1188728809,0.98579668998718261719,1,-0.01049564313143491745,0,1.4314459562301635742,1.5
1708687853.1693603992,0.98585736751556396484,1,-0.010981568135321140289,0,1.4311209917068481445,1.5
1708687853.2198164463,0.98617547750473022461,1,-0.011883562430739402771,0,1.430926203727722168,1.5
1708687853.2703106403,0.98652327060699462891,1,-0.012465343810617923737,0,1.4309202432632446289,1.5
1708687853.3209261894,0.98664021492004394531,1,-0.012858266010880470276,0,1.4309103488922119141,1.5
1708687853.3715331554,0.98681807518005371094,1,-0.01289572007954120636,0,1.4307694435119628906,1.5
1708687853.4222528934,0.98722028732299804688,1,-0.012887189164757728577,0,1.4306405782699584961,1.5
1708687853.4728543758,0.98742455244064331055,1,-0.012902266345918178558,0,1.4307589530944824219,1.5
1708687853.5234594345,0.98829978704452514648,1,-0.013222098350524902344,0,1.4312454462051391602,1.5
1708687853.5740516186,0.98887169361114501953,1,-0.013592358678579330444,0,1.4314522743225097656,1.5
1708687853.62464571,0.98993682861328125,1,-0.014245219528675079346,0,1.4321347475051879883,1.5
1708687853.6751861572,0.99047178030014038086,1,-0.014553384855389595032,0,1.4323451519012451172,1.5
1708687853.725720644,0.99153763055801391602,1,-0.015170759521424770355,0,1.4331909418106079102,1.5
1708687853.7762243748,0.9919293522834777832,1,-0.01545515749603509903,0,1.4335005283355712891,1.5
1708687853.8267698288,0.99308365583419799805,1,-0.016243340447545051575,0,1.4346195459365844727,1.5
1708687853.8772873878,0.99382436275482177734,1,-0.016977027058601379395,0,1.4351159334182739258,1.5
1708687853.9277131557,0.99565285444259643555,1,-0.018613869324326515198,0,1.4360407590866088867,1.5
1708687853.9781472683,0.99651521444320678711,1,-0.019352201372385025024,0,1.4362270832061767578,1.5
1708687854.0286064148,0.99844515323638916016,1,-0.02088196389377117157,0,1.4362796545028686523,1.5
1708687854.0790402889,0.99893951416015625,1,-0.021337989717721939087,0,1.4364163875579833984,1.5
1708687854.1296014786,1.000435948371887207,1,-0.022568307816982269287,0,1.4368388652801513672,1.5
1708687854.1801812649,1.0013715028762817383,1,-0.023302109912037849426,0,1.4372195005416870117,1.5
1708687854.230784893,1.0033502578735351562,1,-0.024846117943525314331,0,1.4380383491516113281,1.5
1708687854.2814099789,1.0041314363479614258,1,-0.025367261841893196106,0,1.4384559392929077148,1.5
1708687854.3320348263,1.0057297945022583008,1,-0.026295490562915802002,0,1.4389705657958984375,1.5
1708687854.3826031685,1.0065248012542724609,1,-0.026641704142093658447,0,1.4392096996307373047,1.5
1708687854.4331505299,1.0077939033508300781,1,-0.027183858677744865417,0,1.4395453929901123047,1.5
1708687854.4837300777,1.0090541839599609375,1,-0.027505023404955863953,0,1.4399030208587646484,1.5
1708687854.5343499184,1.0096372365951538086,1,-0.02751262858510017395,0,1.4399454593658447266,1.5
1708687854.5849220753,1.0101304054260253906,1,-0.027235865592956542969,0,1.4401344060897827148,1.5
1708687854.6354782581,1.0105428695678710938,1,-0.027359964326024055481,0,1.4400424957275390625,1.5
1708687854.6860842705,1.0112651586532592773,1,-0.027665399014949798584,0,1.4399209022521972656,1.5
1708687854.7366220951,1.0115302801132202148,1,-0.027924774214625358582,0,1.4399179220199584961,1.5
1708687854.7872002125,1.0122662782669067383,1,-0.029092857614159584045,0,1.4403077363967895508,1.5
1708687854.8377280235,1.0126898288726806641,1,-0.029733279719948768616,0,1.4404250383377075195,1.5
1708687854.8883218765,1.0130342245101928711,1,-0.030153628438711166382,0,1.4406684637069702148,1.5
1708687854.9388480186,1.013132929801940918,1,-0.030239522457122802734,0,1.4406031370162963867,1.5
1708687854.9893815517,1.0129343271255493164,1,-0.030203033238649368286,0,1.4404007196426391602,1.5
1708687855.0399434566,1.0128190517425537109,1,-0.030324524268507957458,0,1.4402183294296264648,1.5
1708687855.0905809402,1.0123811960220336914,1,-0.030370350927114486694,0,1.4402759075164794922,1.5
1708687855.1411931515,1.0119932889938354492,1,-0.030211921781301498413,0,1.4403501749038696289,1.5
1708687855.1917862892,1.0113452672958374023,1,-0.030029801651835441589,0,1.4404630661010742188,1.5
1708687855.2423436642,1.011107325553894043,1,-0.030246939510107040405,0,1.4403177499771118164,1.5
1708687855.2929430008,1.0106018781661987305,1,-0.03065484948456287384,0,1.4403797388076782227,1.5
1708687855.3435313702,1.0104559659957885742,1,-0.030791942030191421509,0,1.4403349161148071289,1.5
1708687855.3941538334,1.0097326040267944336,1,-0.031025853008031845093,0,1.4404317140579223633,1.5
1708687855.444681406,1.0090022087097167969,1,-0.030922478064894676208,0,1.4405763149261474609,1.5
1708687855.4952223301,1.0077420473098754883,1,-0.030625294893980026245,0,1.4408862590789794922,1.5
1708687855.5458507538,1.0071061849594116211,1,-0.030508825555443763733,0,1.4408979415893554688,1.5
1708687855.5964288712,1.0058531761169433594,1,-0.029876096174120903015,0,1.4410600662231445312,1.5
1708687855.6469364166,1.0050989389419555664,1,-0.029706958681344985962,0,1.4411755800247192383,1.5
1708687855.6973798275,1.0038654804229736328,1,-0.029834827408194541931,0,1.4413100481033325195,1.5
1708687855.7478280067,1.0031578540802001953,1,-0.029989253729581832886,0,1.441557765007019043,1.5
1708687855.798263073,1.0015804767608642578,1,-0.030264889821410179138,0,1.4421380758285522461,1.5
1708687855.8487036228,1.0005038976669311523,1,-0.030627967789769172668,0,1.442595362663269043,1.5
1708687855.8991527557,1.0001943111419677734,1,-0.030712023377418518066,0,1.4426887035369873047,1.5
1708687855.9496526718,0.99937522411346435547,1,-0.031249985098838806152,0,1.4427440166473388672,1.5
1708687856.0000858307,0.99917972087860107422,1,-0.031769163906574249268,0,1.442646026611328125,1.5
1708687856.0505292416,0.99900323152542114258,1,-0.032356005162000656128,0,1.4427648782730102539,1.5
1708687856.1010324955,0.99921548366546630859,1,-0.033256012946367263794,0,1.4429409503936767578,1.5
1708687856.1518576145,0.99946111440658569336,1,-0.033884510397911071777,0,1.4428528547286987305,1.5
1708687856.2024075985,1.0001275539398193359,1,-0.035337187349796295166,0,1.4424468278884887695,1.5
1708687856.252866745,1.0009168386459350586,1,-0.036517232656478881836,0,1.4418652057647705078,1.5
1708687856.3037674427,1.0017299652099609375,1,-0.037352867424488067627,0,1.4413849115371704102,1.5
1708687856.3542335033,1.0032867193222045898,1,-0.038734197616577148438,0,1.4409236907958984375,1.5
1708687856.4047467709,1.0039820671081542969,1,-0.03919453546404838562,0,1.4408794641494750977,1.5
1708687856.4553058147,1.0058559179306030273,1,-0.04054709896445274353,0,1.4403860569000244141,1.5
1708687856.5058965683,1.0068529844284057617,1,-0.041358720511198043823,0,1.4400697946548461914,1.5
1708687856.5564725399,1.0082994699478149414,1,-0.042309593409299850464,0,1.4395389556884765625,1.5
1708687856.6070058346,1.0093482732772827148,1,-0.043010726571083068848,0,1.4391790628433227539,1.5
1708687856.6575083733,1.0119347572326660156,1,-0.045001190155744552612,0,1.4382032155990600586,1.5
1708687856.7079553604,1.0131640434265136719,1,-0.045895025134086608887,0,1.4379630088806152344,1.5
1708687856.7583904266,1.0158272981643676758,1,-0.047565083950757980347,0,1.4373747110366821289,1.5
1708687856.8088419437,1.0171054601669311523,1,-0.048396296799182891846,0,1.4371560811996459961,1.5
1708687856.8592760563,1.0192743539810180664,1,-0.049660149961709976196,0,1.4368430376052856445,1.5
1708687856.9097156525,1.02022552490234375,1,-0.050146661698818206787,0,1.4367498159408569336,1.5
1708687856.9602615833,1.0222728252410888672,1,-0.050936199724674224854,0,1.4365584850311279297,1.5
1708687857.0107500553,1.0231174230575561523,1,-0.051175430417060852051,0,1.4364936351776123047,1.5
1708687857.0612034798,1.0240424871444702148,1,-0.050930425524711608887,0,1.4367818832397460938,1.5
1708687857.1117222309,1.0243819952011108398,1,-0.050739247351884841919,0,1.4370161294937133789,1.5
1708687857.1621918678,1.0246529579162597656,1,-0.050166610628366470337,0,1.4374561309814453125,1.5
1708687857.2126326561,1.02463531494140625,1,-0.049506578594446182251,0,1.4376715421676635742,1.5
1708687857.2631175518,1.0238400697708129883,1,-0.047867476940155029297,0,1.4377824068069458008,1.5
1708687857.3137209415,1.0235877037048339844,1,-0.047357518225908279419,0,1.4379009008407592773,1.5
1708687857.3643214703,1.0226758718490600586,1,-0.045726370066404342651,0,1.4382760524749755859,1.5
1708687857.4148960114,1.0220720767974853516,1,-0.044808603823184967041,0,1.4385646581649780273,1.5
1708687857.4655044079,1.0211373567581176758,1,-0.043505106121301651001,0,1.4393037557601928711,1.5
1708687857.5160765648,1.0207183361053466797,1,-0.04284788668155670166,0,1.4397171735763549805,1.5
1708687857.5666434765,1.0196232795715332031,1,-0.041031885892152786255,0,1.4405224323272705078,1.5
1708687857.6172733307,1.0185811519622802734,1,-0.039474964141845703125,0,1.4408817291259765625,1.5
1708687857.6678011417,1.0181128978729248047,1,-0.038919784128665924072,0,1.4410052299499511719,1.5
1708687857.7183582783,1.017460942268371582,1,-0.038098514080047607422,0,1.4412386417388916016,1.5
1708687857.768904686,1.0170240402221679688,1,-0.037582606077194213867,0,1.4412521123886108398,1.5
1708687857.8194489479,1.0161228179931640625,1,-0.036453608423471450806,0,1.4412124156951904297,1.5
1708687857.8700470924,1.0158950090408325195,1,-0.036080822348594665527,0,1.4412875175476074219,1.5
1708687857.9205758572,1.015107274055480957,1,-0.034890733659267425537,0,1.4414660930633544922,1.5
1708687857.9710931778,1.0148712396621704102,1,-0.03428760915994644165,0,1.4412868022918701172,1.5
1708687858.0216383934,1.015065312385559082,1,-0.033888727426528930664,0,1.440525054931640625,1.5
1708687858.0721619129,1.0154989957809448242,1,-0.033806834369897842407,0,1.4396291971206665039,1.5
1708687858.1227235794,1.0158638954162597656,1,-0.033461507409811019897,0,1.4388195276260375977,1.5
1708687858.1732609272,1.0162074565887451172,1,-0.033234477043151855469,0,1.4382004737854003906,1.5
1708687858.223793745,1.0171793699264526367,1,-0.033064585179090499878,0,1.436962127685546875,1.5
1708687858.2743339539,1.0177478790283203125,1,-0.033016115427017211914,0,1.4362301826477050781,1.5
1708687858.3248753548,1.0188741683959960938,1,-0.033118348568677902222,0,1.4350240230560302734,1.5
1708687858.3754723072,1.0197734832763671875,1,-0.033166352659463882446,0,1.4343589544296264648,1.5
1708687858.4260113239,1.021058201789855957,1,-0.032617609947919845581,0,1.4334759712219238281,1.5
1708687858.476508379,1.0219150781631469727,1,-0.032710768282413482666,0,1.4330954551696777344,1.5
1708687858.5270624161,1.0232111215591430664,1,-0.032674401998519897461,0,1.4326646327972412109,1.5
1708687858.5775609016,1.0238171815872192383,1,-0.032600708305835723877,0,1.4328594207763671875,1.5
1708687858.6280543804,1.0248712301254272461,1,-0.032742716372013092041,0,1.4333602190017700195,1.5
1708687858.6786050797,1.0256354808807373047,1,-0.032852195203304290771,0,1.4336429834365844727,1.5
1708687858.7291228771,1.0266424417495727539,1,-0.033094208687543869019,0,1.4336484670639038086,1.5
1708687858.7796728611,1.0275778770446777344,1,-0.033629454672336578369,0,1.4334828853607177734,1.5
1708687858.8302423954,1.0291785001754760742,1,-0.034669309854507446289,0,1.4332278966903686523,1.5
1708687858.8807673454,1.0299493074417114258,1,-0.035151816904544830322,0,1.4331582784652709961,1.5
1708687858.9312973022,1.0314593315124511719,1,-0.036570664495229721069,0,1.4331140518188476562,1.5
1708687858.9818999767,1.031950831413269043,1,-0.036989610642194747925,0,1.4331252574920654297,1.5
1708687859.0324573517,1.0332581996917724609,1,-0.038219042122364044189,0,1.4330064058303833008,1.5
1708687859.0830245018,1.0338983535766601562,1,-0.039053220301866531372,0,1.4328768253326416016,1.5
1708687859.1335780621,1.0349965095520019531,1,-0.040618471801280975342,0,1.4326779842376708984,1.5
1708687859.1841681004,1.0352462530136108398,1,-0.041078228503465652466,0,1.432774662971496582,1.5
1708687859.2347254753,1.0359532833099365234,1,-0.042477283626794815063,0,1.433607935905456543,1.5
1708687859.2852723598,1.0363479852676391602,1,-0.043708726763725280762,0,1.4346789121627807617,1.5
1708687859.3358688354,1.0364471673965454102,1,-0.044527802616357803345,0,1.4353320598602294922,1.5
1708687859.3863692284,1.0366506576538085938,1,-0.046243738383054733276,0,1.4369688034057617188,1.5
1708687859.4369950294,1.0366771221160888672,1,-0.046858645975589752197,0,1.4377727508544921875,1.5
1708687859.4875979424,1.036167144775390625,1,-0.047584701329469680786,0,1.4393813610076904297,1.5
1708687859.5381631851,1.03572845458984375,1,-0.047882638871669769287,0,1.4401506185531616211,1.5
1708687859.588755846,1.0351189374923706055,1,-0.048163965344429016113,0,1.4410729408264160156,1.5
1708687859.6392791271,1.0345071554183959961,1,-0.047941770404577255249,0,1.4415580034255981445,1.5
1708687859.6898634434,1.0334031581878662109,1,-0.047895669937133789062,0,1.4423846006393432617,1.5
1708687859.7403995991,1.0329979658126831055,1,-0.048015426844358444214,0,1.4426606893539428711,1.5
1708687859.790984869,1.0320426225662231445,1,-0.048320479691028594971,0,1.4430251121520996094,1.5
1708687859.8414843082,1.0315886735916137695,1,-0.048308558762073516846,0,1.4431767463684082031,1.5
1708687859.891938448,1.0305353403091430664,1,-0.048809271305799484253,0,1.4432582855224609375,1.5
1708687859.9424068928,1.0303033590316772461,1,-0.049070984125137329102,0,1.4432059526443481445,1.5
1708687859.9930803776,1.0298283100128173828,1,-0.049717485904693603516,0,1.4428064823150634766,1.5
1708687860.043525219,1.0296702384948730469,1,-0.050111759454011917114,0,1.4425206184387207031,1.5
1708687860.0939967632,1.029742121696472168,1,-0.050839893519878387451,0,1.4421151876449584961,1.5
1708687860.1445093155,1.0297073125839233398,1,-0.051026403903961181641,0,1.4420406818389892578,1.5
1708687860.1950001717,1.0297869443893432617,1,-0.051493577659130096436,0,1.4416041374206542969,1.5
1708687860.2454068661,1.030007481575012207,1,-0.051838658750057220459,0,1.4411289691925048828,1.5
1708687860.295814991,1.0305056571960449219,1,-0.052282746881246566772,0,1.4405320882797241211,1.5
1708687860.346282959,1.0309665203094482422,1,-0.052744299173355102539,0,1.4400964975357055664,1.5
1708687860.3969073296,1.0319579839706420898,1,-0.053441692143678665161,0,1.4391942024230957031,1.5
1708687860.4475185871,1.0322180986404418945,1,-0.053530544042587280273,0,1.4389424324035644531,1.5
1708687860.4981355667,1.0333373546600341797,1,-0.054158039391040802002,0,1.438588261604309082,1.5
1708687860.5486752987,1.035015106201171875,1,-0.055044084787368774414,0,1.4380714893341064453,1.5
1708687860.5992255211,1.0359396934509277344,1,-0.055508363991975784302,0,1.4378427267074584961,1.5
1708687860.6497454643,1.037731170654296875,1,-0.056389637291431427002,0,1.4376370906829833984,1.5
1708687860.7003047466,1.0384521484375,1,-0.056486532092094421387,0,1.4376766681671142578,1.5
1708687860.7508261204,1.0398422479629516602,1,-0.056725889444351196289,0,1.437552332878112793,1.5
1708687860.8012752533,1.0407803058624267578,1,-0.056960411369800567627,0,1.4374582767486572266,1.5
1708687860.8518149853,1.0423688888549804688,1,-0.056998491287231445312,0,1.4369189739227294922,1.5
1708687860.9022655487,1.0430198907852172852,1,-0.057035025209188461304,0,1.4365205764770507812,1.5
1708687860.9527096748,1.0441755056381225586,1,-0.056504778563976287842,0,1.4359506368637084961,1.5
1708687861.0031440258,1.044530034065246582,1,-0.055856194347143173218,0,1.435937047004699707,1.5
1708687861.0535652637,1.044666290283203125,1,-0.054586511105298995972,0,1.4362204074859619141,1.5
1708687861.1039350033,1.0449495315551757812,1,-0.053992979228496551514,0,1.436228632926940918,1.5
1708687861.1544721127,1.0452066659927368164,1,-0.052519112825393676758,0,1.4362622499465942383,1.5
1708687861.2050411701,1.0449724197387695312,1,-0.05144430696964263916,0,1.436192631721496582,1.5
1708687861.2556078434,1.0448116064071655273,1,-0.049881994724273681641,0,1.4360841512680053711,1.5
1708687861.3062002659,1.0447216033935546875,1,-0.049262166023254394531,0,1.4361101388931274414,1.5
1708687861.3567652702,1.0445100069046020508,1,-0.048282582312822341919,0,1.4361898899078369141,1.5
1708687861.4074068069,1.043931126594543457,1,-0.046296406537294387817,0,1.4364025592803955078,1.5
1708687861.4579560757,1.0430582761764526367,1,-0.044269032776355743408,0,1.4368366003036499023,1.5
1708687861.5085198879,1.0424950122833251953,1,-0.043223850429058074951,0,1.4371323585510253906,1.5
1708687861.5590729713,1.0417461395263671875,1,-0.041845392435789108276,0,1.4373719692230224609,1.5
1708687861.6096551418,1.0412791967391967773,1,-0.041128952056169509888,0,1.4374344348907470703,1.5
1708687861.6602413654,1.040663599967956543,1,-0.040394116193056106567,0,1.4375836849212646484,1.5
1708687861.7107703686,1.0403138399124145508,1,-0.040111307054758071899,0,1.4376866817474365234,1.5
1708687861.7613060474,1.039829254150390625,1,-0.039747186005115509033,0,1.4378877878189086914,1.5
1708687861.8118565083,1.0396519899368286133,1,-0.039661452174186706543,0,1.4380407333374023438,1.5
1708687861.8624045849,1.0394090414047241211,1,-0.039635341614484786987,0,1.4383202791213989258,1.5
1708687861.9129638672,1.0393394231796264648,1,-0.039683219045400619507,0,1.4385603666305541992,1.5
1708687861.9635214806,1.0387177467346191406,1,-0.039204128086566925049,0,1.4391367435455322266,1.5
1708687862.0140814781,1.0383591651916503906,1,-0.039033614099025726318,0,1.4394382238388061523,1.5
1708687862.0646262169,1.0382351875305175781,1,-0.039273299276828765869,0,1.4396557807922363281,1.5
1708687862.1152038574,1.038510441780090332,1,-0.040048610419034957886,0,1.4399436712265014648,1.5
1708687862.1656982899,1.0391306877136230469,1,-0.0416506938636302948,0,1.439913630485534668,1.5
1708687862.2160847187,1.0395597219467163086,1,-0.042502880096435546875,0,1.4398889541625976562,1.5
1708687862.2665784359,1.0405944585800170898,1,-0.044443842023611068726,0,1.4395534992218017578,1.5
1708687862.3170747757,1.0412566661834716797,1,-0.045699562877416610718,0,1.4393988847732543945,1.5
1708687862.3676512241,1.0428251028060913086,1,-0.04858859628438949585,0,1.4391663074493408203,1.5
1708687862.4182026386,1.0433410406112670898,1,-0.049521014094352722168,0,1.4391305446624755859,1.5
1708687862.4687891006,1.0450711250305175781,1,-0.052831154316663742065,0,1.4391818046569824219,1.5
1708687862.5193662643,1.0459496974945068359,1,-0.054449398070573806763,0,1.4392817020416259766,1.5
1708687862.5700240135,1.047405242919921875,1,-0.057958729565143585205,0,1.4397960901260375977,1.5
1708687862.6206068993,1.0481591224670410156,1,-0.05980230867862701416,0,1.4402021169662475586,1.5
1708687862.6711826324,1.0496540069580078125,1,-0.063443101942539215088,0,1.4411128759384155273,1.5
1708687862.7217175961,1.0503876209259033203,1,-0.065198257565498352051,0,1.4415379762649536133,1.5
1708687862.7722878456,1.051699519157409668,1,-0.068491116166114807129,0,1.4422038793563842773,1.5
1708687862.8228120804,1.0527715682983398438,1,-0.070757471024990081787,0,1.4425143003463745117,1.5
1708687862.8733229637,1.0545972585678100586,1,-0.074811853468418121338,0,1.443467259407043457,1.5
1708687862.9238393307,1.0555934906005859375,1,-0.076893933117389678955,0,1.4439309835433959961,1.5
1708687862.9743726254,1.057107090950012207,1,-0.080456495285034179688,0,1.444965362548828125,1.5
1708687863.0248749256,1.0575268268585205078,1,-0.081498958170413970947,0,1.4452558755874633789,1.5
1708687863.0754039288,1.0590026378631591797,1,-0.084967151284217834473,0,1.446013331413269043,1.5
1708687863.1258916855,1.059876561164855957,1,-0.086706638336181640625,0,1.4463422298431396484,1.5
1708687863.1764600277,1.0609859228134155273,1,-0.089371554553508758545,0,1.4473711252212524414,1.5
1708687863.226940155,1.0613054037094116211,1,-0.090435132384300231934,0,1.4479845762252807617,1.5
1708687863.2774424553,1.0620818138122558594,1,-0.092352502048015594482,0,1.4486800432205200195,1.5
1708687863.3278987408,1.0621837377548217773,1,-0.092899374663829803467,0,1.4488242864608764648,1.5
1708687863.3783743382,1.0621607303619384766,1,-0.093898475170135498047,0,1.4489827156066894531,1.5
1708687863.4288878441,1.0622203350067138672,1,-0.094348274171352386475,0,1.4490060806274414062,1.5
1708687863.479414463,1.0621062517166137695,1,-0.09480486065149307251,0,1.4493452310562133789,1.5
1708687863.5299520493,1.0619809627532958984,1,-0.094896577298641204834,0,1.449555516242980957,1.5
1708687863.5804495811,1.0615665912628173828,1,-0.095245830714702606201,0,1.4497318267822265625,1.5
1708687863.6310031414,1.0615966320037841797,1,-0.095454104244709014893,0,1.44972991943359375,1.5
1708687863.6815719604,1.0613726377487182617,1,-0.095541946589946746826,0,1.4493345022201538086,1.5
1708687863.7321484089,1.0614377260208129883,1,-0.095726579427719116211,0,1.4488073587417602539,1.5
1708687863.7827248573,1.0616933107376098633,1,-0.09591604769229888916,0,1.4480837583541870117,1.5
1708687863.8332631588,1.0619465112686157227,1,-0.09560127556324005127,0,1.4475605487823486328,1.5
1708687863.8837347031,1.0621471405029296875,1,-0.095139525830745697021,0,1.4473199844360351562,1.5
1708687863.9341499805,1.0624145269393920898,1,-0.09441175311803817749,0,1.4469124078750610352,1.5
1708687863.9845707417,1.0625579357147216797,1,-0.093940310180187225342,0,1.4467407464981079102,1.5
1708687864.0350065231,1.0633753538131713867,1,-0.093402698636054992676,0,1.4457709789276123047,1.5
1708687864.0854129791,1.0639070272445678711,1,-0.093171939253807067871,0,1.4451956748962402344,1.5
1708687864.1358351707,1.0652868747711181641,1,-0.093023449182510375977,0,1.4435665607452392578,1.5
1708687864.1863033772,1.0660558938980102539,1,-0.092966303229331970215,0,1.4427268505096435547,1.5
1708687864.2367603779,1.0677378177642822266,1,-0.09252703934907913208,0,1.4410589933395385742,1.5
1708687864.2873225212,1.0683439970016479492,1,-0.092373453080654144287,0,1.4405694007873535156,1.5
1708687864.3378145695,1.0703806877136230469,1,-0.09218171238899230957,0,1.4393107891082763672,1.5
1708687864.3884012699,1.0716977119445800781,1,-0.092024922370910644531,0,1.4385344982147216797,1.5
1708687864.4389796257,1.0741803646087646484,1,-0.091262742877006530762,0,1.4370657205581665039,1.5
1708687864.4895162582,1.0754723548889160156,1,-0.091034531593322753906,0,1.4364348649978637695,1.5
1708687864.5401046276,1.0780366659164428711,1,-0.090521760284900665283,0,1.4354404211044311523,1.5
1708687864.5906300545,1.0789574384689331055,1,-0.090286888182163238525,0,1.4351909160614013672,1.5
1708687864.6411972046,1.0820002555847167969,1,-0.090031199157238006592,0,1.434607386589050293,1.5
1708687864.6917204857,1.0833019018173217773,1,-0.089764200150966644287,0,1.4345222711563110352,1.5
1708687864.7422709465,1.0858391523361206055,1,-0.089010640978813171387,0,1.4344295263290405273,1.5
1708687864.7928054333,1.0869063138961791992,1,-0.088610157370567321777,0,1.4345268011093139648,1.5
1708687864.8433740139,1.0883651971817016602,1,-0.087668091058731079102,0,1.4349373579025268555,1.5
1708687864.8939373493,1.0891635417938232422,1,-0.087071582674980163574,0,1.4353711605072021484,1.5
1708687864.9444720745,1.0908229351043701172,1,-0.086351566016674041748,0,1.4363691806793212891,1.5
1708687864.9950110912,1.0914437770843505859,1,-0.085887439548969268799,0,1.4370352029800415039,1.5
1708687865.0455856323,1.0926065444946289062,1,-0.08503869175910949707,0,1.4381731748580932617,1.5
1708687865.0961706638,1.0930389165878295898,1,-0.084530606865882873535,0,1.4386140108108520508,1.5
1708687865.1467440128,1.0940032005310058594,1,-0.083745315670967102051,0,1.4392582178115844727,1.5
1708687865.1972987652,1.0942662954330444336,1,-0.083398886024951934814,0,1.4395146369934082031,1.5
1708687865.2478411198,1.0952788591384887695,1,-0.08285598456859588623,0,1.439957737922668457,1.5
1708687865.2983696461,1.09563446044921875,1,-0.082496024668216705322,0,1.4401203393936157227,1.5
1708687865.348931551,1.0963826179504394531,1,-0.081664480268955230713,0,1.4405782222747802734,1.5
1708687865.3995988369,1.0965267419815063477,1,-0.080757416784763336182,0,1.4411232471466064453,1.5
1708687865.4501988888,1.0966740846633911133,1,-0.080444090068340301514,0,1.4415212869644165039,1.5
1708687865.5007872581,1.0972554683685302734,1,-0.080258548259735107422,0,1.4423187971115112305,1.5
1708687865.5513503551,1.0975717306137084961,1,-0.080305539071559906006,0,1.4426164627075195312,1.5
1708687865.6019747257,1.0983549356460571289,1,-0.080824203789234161377,0,1.4430627822875976562,1.5
1708687865.6525909901,1.0987104177474975586,1,-0.08112917095422744751,0,1.443165898323059082,1.5
1708687865.7031600475,1.0991348028182983398,1,-0.081641323864459991455,0,1.4431250095367431641,1.5
1708687865.7536890507,1.1001762151718139648,1,-0.082984499633312225342,0,1.4431138038635253906,1.5
1708687865.8042128086,1.1007269620895385742,1,-0.083996184170246124268,0,1.4434046745300292969,1.5
1708687865.8547263145,1.1009900569915771484,1,-0.084488257765769958496,0,1.4435479640960693359,1.5
1708687865.905230999,1.1017172336578369141,1,-0.08599627763032913208,0,1.4436237812042236328,1.5
1708687865.9557533264,1.1021851301193237305,1,-0.086839079856872558594,0,1.4436447620391845703,1.5
1708687866.0062992573,1.1030112504959106445,1,-0.088064022362232208252,0,1.4438157081604003906,1.5
1708687866.056801796,1.103612065315246582,1,-0.088913880288600921631,0,1.4439054727554321289,1.5
1708687866.10744977,1.1046640872955322266,1,-0.090177811682224273682,0,1.4441857337951660156,1.5
1708687866.1580636501,1.10518646240234375,1,-0.090841911733150482178,0,1.4445881843566894531,1.5
1708687866.2086393833,1.1060833930969238281,1,-0.09172299504280090332,0,1.4456316232681274414,1.5
1708687866.2591760159,1.1065503358840942383,1,-0.092214204370975494385,0,1.4462733268737792969,1.5
1708687866.309725523,1.107255101203918457,1,-0.092767201364040374756,0,1.4476702213287353516,1.5
1708687866.3603572845,1.1073845624923706055,1,-0.092791505157947540283,0,1.4479954242706298828,1.5
1708687866.4108362198,1.1074571609497070312,1,-0.092230051755905151367,0,1.4486827850341796875,1.5
1708687866.4613242149,1.1073576211929321289,1,-0.091925501823425292969,0,1.449067234992980957,1.5
1708687866.5117971897,1.106792449951171875,1,-0.09090986102819442749,0,1.4499008655548095703,1.5
1708687866.5623192787,1.1064215898513793945,1,-0.09013481438159942627,0,1.4502135515213012695,1.5
1708687866.6129090786,1.1057412624359130859,1,-0.088887505233287811279,0,1.4504834413528442383,1.5
1708687866.663485527,1.1050542593002319336,1,-0.087832279503345489502,0,1.4510403871536254883,1.5
1708687866.7140681744,1.1041959524154663086,1,-0.086237356066703796387,0,1.4517059326171875,1.5
1708687866.7646148205,1.1036710739135742188,1,-0.085319533944129943848,0,1.4521116018295288086,1.5
1708687866.8151497841,1.1023471355438232422,1,-0.083039350807666778564,0,1.4526345729827880859,1.5
1708687866.8656718731,1.1016722917556762695,1,-0.082034774124622344971,0,1.4528337717056274414,1.5
1708687866.9161994457,1.1002681255340576172,1,-0.079595394432544708252,0,1.4532158374786376953,1.5
1708687866.9667277336,1.099532008171081543,1,-0.078125111758708953857,0,1.4531850814819335938,1.5
1708687867.0172479153,1.0979609489440917969,1,-0.075566023588180541992,0,1.4529902935028076172,1.5
1708687867.0676789284,1.0960805416107177734,1,-0.072719939053058624268,0,1.4528963565826416016,1.5
1708687867.1180975437,1.0950386524200439453,1,-0.07110671699047088623,0,1.452950596809387207,1.5
1708687867.1685652733,1.0926544666290283203,1,-0.067227467894554138184,0,1.452939152717590332,1.5
1708687867.2190480232,1.0916513204574584961,1,-0.065628327429294586182,0,1.4525597095489501953,1.5
1708687867.2694532871,1.090178370475769043,1,-0.063066631555557250977,0,1.452251434326171875,1.5
1708687867.319883585,1.0891363620758056641,1,-0.060984004288911819458,0,1.4518147706985473633,1.5
1708687867.3703949451,1.0878844261169433594,1,-0.058656696230173110962,0,1.451121211051940918,1.5
1708687867.4209558964,1.0872488021850585938,1,-0.057362161576747894287,0,1.4506943225860595703,1.5
1708687867.4715073109,1.0858080387115478516,1,-0.05466202273964881897,0,1.4501868486404418945,1.5
1708687867.5219848156,1.0851256847381591797,1,-0.053401835262775421143,0,1.4499666690826416016,1.5
1708687867.5725002289,1.0840487480163574219,1,-0.051348503679037094116,0,1.4494918584823608398,1.5
1708687867.6230666637,1.0832614898681640625,1,-0.049920901656150817871,0,1.4492822885513305664,1.5
1708687867.6736299992,1.0818074941635131836,1,-0.04748241230845451355,0,1.4488664865493774414,1.5
1708687867.724173069,1.0810368061065673828,1,-0.046365492045879364014,0,1.4486578702926635742,1.5
1708687867.7747046947,1.0795284509658813477,1,-0.043863534927368164062,0,1.4481524229049682617,1.5
1708687867.8252413273,1.0789549350738525391,1,-0.042786080390214920044,0,1.4476906061172485352,1.5
1708687867.8757929802,1.0780340433120727539,1,-0.04099950939416885376,0,1.4469183683395385742,1.5
1708687867.9263195992,1.0775101184844970703,1,-0.040072672069072723389,0,1.4466241598129272461,1.5
1708687867.976837635,1.0768079757690429688,1,-0.038552716374397277832,0,1.4463613033294677734,1.5
1708687868.0273985863,1.0764082670211791992,1,-0.037702120840549468994,0,1.4466817378997802734,1.5
1708687868.0779747963,1.0766162872314453125,1,-0.03730929642915725708,0,1.4469903707504272461,1.5
1708687868.1285071373,1.0770088434219360352,1,-0.037469733506441116333,0,1.4472267627716064453,1.5
1708687868.1790800095,1.0777868032455444336,1,-0.037790372967720031738,0,1.4475921392440795898,1.5
1708687868.2296180725,1.0782294273376464844,1,-0.037866804748773574829,0,1.4476361274719238281,1.5
1708687868.2801697254,1.078890681266784668,1,-0.037875585258007049561,0,1.4480042457580566406,1.5
1708687868.3307080269,1.0794495344161987305,1,-0.037801522761583328247,0,1.4481093883514404297,1.5
1708687868.3812479973,1.0804369449615478516,1,-0.037815809249877929688,0,1.4484853744506835938,1.5
1708687868.4320845604,1.0810074806213378906,1,-0.037668574601411819458,0,1.4486565589904785156,1.5
1708687868.4826569557,1.0819668769836425781,1,-0.03708033636212348938,0,1.4492592811584472656,1.5
1708687868.5332317352,1.082996368408203125,1,-0.036326177418231964111,0,1.4497618675231933594,1.5
1708687868.5837888718,1.083216547966003418,1,-0.035950623452663421631,0,1.4498720169067382812,1.5
1708687868.6343660355,1.0835325717926025391,1,-0.035248331725597381592,0,1.4499084949493408203,1.5
1708687868.6849570274,1.0844167470932006836,1,-0.034086272120475769043,0,1.4497475624084472656,1.5
1708687868.7354638577,1.0848811864852905273,1,-0.033514566719532012939,0,1.4495698213577270508,1.5
