1708688086.0430381298,-0.13855560123920440674,1,-0.32614344358444213867,0,1.1276634931564331055,1.5
1708688086.0936443806,-0.14080917835235595703,1,-0.33102348446846008301,0,1.1162227392196655273,1.5
1708688086.1441147327,-0.14532801508903503418,1,-0.34050610661506652832,0,1.0935524702072143555,1.5
1708688086.1945714951,-0.14734095335006713867,1,-0.34550645947456359863,0,1.082297205924987793,1.5
1708688086.2449855804,-0.14527022838592529297,1,-0.35403481125831604004,0,1.0667170286178588867,1.5
1708688086.2954258919,-0.14376397430896759033,1,-0.35642573237419128418,0,1.064522862434387207,1.5
1708688086.3458833694,-0.13611364364624023438,1,-0.36328977346420288086,0,1.0682677030563354492,1.5
1708688086.3963472843,-0.1210219264030456543,1,-0.36829262971878051758,0,1.0870006084442138672,1.5
1708688086.4468901157,-0.11076499521732330322,1,-0.36986994743347167969,0,1.1004264354705810547,1.5
1708688086.4974803925,-0.085165932774543762207,1,-0.37122738361358642578,0,1.1340154409408569336,1.5
1708688086.5479643345,-0.070495948195457458496,1,-0.37109988927841186523,0,1.1526228189468383789,1.5
1708688086.5984477997,-0.042424481362104415894,1,-0.3698145747184753418,0,1.1866880655288696289,1.5
1708688086.6489470005,-0.024795625358819961548,1,-0.36844053864479064941,0,1.2067329883575439453,1.5
1708688086.6994452477,0.013588463887572288513,1,-0.36457467079162597656,0,1.2469570636749267578,1.5
1708688086.7499582767,0.041098374873399734497,1,-0.36127817630767822266,0,1.2733763456344604492,1.5
1708688086.8004527092,0.075091697275638580322,1,-0.35600569844245910645,0,1.3039646148681640625,1.5
1708688086.8509442806,0.097106888890266418457,1,-0.35224080085754394531,0,1.322417140007019043,1.5
1708688086.9014854431,0.13240997493267059326,1,-0.34534785151481628418,0,1.3501683473587036133,1.5
1708688086.9521043301,0.16093981266021728516,1,-0.33929285407066345215,0,1.3707696199417114258,1.5
1708688087.0026922226,0.19620698690414428711,1,-0.33089771866798400879,0,1.3938726186752319336,1.5
1708688087.0532221794,0.21739627420902252197,1,-0.32563626766204833984,0,1.4064984321594238281,1.5
1708688087.1037185192,0.25911974906921386719,1,-0.31556180119514465332,0,1.4277435541152954102,1.5
1708688087.1542439461,0.27997508645057678223,1,-0.31075662374496459961,0,1.4367161989212036133,1.5
1708688087.2048604488,0.31364905834197998047,1,-0.30285161733627319336,0,1.4494937658309936523,1.5
1708688087.2554066181,0.33316853642463684082,1,-0.29854890704154968262,0,1.4555916786193847656,1.5
1708688087.3059682846,0.37186789512634277344,1,-0.29013258218765258789,0,1.4651979207992553711,1.5
1708688087.356524229,0.38992416858673095703,1,-0.28619751334190368652,0,1.4688830375671386719,1.5
1708688087.407033205,0.42571929097175598145,1,-0.27905604243278503418,0,1.4747445583343505859,1.5
1708688087.4574735165,0.44220343232154846191,1,-0.27571165561676025391,0,1.4766801595687866211,1.5
1708688087.5079228878,0.46894273161888122559,1,-0.27011829614639282227,0,1.4790815114974975586,1.5
1708688087.5583102703,0.48358184099197387695,1,-0.26737684011459350586,0,1.4795422554016113281,1.5
1708688087.6087064743,0.51088857650756835938,1,-0.2620194554328918457,0,1.4791839122772216797,1.5
1708688087.6591427326,0.52347141504287719727,1,-0.25938698649406433105,0,1.4787806272506713867,1.5
1708688087.7095191479,0.54725891351699829102,1,-0.25534722208976745605,0,1.4770678281784057617,1.5
1708688087.7598996162,0.55842477083206176758,1,-0.25337833166122436523,0,1.4760304689407348633,1.5
1708688087.8103048801,0.57462072372436523438,1,-0.25077667832374572754,0,1.4736315011978149414,1.5
1708688087.860667944,0.58447039127349853516,1,-0.24933794140815734863,0,1.4722855091094970703,1.5
1708688087.9110841751,0.60071825981140136719,1,-0.24625851213932037354,0,1.4695270061492919922,1.5
1708688087.9616234303,0.60811430215835571289,1,-0.24518536031246185303,0,1.4680380821228027344,1.5
1708688088.0121226311,0.62181442975997924805,1,-0.24310946464538574219,0,1.4655816555023193359,1.5
1708688088.0625939369,0.6275482177734375,1,-0.24195335805416107178,0,1.4643067121505737305,1.5
1708688088.1131157875,0.63703006505966186523,1,-0.24035204946994781494,0,1.462176203727722168,1.5
1708688088.1637401581,0.64720833301544189453,1,-0.23937077820301055908,0,1.4593384265899658203,1.5
1708688088.2142522335,0.65179181098937988281,1,-0.23906695842742919922,0,1.4578900337219238281,1.5
1708688088.2647008896,0.66064238548278808594,1,-0.23857603967189788818,0,1.4556230306625366211,1.5
1708688088.3151507378,0.66480147838592529297,1,-0.23835149407386779785,0,1.4545829296112060547,1.5
1708688088.3656299114,0.67223834991455078125,1,-0.23806972801685333252,0,1.4526197910308837891,1.5
1708688088.4160439968,0.67614465951919555664,1,-0.23786361515522003174,0,1.4520823955535888672,1.5
1708688088.4664750099,0.68179798126220703125,1,-0.2377004772424697876,0,1.4509621858596801758,1.5
1708688088.5169732571,0.68501514196395874023,1,-0.23758174479007720947,0,1.4507378339767456055,1.5
1708688088.5674898624,0.69231998920440673828,1,-0.2372732013463973999,0,1.4509583711624145508,1.5
1708688088.6180312634,0.69534742832183837891,1,-0.23732742667198181152,0,1.4507849216461181641,1.5
1708688088.6685283184,0.70184928178787231445,1,-0.23731319606304168701,0,1.4510130882263183594,1.5
1708688088.7190136909,0.70402789115905761719,1,-0.23720352351665496826,0,1.4511526823043823242,1.5
1708688088.7695229053,0.71157914400100708008,1,-0.23694756627082824707,0,1.4519846439361572266,1.5
1708688088.8200058937,0.71381872892379760742,1,-0.23706507682800292969,0,1.4522963762283325195,1.5
1708688088.8705191612,0.72057545185089111328,1,-0.23729994893074035645,0,1.4530024528503417969,1.5
1708688088.9211258888,0.72385710477828979492,1,-0.2374111860990524292,0,1.4533584117889404297,1.5
1708688088.9717218876,0.73082470893859863281,1,-0.23795107007026672363,0,1.454091191291809082,1.5
1708688089.022206068,0.73332792520523071289,1,-0.23800042271614074707,0,1.4545165300369262695,1.5
1708688089.0726811886,0.74093323945999145508,1,-0.23912404477596282959,0,1.4553408622741699219,1.5
1708688089.1231825352,0.74462974071502685547,1,-0.23968669772148132324,0,1.4559372663497924805,1.5
1708688089.1738679409,0.75276160240173339844,1,-0.24134935438632965088,0,1.4571281671524047852,1.5
1708688089.2243788242,0.75703698396682739258,1,-0.242212638258934021,0,1.4576905965805053711,1.5
1708688089.2747929096,0.76583528518676757812,1,-0.24409477412700653076,0,1.4583799839019775391,1.5
1708688089.3253118992,0.77027934789657592773,1,-0.24499306082725524902,0,1.4585773944854736328,1.5
1708688089.3758306503,0.77799856662750244141,1,-0.2464339137077331543,0,1.4589684009552001953,1.5
1708688089.4264850616,0.78233397006988525391,1,-0.24702958762645721436,0,1.4591245651245117188,1.5
1708688089.476931572,0.7917378544807434082,1,-0.24881960451602935791,0,1.4596712589263916016,1.5
1708688089.5274281502,0.79635375738143920898,1,-0.24987931549549102783,0,1.4600677490234375,1.5
1708688089.5780117512,0.80470395088195800781,1,-0.25128212571144104004,0,1.4611595869064331055,1.5
1708688089.6285448074,0.80909961462020874023,1,-0.25210353732109069824,0,1.4617220163345336914,1.5
1708688089.6790614128,0.8174960017204284668,1,-0.25309646129608154297,0,1.4627679586410522461,1.5
1708688089.7295734882,0.82395589351654052734,1,-0.25353232026100158691,0,1.4637528657913208008,1.5
1708688089.7799994946,0.82769358158111572266,1,-0.25359079241752624512,0,1.464163661003112793,1.5
1708688089.8304862976,0.834941864013671875,1,-0.25310376286506652832,0,1.4646271467208862305,1.5
1708688089.8809661865,0.83813863992691040039,1,-0.25282403826713562012,0,1.4647886753082275391,1.5
1708688089.9314231873,0.84357535839080810547,1,-0.25257331132888793945,0,1.4648568630218505859,1.5
1708688089.9819011688,0.84668439626693725586,1,-0.25268095731735229492,0,1.4648699760437011719,1.5
1708688090.0324356556,0.85224330425262451172,1,-0.25236642360687255859,0,1.4651683568954467773,1.5
1708688090.0830037594,0.85461711883544921875,1,-0.25207167863845825195,0,1.4654293060302734375,1.5
1708688090.1335504055,0.85916876792907714844,1,-0.25189042091369628906,0,1.4658603668212890625,1.5
1708688090.1840958595,0.86111652851104736328,1,-0.25147679448127746582,0,1.4662492275238037109,1.5
1708688090.2347314358,0.86405199766159057617,1,-0.25074017047882080078,0,1.4670732021331787109,1.5
1708688090.2853186131,0.8657436370849609375,1,-0.2503604888916015625,0,1.4675105810165405273,1.5
1708688090.3358733654,0.86897754669189453125,1,-0.24971631169319152832,0,1.4683572053909301758,1.5
1708688090.3864152431,0.87062996625900268555,1,-0.24951888620853424072,0,1.4687353372573852539,1.5
1708688090.4369688034,0.87383615970611572266,1,-0.24924479424953460693,0,1.4694232940673828125,1.5
1708688090.4875154495,0.87527877092361450195,1,-0.24897423386573791504,0,1.4696470499038696289,1.5
1708688090.5380883217,0.87768137454986572266,1,-0.24857559800148010254,0,1.4698398113250732422,1.5
1708688090.58862257,0.87944006919860839844,1,-0.24799057841300964355,0,1.4700068235397338867,1.5
1708688090.6391880512,0.88199311494827270508,1,-0.24714796245098114014,0,1.4702893495559692383,1.5
1708688090.6897339821,0.88277709484100341797,1,-0.24687664210796356201,0,1.4703152179718017578,1.5
1708688090.7402901649,0.88492733240127563477,1,-0.24591057002544403076,0,1.4699833393096923828,1.5
1708688090.7908267975,0.88616263866424560547,1,-0.24565163254737854004,0,1.4697868824005126953,1.5
1708688090.8413946629,0.88829934597015380859,1,-0.24501752853393554688,0,1.4694620370864868164,1.5
1708688090.8919253349,0.88935542106628417969,1,-0.2448043525218963623,0,1.4694647789001464844,1.5
1708688090.9424552917,0.89149975776672363281,1,-0.24431337416172027588,0,1.4697207212448120117,1.5
1708688090.9930315018,0.89240068197250366211,1,-0.24444527924060821533,0,1.4696756601333618164,1.5
1708688091.043636322,0.89376246929168701172,1,-0.24445745348930358887,0,1.4698998928070068359,1.5
1708688091.0942029953,0.89623099565505981445,1,-0.24436187744140625,0,1.4704467058181762695,1.5
1708688091.1446764469,0.89932101964950561523,1,-0.2449369579553604126,0,1.4705139398574829102,1.5
1708688091.195212841,0.90217190980911254883,1,-0.24604587256908416748,0,1.470315098762512207,1.5
1708688091.2458384037,0.90396231412887573242,1,-0.24672871828079223633,0,1.4702379703521728516,1.5
1708688091.2963347435,0.90769141912460327148,1,-0.24870505928993225098,0,1.4702049493789672852,1.5
1708688091.3468532562,0.90960484743118286133,1,-0.24979215860366821289,0,1.4702029228210449219,1.5
1708688091.397356987,0.91299229860305786133,1,-0.25148928165435791016,0,1.4699642658233642578,1.5
1708688091.4478211403,0.91469401121139526367,1,-0.25243175029754638672,0,1.4697650671005249023,1.5
1708688091.4983007908,0.91743063926696777344,1,-0.25385078787803649902,0,1.4695852994918823242,1.5
1708688091.5487618446,0.91920971870422363281,1,-0.25462949275970458984,0,1.4699492454528808594,1.5
1708688091.5992803574,0.92156076431274414062,1,-0.25588846206665039062,0,1.4707078933715820312,1.5
1708688091.649831295,0.92269933223724365234,1,-0.2563845217227935791,0,1.4711558818817138672,1.5
1708688091.7003164291,0.9240468144416809082,1,-0.25633695721626281738,0,1.4718675613403320312,1.5
1708688091.7508516312,0.92471241950988769531,1,-0.25629186630249023438,0,1.4721014499664306641,1.5
1708688091.8014047146,0.92608290910720825195,1,-0.25645652413368225098,0,1.4721941947937011719,1.5
1708688091.851965189,0.92661398649215698242,1,-0.25630423426628112793,0,1.4724068641662597656,1.5
1708688091.9024891853,0.92776405811309814453,1,-0.25614118576049804688,0,1.4728252887725830078,1.5
1708688091.9530074596,0.92831510305404663086,1,-0.25604444742202758789,0,1.4730050563812255859,1.5
1708688092.003595829,0.92895597219467163086,1,-0.25548100471496582031,0,1.4731886386871337891,1.5
1708688092.0541610718,0.9294115900993347168,1,-0.25538590550422668457,0,1.473164677619934082,1.5
1708688092.104631424,0.93012768030166625977,1,-0.25543317198753356934,0,1.4733422994613647461,1.5
1708688092.1551704407,0.93041306734085083008,1,-0.25541985034942626953,0,1.4733163118362426758,1.5
1708688092.205739975,0.93085598945617675781,1,-0.25547870993614196777,0,1.4734842777252197266,1.5
1708688092.2562816143,0.9312070012092590332,1,-0.25570669770240783691,0,1.4734891653060913086,1.5
1708688092.3068664074,0.93225336074829101562,1,-0.25662559270858764648,0,1.4731057882308959961,1.5
1708688092.357416153,0.93254429101943969727,1,-0.2567641139030456543,0,1.4729306697845458984,1.5
1708688092.407992363,0.93298667669296264648,1,-0.25686028599739074707,0,1.4726604223251342773,1.5
1708688092.4584984779,0.93334144353866577148,1,-0.25698313117027282715,0,1.4725120067596435547,1.5
1708688092.5090725422,0.93432885408401489258,1,-0.25719332695007324219,0,1.4720904827117919922,1.5
1708688092.5596337318,0.93478387594223022461,1,-0.25709462165832519531,0,1.471976161003112793,1.5
1708688092.6101858616,0.93577200174331665039,1,-0.25671550631523132324,0,1.4716849327087402344,1.5
1708688092.6607189178,0.93609863519668579102,1,-0.25624886155128479004,0,1.4715780019760131836,1.5
1708688092.7112748623,0.93715101480484008789,1,-0.25614079833030700684,0,1.4709235429763793945,1.5
1708688092.7618091106,0.93785142898559570312,1,-0.25614133477210998535,0,1.4705460071563720703,1.5
1708688092.8123393059,0.93912929296493530273,1,-0.25587767362594604492,0,1.4697115421295166016,1.5
1708688092.862790823,0.9398320317268371582,1,-0.25583133101463317871,0,1.469374537467956543,1.5
1708688092.9132494926,0.94171380996704101562,1,-0.25647059082984924316,0,1.4685536623001098633,1.5
1708688092.963706255,0.94238489866256713867,1,-0.25634852051734924316,0,1.4682164192199707031,1.5
1708688093.0144369602,0.94321233034133911133,1,-0.25553900003433227539,0,1.467690587043762207,1.5
1708688093.0651733875,0.94434154033660888672,1,-0.25458025932312011719,0,1.467036128044128418,1.5
1708688093.115629673,0.94489216804504394531,1,-0.25400969386100769043,0,1.4666001796722412109,1.5
1708688093.1660773754,0.94606691598892211914,1,-0.25274437665939331055,0,1.4657638072967529297,1.5
1708688093.2165732384,0.94685763120651245117,1,-0.25219079852104187012,0,1.4652159214019775391,1.5
1708688093.2670378685,0.94813108444213867188,1,-0.25085923075675964355,0,1.4641699790954589844,1.5
1708688093.3174905777,0.94849145412445068359,1,-0.25026029348373413086,0,1.4639954566955566406,1.5
1708688093.3679654598,0.94972944259643554688,1,-0.24825581908226013184,0,1.4635004997253417969,1.5
1708688093.418484211,0.95011252164840698242,1,-0.2470124661922454834,0,1.4633501768112182617,1.5
1708688093.4690506458,0.9503612518310546875,1,-0.24410443007946014404,0,1.4633775949478149414,1.5
1708688093.5196192265,0.9504159092903137207,1,-0.24255175888538360596,0,1.4630761146545410156,1.5
1708688093.5702075958,0.95013260841369628906,1,-0.23892085254192352295,0,1.4621318578720092773,1.5
1708688093.6207513809,0.95000988245010375977,1,-0.23772910237312316895,0,1.4618310928344726562,1.5
1708688093.6712915897,0.94970124959945678711,1,-0.2345205843448638916,0,1.4608681201934814453,1.5
1708688093.7217879295,0.94954752922058105469,1,-0.23300407826900482178,0,1.4603914022445678711,1.5
1708688093.7722563744,0.94904863834381103516,1,-0.2300662994384765625,0,1.4598021507263183594,1.5
1708688093.8226714134,0.94882601499557495117,1,-0.22910241782665252686,0,1.4596294164657592773,1.5
1708688093.873114109,0.94814538955688476562,1,-0.22565495967864990234,0,1.459139704704284668,1.5
1708688093.9235403538,0.94766163825988769531,1,-0.22391343116760253906,0,1.4589735269546508789,1.5
1708688093.9740128517,0.94706958532333374023,1,-0.22088600695133209229,0,1.4583736658096313477,1.5
1708688094.0244367123,0.94677639007568359375,1,-0.21941396594047546387,0,1.4580053091049194336,1.5
1708688094.0748491287,0.94646865129470825195,1,-0.21677164733409881592,0,1.4571359157562255859,1.5
1708688094.1252887249,0.94631016254425048828,1,-0.21547940373420715332,0,1.4569499492645263672,1.5
1708688094.1757395267,0.94627302885055541992,1,-0.21354424953460693359,0,1.4568419456481933594,1.5
1708688094.2262103558,0.9460964202880859375,1,-0.21244609355926513672,0,1.4568142890930175781,1.5
1708688094.2767250538,0.94604450464248657227,1,-0.21060295403003692627,0,1.4565484523773193359,1.5
1708688094.3273243904,0.94606161117553710938,1,-0.2100575864315032959,0,1.4563492536544799805,1.5
1708688094.3779327869,0.94562143087387084961,1,-0.20822265744209289551,0,1.456648707389831543,1.5
1708688094.4284594059,0.94517421722412109375,1,-0.20683687925338745117,0,1.4572229385375976562,1.5
1708688094.4790260792,0.94483339786529541016,1,-0.20590613782405853271,0,1.4576169252395629883,1.5
1708688094.5296497345,0.94467568397521972656,1,-0.20536756515502929688,0,1.4578727483749389648,1.5
1708688094.5801925659,0.94390130043029785156,1,-0.20336586236953735352,0,1.4586665630340576172,1.5
1708688094.6307318211,0.94318848848342895508,1,-0.20210716128349304199,0,1.4590142965316772461,1.5
1708688094.681248188,0.94279366731643676758,1,-0.20138056576251983643,0,1.4591013193130493164,1.5
1708688094.7317721844,0.94242739677429199219,1,-0.20071628689765930176,0,1.4591348171234130859,1.5
1708688094.7822854519,0.94183969497680664062,1,-0.19979268312454223633,0,1.4592627286911010742,1.5
1708688094.8327600956,0.94121152162551879883,1,-0.19877925515174865723,0,1.4593032598495483398,1.5
1708688094.8831908703,0.94088339805603027344,1,-0.19833391904830932617,0,1.4592438936233520508,1.5
1708688094.9336433411,0.94025129079818725586,1,-0.19748942553997039795,0,1.4586447477340698242,1.5
1708688094.9841325283,0.93989962339401245117,1,-0.19705465435981750488,0,1.4583469629287719727,1.5
1708688095.0346353054,0.9391600489616394043,1,-0.1961097419261932373,0,1.4577277898788452148,1.5
1708688095.0855853558,0.93898606300354003906,1,-0.19592560827732086182,0,1.4574820995330810547,1.5
1708688095.1360328197,0.93871527910232543945,1,-0.19547271728515625,0,1.4572578668594360352,1.5
1708688095.1865050793,0.93849778175354003906,1,-0.19519791007041931152,0,1.4570387601852416992,1.5
1708688095.236995697,0.93774253129959106445,1,-0.1942567676305770874,0,1.4564602375030517578,1.5
1708688095.2874903679,0.9372463226318359375,1,-0.19379262626171112061,0,1.4562294483184814453,1.5
1708688095.3380999565,0.93592131137847900391,1,-0.19247895479202270508,0,1.4562532901763916016,1.5
1708688095.3886685371,0.9351832270622253418,1,-0.19172212481498718262,0,1.4563518762588500977,1.5
1708688095.4392166138,0.93397194147109985352,1,-0.1911602318286895752,0,1.4563877582550048828,1.5
1708688095.4897620678,0.93369460105895996094,1,-0.19110989570617675781,0,1.4562461376190185547,1.5
1708688095.5403525829,0.93317568302154541016,1,-0.19136340916156768799,0,1.4553828239440917969,1.5
1708688095.5908634663,0.9329846501350402832,1,-0.19166141748428344727,0,1.4549036026000976562,1.5
1708688095.6414067745,0.93278467655181884766,1,-0.19225698709487915039,0,1.4536298513412475586,1.5
1708688095.6919596195,0.93288707733154296875,1,-0.19277633726596832275,0,1.4528070688247680664,1.5
1708688095.7425134182,0.93341434001922607422,1,-0.19422028958797454834,0,1.4515166282653808594,1.5
1708688095.7930603027,0.93451827764511108398,1,-0.19669717550277709961,0,1.4503297805786132812,1.5
1708688095.8434610367,0.93499124050140380859,1,-0.19796299934387207031,0,1.4499011039733886719,1.5
1708688095.89392066,0.9354457855224609375,1,-0.19905322790145874023,0,1.4494395256042480469,1.5
1708688095.9444298744,0.93650841712951660156,1,-0.20191375911235809326,0,1.448447108268737793,1.5
1708688095.9948372841,0.93704736232757568359,1,-0.20430873334407806396,0,1.4478211402893066406,1.5
1708688096.0453073978,0.93718659877777099609,1,-0.20563341677188873291,0,1.4474878311157226562,1.5
1708688096.0958082676,0.93741321563720703125,1,-0.20812438428401947021,0,1.4471027851104736328,1.5
1708688096.1462640762,0.93738412857055664062,1,-0.2093658447265625,0,1.4469449520111083984,1.5
1708688096.1968233585,0.93761283159255981445,1,-0.21183829009532928467,0,1.4466058015823364258,1.5
1708688096.2474255562,0.93749350309371948242,1,-0.21292853355407714844,0,1.4466241598129272461,1.5
1708688096.2979941368,0.93724018335342407227,1,-0.21469077467918395996,0,1.4467560052871704102,1.5
1708688096.348555088,0.93686956167221069336,1,-0.21545249223709106445,0,1.4469510316848754883,1.5
1708688096.3991627693,0.93587064743041992188,1,-0.21675992012023925781,0,1.4472315311431884766,1.5
1708688096.4497563839,0.93561244010925292969,1,-0.21768043935298919678,0,1.4473270177841186523,1.5
1708688096.5003175735,0.93502050638198852539,1,-0.21965648233890533447,0,1.4474462270736694336,1.5
1708688096.5509552956,0.93443059921264648438,1,-0.2202180027961730957,0,1.4475589990615844727,1.5
1708688096.6015291214,0.93330991268157958984,1,-0.22104448080062866211,0,1.4478948116302490234,1.5
1708688096.6520390511,0.93252569437026977539,1,-0.22195148468017578125,0,1.4481629133224487305,1.5
1708688096.702542305,0.93171101808547973633,1,-0.2233953624963760376,0,1.4483563899993896484,1.5
1708688096.7529959679,0.93131184577941894531,1,-0.2244173884391784668,0,1.4484689235687255859,1.5
1708688096.8034367561,0.93018871545791625977,1,-0.22605527937412261963,0,1.4489464759826660156,1.5
1708688096.8541367054,0.92945379018783569336,1,-0.22665427625179290771,0,1.4493972063064575195,1.5
1708688096.9046225548,0.92832601070404052734,1,-0.22765219211578369141,0,1.4502252340316772461,1.5
1708688096.9550487995,0.92742317914962768555,1,-0.22837255895137786865,0,1.4510799646377563477,1.5
1708688097.0055172443,0.92665040493011474609,1,-0.22951649129390716553,0,1.4517223834991455078,1.5
1708688097.0560331345,0.92615169286727905273,1,-0.23029208183288574219,0,1.4518572092056274414,1.5
1708688097.1067237854,0.92500859498977661133,1,-0.23178896307945251465,0,1.452036738395690918,1.5
1708688097.1574001312,0.92416816949844360352,1,-0.23204810917377471924,0,1.4519555568695068359,1.5
1708688097.2079586983,0.92285919189453125,1,-0.23263436555862426758,0,1.4516342878341674805,1.5
1708688097.2585382462,0.92175316810607910156,1,-0.2330458909273147583,0,1.4513888359069824219,1.5
1708688097.309163332,0.92039018869400024414,1,-0.23299774527549743652,0,1.4510000944137573242,1.5
1708688097.3597073555,0.91968786716461181641,1,-0.23287822306156158447,0,1.4505896568298339844,1.5
1708688097.4103748798,0.91825973987579345703,1,-0.23235902190208435059,0,1.4496951103210449219,1.5
1708688097.4608504772,0.91744226217269897461,1,-0.2318677753210067749,0,1.4492652416229248047,1.5
1708688097.5114302635,0.91619539260864257812,1,-0.23149761557579040527,0,1.4487736225128173828,1.5
1708688097.5619494915,0.91524004936218261719,1,-0.23112468421459197998,0,1.4486190080642700195,1.5
1708688097.6124448776,0.91432970762252807617,1,-0.23093640804290771484,0,1.4484425783157348633,1.5
1708688097.6630105972,0.91339886188507080078,1,-0.2306527942419052124,0,1.4484364986419677734,1.5
1708688097.7135264874,0.91275691986083984375,1,-0.23024959862232208252,0,1.4483277797698974609,1.5
1708688097.7640607357,0.91113162040710449219,1,-0.22910071909427642822,0,1.4485939741134643555,1.5
1708688097.8145914078,0.91058778762817382812,1,-0.22880664467811584473,0,1.4488292932510375977,1.5
1708688097.865126133,0.90900450944900512695,1,-0.22840417921543121338,0,1.449601292610168457,1.5
1708688097.9156484604,0.90856349468231201172,1,-0.22836534678936004639,0,1.449718475341796875,1.5
1708688097.9661917686,0.90712201595306396484,1,-0.22818538546562194824,0,1.4497140645980834961,1.5
1708688098.0167193413,0.90647733211517333984,1,-0.22821885347366333008,0,1.449649810791015625,1.5
1708688098.0672976971,0.90562939643859863281,1,-0.22904063761234283447,0,1.4497737884521484375,1.5
1708688098.1178779602,0.90542429685592651367,1,-0.22972817718982696533,0,1.4499285221099853516,1.5
1708688098.1684253216,0.90514028072357177734,1,-0.23085953295230865479,0,1.4501800537109375,1.5
1708688098.2189981937,0.90497672557830810547,1,-0.23160146176815032959,0,1.4504067897796630859,1.5
1708688098.269569397,0.90451669692993164062,1,-0.23354931175708770752,0,1.4515049457550048828,1.5
1708688098.3201477528,0.90427595376968383789,1,-0.23393130302429199219,0,1.4519164562225341797,1.5
1708688098.3707201481,0.90344834327697753906,1,-0.23504881560802459717,0,1.4536213874816894531,1.5
1708688098.4212841988,0.90316754579544067383,1,-0.23581771552562713623,0,1.45436859130859375,1.5
1708688098.4718849659,0.9030284881591796875,1,-0.23705345392227172852,0,1.4555877447128295898,1.5
1708688098.5224831104,0.90309423208236694336,1,-0.23818422853946685791,0,1.4564883708953857422,1.5
1708688098.573028326,0.90332621335983276367,1,-0.23997732996940612793,0,1.4576271772384643555,1.5
1708688098.6236083508,0.90385746955871582031,1,-0.24131700396537780762,0,1.4581378698348999023,1.5
1708688098.6742088795,0.90522682666778564453,1,-0.24446932971477508545,0,1.4588948488235473633,1.5
1708688098.7247478962,0.90560328960418701172,1,-0.2454677969217300415,0,1.459183812141418457,1.5
1708688098.7752668858,0.90709066390991210938,1,-0.24851967394351959229,0,1.4598338603973388672,1.5
1708688098.825799942,0.90803313255310058594,1,-0.2501793205738067627,0,1.4601383209228515625,1.5
1708688098.876292944,0.90966469049453735352,1,-0.25333309173583984375,0,1.4610742330551147461,1.5
1708688098.9268176556,0.91010564565658569336,1,-0.2543271183967590332,0,1.4613120555877685547,1.5
1708688098.9773395061,0.9119173884391784668,1,-0.25728392601013183594,0,1.4617162942886352539,1.5
1708688099.0278625488,0.91393464803695678711,1,-0.26034429669380187988,0,1.4622471332550048828,1.5
1708688099.078394413,0.91521996259689331055,1,-0.26199218630790710449,0,1.4622855186462402344,1.5
1708688099.1288938522,0.91752099990844726562,1,-0.26476994156837463379,0,1.462412714958190918,1.5
1708688099.179359436,0.91866564750671386719,1,-0.2661940455436706543,0,1.4624698162078857422,1.5
1708688099.2298390865,0.92086368799209594727,1,-0.26861813664436340332,0,1.4627970457077026367,1.5
1708688099.2803516388,0.92191433906555175781,1,-0.26966917514801025391,0,1.4632421731948852539,1.5
1708688099.3309371471,0.92336237430572509766,1,-0.27073663473129272461,0,1.4637789726257324219,1.5
1708688099.3815476894,0.92397737503051757812,1,-0.27116131782531738281,0,1.4640619754791259766,1.5
1708688099.4321608543,0.9250946044921875,1,-0.27169954776763916016,0,1.4645075798034667969,1.5
1708688099.4827218056,0.92555320262908935547,1,-0.27168101072311401367,0,1.4646116495132446289,1.5
1708688099.5332901478,0.9260234832763671875,1,-0.27157256007194519043,0,1.4642508029937744141,1.5
1708688099.583848238,0.92617422342300415039,1,-0.27150148153305053711,0,1.4640215635299682617,1.5
1708688099.6343972683,0.92599010467529296875,1,-0.27080801129341125488,0,1.4637197256088256836,1.5
1708688099.6849286556,0.92546737194061279297,1,-0.2698421776294708252,0,1.4636884927749633789,1.5
1708688099.7354536057,0.92445302009582519531,1,-0.26830068230628967285,0,1.4636398553848266602,1.5
1708688099.7859756947,0.92402732372283935547,1,-0.26745170354843139648,0,1.4633533954620361328,1.5
1708688099.8364348412,0.92233735322952270508,1,-0.26497289538383483887,0,1.4623235464096069336,1.5
1708688099.8869752884,0.92121785879135131836,1,-0.26338171958923339844,0,1.4618269205093383789,1.5
1708688099.9374828339,0.91921782493591308594,1,-0.26063647866249084473,0,1.4609761238098144531,1.5
1708688099.9879999161,0.91805785894393920898,1,-0.25913977622985839844,0,1.4604895114898681641,1.5
1708688100.0385501385,0.91561102867126464844,1,-0.25567287206649780273,0,1.4598489999771118164,1.5
1708688100.0890791416,0.9142519831657409668,1,-0.25374451279640197754,0,1.4596846103668212891,1.5
1708688100.1396508217,0.91186237335205078125,1,-0.25018924474716186523,0,1.4592660665512084961,1.5
1708688100.1901595592,0.91062855720520019531,1,-0.24845243990421295166,0,1.4589275121688842773,1.5
1708688100.2406294346,0.90840512514114379883,1,-0.24526928365230560303,0,1.4582808017730712891,1.5
1708688100.291210413,0.90779668092727661133,1,-0.24432101845741271973,0,1.4580843448638916016,1.5
1708688100.3416969776,0.90604299306869506836,1,-0.24186320602893829346,0,1.4578210115432739258,1.5
1708688100.3922379017,0.90529578924179077148,1,-0.24084731936454772949,0,1.4576381444931030273,1.5
1708688100.4427444935,0.90406304597854614258,1,-0.23940597474575042725,0,1.457425236701965332,1.5
1708688100.4932742119,0.90341901779174804688,1,-0.23855105042457580566,0,1.4573699235916137695,1.5
1708688100.5438294411,0.90253627300262451172,1,-0.2375027090311050415,0,1.4570618867874145508,1.5
1708688100.5944018364,0.90201508998870849609,1,-0.23672114312648773193,0,1.4566342830657958984,1.5
1708688100.6449899673,0.90140080451965332031,1,-0.23589295148849487305,0,1.4562692642211914062,1.5
1708688100.6955273151,0.90132248401641845703,1,-0.23560354113578796387,0,1.4561165571212768555,1.5
1708688100.7461333275,0.90125077962875366211,1,-0.23536410927772521973,0,1.4560611248016357422,1.5
1708688100.7966346741,0.90124166011810302734,1,-0.23496422171592712402,0,1.4562802314758300781,1.5
1708688100.8471469879,0.90136158466339111328,1,-0.23495131731033325195,0,1.4563150405883789062,1.5
1708688100.8976340294,0.90196299552917480469,1,-0.23505058884620666504,0,1.4565697908401489258,1.5
1708688100.948059082,0.90271389484405517578,1,-0.23529762029647827148,0,1.456391453742980957,1.5
1708688100.9984798431,0.9041640162467956543,1,-0.23582923412322998047,0,1.4558992385864257812,1.5
1708688101.0489163399,0.90507870912551879883,1,-0.23623311519622802734,0,1.4556384086608886719,1.5
1708688101.0994353294,0.90670162439346313477,1,-0.23682288825511932373,0,1.455365300178527832,1.5
1708688101.1501023769,0.90757095813751220703,1,-0.23696257174015045166,0,1.4551579952239990234,1.5
1708688101.2006790638,0.90915143489837646484,1,-0.23728963732719421387,0,1.4548069238662719727,1.5
1708688101.2512307167,0.91036373376846313477,1,-0.23773656785488128662,0,1.4543786048889160156,1.5
1708688101.3018424511,0.91237980127334594727,1,-0.23899674415588378906,0,1.4537051916122436523,1.5
1708688101.3524663448,0.91385114192962646484,1,-0.23986899852752685547,0,1.4529817104339599609,1.5
1708688101.4031655788,0.91653287410736083984,1,-0.2416251450777053833,0,1.4514169692993164062,1.5
1708688101.4537503719,0.91788661479949951172,1,-0.24246540665626525879,0,1.4506881237030029297,1.5
1708688101.5043737888,0.91977542638778686523,1,-0.24343098700046539307,0,1.4494527578353881836,1.5
1708688101.5549652576,0.92097723484039306641,1,-0.24406705796718597412,0,1.4486948251724243164,1.5
1708688101.6055350304,0.92356246709823608398,1,-0.24516555666923522949,0,1.4471838474273681641,1.5
1708688101.656131506,0.92485523223876953125,1,-0.24563609063625335693,0,1.4464851617813110352,1.5
1708688101.7066655159,0.92709958553314208984,1,-0.24673737585544586182,0,1.4455679655075073242,1.5
1708688101.7572832108,0.92832291126251220703,1,-0.24730741977691650391,0,1.4452364444732666016,1.5
1708688101.8078737259,0.93047642707824707031,1,-0.24811860918998718262,0,1.4447040557861328125,1.5
1708688101.8584215641,0.93118965625762939453,1,-0.24839454889297485352,0,1.4444650411605834961,1.5
1708688101.9089608192,0.9333712458610534668,1,-0.24905160069465637207,0,1.4436727762222290039,1.5
1708688101.9594905376,0.93443083763122558594,1,-0.24911761283874511719,0,1.443329930305480957,1.5
1708688102.0100872517,0.93653094768524169922,1,-0.24899822473526000977,0,1.4425153732299804688,1.5
1708688102.0606474876,0.9383220672607421875,1,-0.24837796390056610107,0,1.4418812990188598633,1.5
1708688102.1112520695,0.93879991769790649414,1,-0.24744944274425506592,0,1.4415616989135742188,1.5
1708688102.1619107723,0.93909621238708496094,1,-0.24674502015113830566,0,1.4413816928863525391,1.5
1708688102.2125132084,0.93998724222183227539,1,-0.24423475563526153564,0,1.4410489797592163086,1.5
1708688102.2629728317,0.94007295370101928711,1,-0.24157571792602539062,0,1.4410765171051025391,1.5
1708688102.3134162426,0.9402663111686706543,1,-0.24008713662624359131,0,1.4410735368728637695,1.5
1708688102.363868475,0.94037294387817382812,1,-0.23652541637420654297,0,1.4407193660736083984,1.5
1708688102.4143004417,0.94003891944885253906,1,-0.23450250923633575439,0,1.4406996965408325195,1.5
1708688102.464766264,0.93942475318908691406,1,-0.23014901578426361084,0,1.4405237436294555664,1.5
1708688102.515304327,0.93923205137252807617,1,-0.22815528512001037598,0,1.4403541088104248047,1.5
1708688102.5659980774,0.93871110677719116211,1,-0.22475200891494750977,0,1.4402736425399780273,1.5
1708688102.6165788174,0.93827980756759643555,1,-0.22256849706172943115,0,1.4402091503143310547,1.5
1708688102.6671764851,0.93743503093719482422,1,-0.21863012015819549561,0,1.4405723810195922852,1.5
1708688102.7177166939,0.93712913990020751953,1,-0.21688751876354217529,0,1.4407203197479248047,1.5
1708688102.7682578564,0.93691533803939819336,1,-0.21532455086708068848,0,1.4408373832702636719,1.5
1708688102.8188185692,0.93654608726501464844,1,-0.21256405115127563477,0,1.4411944150924682617,1.5
1708688102.8694396019,0.93628942966461181641,1,-0.21061010658740997314,0,1.4414232969284057617,1.5
1708688102.9199900627,0.93631350994110107422,1,-0.20968472957611083984,0,1.4415028095245361328,1.5
1708688102.970533371,0.93614214658737182617,1,-0.20788209140300750732,0,1.441962122917175293,1.5
1708688103.0210945606,0.93593460321426391602,1,-0.20711567997932434082,0,1.4422602653503417969,1.5
1708688103.0716335773,0.93633997440338134766,1,-0.20631428062915802002,0,1.4427493810653686523,1.5
1708688103.122174263,0.93661421537399291992,1,-0.20602379739284515381,0,1.4430791139602661133,1.5
1708688103.1727049351,0.93708896636962890625,1,-0.20552964508533477783,0,1.4437447786331176758,1.5
1708688103.2233161926,0.93751585483551025391,1,-0.20540507137775421143,0,1.4440927505493164062,1.5
1708688103.2749087811,0.93817925453186035156,1,-0.20498874783515930176,0,1.4446851015090942383,1.5
1708688103.3254532814,0.93842554092407226562,1,-0.20480528473854064941,0,1.4448248147964477539,1.5
1708688103.376046896,0.9390716552734375,1,-0.20453086495399475098,0,1.4445022344589233398,1.5
1708688103.4266440868,0.93930488824844360352,1,-0.20434343814849853516,0,1.4443247318267822266,1.5
1708688103.4773516655,0.93946981430053710938,1,-0.20376406610012054443,0,1.4444749355316162109,1.5
1708688103.5282030106,0.93967044353485107422,1,-0.2034644782543182373,0,1.4444687366485595703,1.5
1708688103.5787043571,0.93997454643249511719,1,-0.20285357534885406494,0,1.4445780515670776367,1.5
1708688103.629263401,0.94018006324768066406,1,-0.20192845165729522705,0,1.4449733495712280273,1.5
1708688103.6798083782,0.94017481803894042969,1,-0.20135989785194396973,0,1.4450985193252563477,1.5
1708688103.7303783894,0.94038611650466918945,1,-0.20057769119739532471,0,1.4454847574234008789,1.5
1708688103.7809143066,0.9403679966926574707,1,-0.20018319785594940186,0,1.4458067417144775391,1.5
1708688103.8314630985,0.94046670198440551758,1,-0.19959697127342224121,0,1.44641876220703125,1.5
1708688103.882027626,0.94063848257064819336,1,-0.19915565848350524902,0,1.4466727972030639648,1.5
1708688103.9325842857,0.94127309322357177734,1,-0.19836562871932983398,0,1.4470283985137939453,1.5
1708688103.9831154346,0.94156563282012939453,1,-0.19777624309062957764,0,1.4471617937088012695,1.5
1708688104.0336706638,0.94210040569305419922,1,-0.19671325385570526123,0,1.4475249052047729492,1.5
1708688104.0842461586,0.94235086441040039062,1,-0.19607098400592803955,0,1.4478499889373779297,1.5
1708688104.1347620487,0.94331794977188110352,1,-0.195552825927734375,0,1.4487909078598022461,1.5
1708688104.1852838993,0.94378954172134399414,1,-0.1954578012228012085,0,1.4493235349655151367,1.5
1708688104.2357890606,0.94434189796447753906,1,-0.19467383623123168945,0,1.4501998424530029297,1.5
1708688104.2863435745,0.94473409652709960938,1,-0.19456021487712860107,0,1.4504668712615966797,1.5
1708688104.3368792534,0.94563525915145874023,1,-0.19455733895301818848,0,1.4507193565368652344,1.5
1708688104.3873910904,0.94614088535308837891,1,-0.19443778693675994873,0,1.4508850574493408203,1.5
1708688104.4379527569,0.94726663827896118164,1,-0.1946306079626083374,0,1.4512422084808349609,1.5
1708688104.4884474277,0.94796395301818847656,1,-0.19502051174640655518,0,1.4515073299407958984,1.5
1708688104.5389466286,0.94955450296401977539,1,-0.19625096023082733154,0,1.4520001411437988281,1.5
1708688104.5894095898,0.95055210590362548828,1,-0.19714438915252685547,0,1.4521884918212890625,1.5
1708688104.6399483681,0.95233154296875,1,-0.19880375266075134277,0,1.4527437686920166016,1.5
1708688104.6904203892,0.95365434885025024414,1,-0.20019729435443878174,0,1.453259587287902832,1.5
1708688104.7408747673,0.95506644248962402344,1,-0.20193223655223846436,0,1.4538913965225219727,1.5
1708688104.7913372517,0.95581811666488647461,1,-0.20298911631107330322,0,1.4544546604156494141,1.5
1708688104.8420689106,0.95716261863708496094,1,-0.20520108938217163086,0,1.4558844566345214844,1.5
1708688104.8926482201,0.95805418491363525391,1,-0.20679192245006561279,0,1.4566141366958618164,1.5
1708688104.9434816837,0.95864880084991455078,1,-0.20798924565315246582,0,1.4570300579071044922,1.5
1708688104.9939684868,0.95897096395492553711,1,-0.20907084643840789795,0,1.4575343132019042969,1.5
1708688105.0445735455,0.9596068263053894043,1,-0.2113418877124786377,0,1.4584627151489257812,1.5
1708688105.0950574875,0.95985525846481323242,1,-0.21228197216987609863,0,1.4589406251907348633,1.5
1708688105.1454873085,0.96002584695816040039,1,-0.21387881040573120117,0,1.4599568843841552734,1.5
1708688105.1959092617,0.96003949642181396484,1,-0.21455486118793487549,0,1.4605184793472290039,1.5
1708688105.2463595867,0.96007513999938964844,1,-0.215667724609375,0,1.4611905813217163086,1.5
1708688105.2968201637,0.95996278524398803711,1,-0.21631693840026855469,0,1.4615724086761474609,1.5
1708688105.3473067284,0.9592742919921875,1,-0.21710269153118133545,0,1.4623649120330810547,1.5
1708688105.3980658054,0.95820480585098266602,1,-0.21751707792282104492,0,1.463379979133605957,1.5
1708688105.4485018253,0.95742613077163696289,1,-0.21732822060585021973,0,1.4640631675720214844,1.5
1708688105.4990193844,0.95607513189315795898,1,-0.21675008535385131836,0,1.4649133682250976562,1.5
1708688105.5494914055,0.95518475770950317383,1,-0.21630233526229858398,0,1.4653197526931762695,1.5
1708688105.5999517441,0.9531688690185546875,1,-0.2148834913969039917,0,1.4657776355743408203,1.5
1708688105.6504123211,0.9521121978759765625,1,-0.2140970379114151001,0,1.4659378528594970703,1.5
1708688105.7008326054,0.95039838552474975586,1,-0.21258336305618286133,0,1.465735316276550293,1.5
1708688105.7512881756,0.9495493769645690918,1,-0.21167537569999694824,0,1.4655710458755493164,1.5
1708688105.8018388748,0.94814485311508178711,1,-0.21024557948112487793,0,1.4652996063232421875,1.5
1708688105.8524181843,0.94739997386932373047,1,-0.20937141776084899902,0,1.4651274681091308594,1.5
1708688105.9029760361,0.94581806659698486328,1,-0.20690575242042541504,0,1.4647741317749023438,1.5
1708688105.9534876347,0.94491410255432128906,1,-0.20545169711112976074,0,1.4644920825958251953,1.5
1708688106.0039904118,0.94357502460479736328,1,-0.20269045233726501465,0,1.4639297723770141602,1.5
1708688106.0544924736,0.94295877218246459961,1,-0.2011782228946685791,0,1.4635938405990600586,1.5
1708688106.105022192,0.94204080104827880859,1,-0.19858032464981079102,0,1.4630783796310424805,1.5
1708688106.1555433273,0.94159859418869018555,1,-0.19710867106914520264,0,1.462716221809387207,1.5
1708688106.2063109875,0.94082540273666381836,1,-0.19426834583282470703,0,1.4623490571975708008,1.5
1708688106.2568638325,0.94010794162750244141,1,-0.19223402440547943115,0,1.4624176025390625,1.5
1708688106.307472229,0.93889635801315307617,1,-0.18827880918979644775,0,1.4623333215713500977,1.5
1708688106.3579883575,0.93829202651977539062,1,-0.18640924990177154541,0,1.4623818397521972656,1.5
1708688106.4085218906,0.93715965747833251953,1,-0.18299798667430877686,0,1.4625823497772216797,1.5
1708688106.4590940475,0.93660700321197509766,1,-0.18106947839260101318,0,1.4627637863159179688,1.5
1708688106.5096299648,0.93558365106582641602,1,-0.17761881649494171143,0,1.4629883766174316406,1.5
1708688106.560208559,0.93464267253875732422,1,-0.17454473674297332764,0,1.4629873037338256836,1.5
1708688106.6107606888,0.93407797813415527344,1,-0.17309999465942382812,0,1.4629523754119873047,1.5
1708688106.6613223553,0.93284022808074951172,1,-0.17005866765975952148,0,1.4626910686492919922,1.5
1708688106.7118604183,0.93240106105804443359,1,-0.16875451803207397461,0,1.462427973747253418,1.5
1708688106.762509346,0.93161588907241821289,1,-0.16678249835968017578,0,1.4622501134872436523,1.5
1708688106.8129937649,0.93113714456558227539,1,-0.16556093096733093262,0,1.4623286724090576172,1.5
1708688106.8635668755,0.93039023876190185547,1,-0.16362968087196350098,0,1.4622496366500854492,1.5
1708688106.9141421318,0.9299876093864440918,1,-0.16287824511528015137,0,1.4620422124862670898,1.5
1708688106.9646975994,0.92957735061645507812,1,-0.16225261986255645752,0,1.4617998600006103516,1.5
1708688107.0152106285,0.92874473333358764648,1,-0.16131074726581573486,0,1.4611048698425292969,1.5
1708688107.0656998158,0.92820453643798828125,1,-0.16127052903175354004,0,1.4602656364440917969,1.5
1708688107.116215229,0.92790341377258300781,1,-0.16132463514804840088,0,1.460147857666015625,1.5
1708688107.1666843891,0.92691600322723388672,1,-0.16182732582092285156,0,1.4602767229080200195,1.5
1708688107.2172505856,0.92655336856842041016,1,-0.16239304840564727783,0,1.4605118036270141602,1.5
1708688107.2678084373,0.92566388845443725586,1,-0.16384769976139068604,0,1.4609611034393310547,1.5
1708688107.318322897,0.92523944377899169922,1,-0.16483062505722045898,0,1.4610947370529174805,1.5
1708688107.3688983917,0.92473143339157104492,1,-0.16708874702453613281,0,1.4613493680953979492,1.5
1708688107.4194762707,0.92445927858352661133,1,-0.16776661574840545654,0,1.4614305496215820312,1.5
1708688107.4701242447,0.92360568046569824219,1,-0.16978535056114196777,0,1.4618210792541503906,1.5
1708688107.5207037926,0.92316740751266479492,1,-0.17070136964321136475,0,1.4620959758758544922,1.5
1708688107.571231842,0.92224884033203125,1,-0.17242214083671569824,0,1.4628529548645019531,1.5
1708688107.6218326092,0.92174261808395385742,1,-0.17323985695838928223,0,1.4633367061614990234,1.5
1708688107.672396183,0.92070883512496948242,1,-0.17483514547348022461,0,1.4643561840057373047,1.5
1708688107.7229700089,0.92032003402709960938,1,-0.17522960901260375977,0,1.46480560302734375,1.5
1708688107.7735621929,0.91958034038543701172,1,-0.17692299187183380127,0,1.4658098220825195312,1.5
1708688107.8240714073,0.91927319765090942383,1,-0.17749899625778198242,0,1.4661295413970947266,1.5
1708688107.8744893074,0.91883879899978637695,1,-0.17867536842823028564,0,1.4666548967361450195,1.5
1708688107.9249503613,0.91860800981521606445,1,-0.17914807796478271484,0,1.4667409658432006836,1.5
1708688107.9753620625,0.91852706670761108398,1,-0.18024300038814544678,0,1.4668231010437011719,1.5
1708688108.0258584023,0.91859036684036254883,1,-0.18055796623229980469,0,1.4668844938278198242,1.5
1708688108.0762832165,0.91918742656707763672,1,-0.18168354034423828125,0,1.4668557643890380859,1.5
1708688108.1267309189,0.91946160793304443359,1,-0.18200211226940155029,0,1.4667893648147583008,1.5
1708688108.1773123741,0.92047196626663208008,1,-0.18287479877471923828,0,1.4663802385330200195,1.5
1708688108.2277889252,0.92179608345031738281,1,-0.18396246433258056641,0,1.4657168388366699219,1.5
1708688108.2782306671,0.92310285568237304688,1,-0.18508239090442657471,0,1.464955449104309082,1.5
1708688108.3287434578,0.92468315362930297852,1,-0.18655949831008911133,0,1.4643011093139648438,1.5
1708688108.3792724609,0.92611896991729736328,1,-0.18792331218719482422,0,1.4638985395431518555,1.5
1708688108.4298865795,0.92795264720916748047,1,-0.18958492577075958252,0,1.4635871648788452148,1.5
1708688108.480476141,0.92893821001052856445,1,-0.19037885963916778564,0,1.4633826017379760742,1.5
1708688108.5310726166,0.93075513839721679688,1,-0.19187298417091369629,0,1.4632651805877685547,1.5
1708688108.5816617012,0.93223285675048828125,1,-0.19310066103935241699,0,1.4632854461669921875,1.5
1708688108.6322214603,0.93372106552124023438,1,-0.19437304139137268066,0,1.4637221097946166992,1.5
1708688108.6828043461,0.93496072292327880859,1,-0.1954533308744430542,0,1.4642101526260375977,1.5
1708688108.7333900928,0.93619614839553833008,1,-0.19627301394939422607,0,1.4647355079650878906,1.5
1708688108.7839632034,0.93674862384796142578,1,-0.19643665850162506104,0,1.4648126363754272461,1.5
1708688108.8345086575,0.93815720081329345703,1,-0.19723246991634368896,0,1.4648692607879638672,1.5
1708688108.8850157261,0.93893164396286010742,1,-0.19756662845611572266,0,1.4646836519241333008,1.5
1708688108.9355273247,0.93998217582702636719,1,-0.19779057800769805908,0,1.4644905328750610352,1.5
1708688108.9860739708,0.94059377908706665039,1,-0.19781458377838134766,0,1.4643348455429077148,1.5
1708688109.0366132259,0.94218921661376953125,1,-0.19790495932102203369,0,1.4635521173477172852,1.5
1708688109.087174654,0.94305378198623657227,1,-0.19799154996871948242,0,1.4631290435791015625,1.5
1708688109.1375720501,0.94514757394790649414,1,-0.19836117327213287354,0,1.4624713659286499023,1.5
1708688109.187990427,0.9460163116455078125,1,-0.19828014075756072998,0,1.4623361825942993164,1.5
1708688109.238445282,0.94717937707901000977,1,-0.19750747084617614746,0,1.4621977806091308594,1.5
1708688109.2888884544,0.94823372364044189453,1,-0.19702987372875213623,0,1.4620773792266845703,1.5
1708688109.3393340111,0.94962203502655029297,1,-0.19638304412364959717,0,1.4622189998626708984,1.5
1708688109.3898293972,0.95029592514038085938,1,-0.19573213160037994385,0,1.4622783660888671875,1.5
1708688109.4404027462,0.95161640644073486328,1,-0.19430774450302124023,0,1.4617924690246582031,1.5
1708688109.4910368919,0.9524237513542175293,1,-0.19389402866363525391,0,1.4614518880844116211,1.5
1708688109.5416018963,0.95331686735153198242,1,-0.19267505407333374023,0,1.4611537456512451172,1.5
1708688109.5921678543,0.9538866877555847168,1,-0.19164490699768066406,0,1.4610414505004882812,1.5
1708688109.642711401,0.95455598831176757812,1,-0.19019241631031036377,0,1.4604375362396240234,1.5
1708688109.6932971478,0.95487177371978759766,1,-0.18901117146015167236,0,1.4599856138229370117,1.5
1708688109.7438342571,0.95536714792251586914,1,-0.18759529292583465576,0,1.4589979648590087891,1.5
1708688109.7943623066,0.95563364028930664062,1,-0.18681296706199645996,0,1.4583908319473266602,1.5
1708688109.8449180126,0.95585644245147705078,1,-0.18532234430313110352,0,1.4575096368789672852,1.5
1708688109.8954496384,0.95625269412994384766,1,-0.18405704200267791748,0,1.4566905498504638672,1.5
1708688109.946003437,0.95630317926406860352,1,-0.18330259621143341064,0,1.4562945365905761719,1.5
1708688109.9965307713,0.95604479312896728516,1,-0.18155710399150848389,0,1.4556123018264770508,1.5
1708688110.0470588207,0.95569860935211181641,1,-0.18051671981811523438,0,1.4552440643310546875,1.5
1708688110.0974533558,0.95479148626327514648,1,-0.17833554744720458984,0,1.4547427892684936523,1.5
1708688110.1478509903,0.95444548130035400391,1,-0.17755948007106781006,0,1.4544967412948608398,1.5
1708688110.1983382702,0.95353591442108154297,1,-0.1755037456750869751,0,1.4532524347305297852,1.5
1708688110.2487823963,0.95325928926467895508,1,-0.17488917708396911621,0,1.452664494514465332,1.5
1708688110.2992372513,0.95261055231094360352,1,-0.17370741069316864014,0,1.4516407251358032227,1.5
1708688110.3497097492,0.95242959260940551758,1,-0.17328929901123046875,0,1.4510277509689331055,1.5
1708688110.4002029896,0.95160770416259765625,1,-0.17177031934261322021,0,1.4498642683029174805,1.5
1708688110.4506976604,0.95144557952880859375,1,-0.17138336598873138428,0,1.449377894401550293,1.5
1708688110.5012099743,0.95090585947036743164,1,-0.17019893229007720947,0,1.4479924440383911133,1.5
1708688110.5520765781,0.95060598850250244141,1,-0.16978450119495391846,0,1.4472393989562988281,1.5
1708688110.6026678085,0.95025181770324707031,1,-0.16921457648277282715,0,1.445773005485534668,1.5
1708688110.6532306671,0.94984972476959228516,1,-0.16858017444610595703,0,1.4452162981033325195,1.5
1708688110.703776598,0.9488957524299621582,1,-0.16770374774932861328,0,1.4439938068389892578,1.5
1708688110.7543160915,0.94877165555953979492,1,-0.16767823696136474609,0,1.443585515022277832,1.5
1708688110.8048641682,0.94817066192626953125,1,-0.16752314567565917969,0,1.442770838737487793,1.5
1708688110.8553776741,0.94775068759918212891,1,-0.16716551780700683594,0,1.4424167871475219727,1.5
1708688110.9059391022,0.94684976339340209961,1,-0.16668346524238586426,0,1.4418685436248779297,1.5
1708688110.9564561844,0.94643151760101318359,1,-0.16657201945781707764,0,1.4417941570281982422,1.5
1708688111.0069503784,0.94535112380981445312,1,-0.16577275097370147705,0,1.4416065216064453125,1.5
1708688111.0573637486,0.94460195302963256836,1,-0.16515485942363739014,0,1.4415632486343383789,1.5
1708688111.1078248024,0.94375818967819213867,1,-0.1644948124885559082,0,1.4411977529525756836,1.5
1708688111.1583058834,0.94337755441665649414,1,-0.16411037743091583252,0,1.4408599138259887695,1.5
1708688111.2088873386,0.94256693124771118164,1,-0.16326111555099487305,0,1.4405782222747802734,1.5
1708688111.2595384121,0.94229036569595336914,1,-0.1628589630126953125,0,1.440624237060546875,1.5
1708688111.3101844788,0.94160103797912597656,1,-0.16189049184322357178,0,1.4409829378128051758,1.5
1708688111.3607373238,0.94142824411392211914,1,-0.16160413622856140137,0,1.4413487911224365234,1.5
1708688111.4113576412,0.9415645599365234375,1,-0.16144299507141113281,0,1.4418511390686035156,1.5
1708688111.4619991779,0.941631317138671875,1,-0.1614100039005279541,0,1.4422813653945922852,1.5
1708688111.5125732422,0.9422524571418762207,1,-0.16161867976188659668,0,1.4433948993682861328,1.5
1708688111.5631613731,0.94343727827072143555,1,-0.16246463358402252197,0,1.4442334175109863281,1.5
1708688111.6137194633,0.9441318511962890625,1,-0.16316148638725280762,0,1.4447530508041381836,1.5
1708688111.6643059254,0.94587427377700805664,1,-0.16498786211013793945,0,1.4457423686981201172,1.5
1708688111.7148795128,0.94632631540298461914,1,-0.16549532115459442139,0,1.446179509162902832,1.5
1708688111.7654201984,0.947925567626953125,1,-0.16750158369541168213,0,1.44760894775390625,1.5
1708688111.8159282207,0.94896471500396728516,1,-0.16879512369632720947,0,1.4481779336929321289,1.5
1708688111.8664529324,0.95083087682723999023,1,-0.1713307499885559082,0,1.4494036436080932617,1.5
1708688111.9169671535,0.95181804895401000977,1,-0.17263679206371307373,0,1.4499011039733886719,1.5
1708688111.967476368,0.95348185300827026367,1,-0.17497186362743377686,0,1.4508231878280639648,1.5
1708688112.0179772377,0.95419102907180786133,1,-0.17600245773792266846,0,1.4514354467391967773,1.5
1708688112.0684599876,0.95593965053558349609,1,-0.17874494194984436035,0,1.4526565074920654297,1.5
1708688112.1189975739,0.95670938491821289062,1,-0.17975483834743499756,0,1.4528402090072631836,1.5
1708688112.1695554256,0.9589678645133972168,1,-0.18300442397594451904,0,1.4531649351119995117,1.5
1708688112.2201118469,0.96012228727340698242,1,-0.18451824784278869629,0,1.453105926513671875,1.5
1708688112.2707226276,0.96235436201095581055,1,-0.18749010562896728516,0,1.4528899192810058594,1.5
1708688112.3213639259,0.96324467658996582031,1,-0.18851000070571899414,0,1.4526828527450561523,1.5
1708688112.3718557358,0.96446985006332397461,1,-0.19016732275485992432,0,1.4525414705276489258,1.5
1708688112.4223611355,0.96512824296951293945,1,-0.19113154709339141846,0,1.4525129795074462891,1.5
1708688112.4728581905,0.96641886234283447266,1,-0.19305972754955291748,0,1.4526081085205078125,1.5
1708688112.5233552456,0.96665161848068237305,1,-0.19364398717880249023,0,1.4525966644287109375,1.5
1708688112.5738801956,0.96677148342132568359,1,-0.19475890696048736572,0,1.4526286125183105469,1.5
1708688112.6244215965,0.96684527397155761719,1,-0.1953080296516418457,0,1.4525831937789916992,1.5
1708688112.6750335693,0.96681272983551025391,1,-0.19605492055416107178,0,1.4521254301071166992,1.5
1708688112.7256126404,0.96665990352630615234,1,-0.19662235677242279053,0,1.4517035484313964844,1.5
1708688112.7761759758,0.96646726131439208984,1,-0.196842193603515625,0,1.4514690637588500977,1.5
1708688112.8267321587,0.96629643440246582031,1,-0.19752500951290130615,0,1.4510580301284790039,1.5
1708688112.8773443699,0.96636152267456054688,1,-0.19797846674919128418,0,1.4505870342254638672,1.5
1708688112.9278819561,0.96638327836990356445,1,-0.19874899089336395264,0,1.4494675397872924805,1.5
1708688112.978344202,0.96632605791091918945,1,-0.19921895861625671387,0,1.4490662813186645508,1.5
1708688113.0288329124,0.96651053428649902344,1,-0.20002414286136627197,0,1.4482263326644897461,1.5
1708688113.0793378353,0.96679377555847167969,1,-0.20062653720378875732,0,1.4477522373199462891,1.5
1708688113.1298968792,0.9673741459846496582,1,-0.20187494158744812012,0,1.44710540771484375,1.5
1708688113.1804075241,0.96790635585784912109,1,-0.20277652144432067871,0,1.4469105005264282227,1.5
1708688113.2309350967,0.96883785724639892578,1,-0.20448569953441619873,0,1.4466559886932373047,1.5
1708688113.2814936638,0.96948593854904174805,1,-0.20599886775016784668,0,1.4467459917068481445,1.5
1708688113.332170248,0.97026669979095458984,1,-0.20801796019077301025,0,1.4471201896667480469,1.5
1708688113.3827826977,0.9711405634880065918,1,-0.20998331904411315918,0,1.4475325345993041992,1.5
1708688113.4333484173,0.97211354970932006836,1,-0.21240863204002380371,0,1.4482834339141845703,1.5
1708688113.4839656353,0.9726651310920715332,1,-0.21397984027862548828,0,1.4487901926040649414,1.5
1708688113.5347626209,0.97360146045684814453,1,-0.21683582663536071777,0,1.4499200582504272461,1.5
1708688113.5852823257,0.97406727075576782227,1,-0.21838006377220153809,0,1.4506249427795410156,1.5
1708688113.6357939243,0.97481721639633178711,1,-0.22095911204814910889,0,1.4519385099411010742,1.5
1708688113.6862790585,0.97512608766555786133,1,-0.22288794815540313721,0,1.4530520439147949219,1.5
1708688113.7367479801,0.97541600465774536133,1,-0.2250327765941619873,0,1.4543530941009521484,1.5
1708688113.7873563766,0.97546046972274780273,1,-0.22610005736351013184,0,1.4551386833190917969,1.5
1708688113.8377945423,0.97521662712097167969,1,-0.22776384651660919189,0,1.456096649169921875,1.5
1708688113.8881983757,0.9751732945442199707,1,-0.22820399701595306396,0,1.4562044143676757812,1.5
1708688113.9386453629,0.97500526905059814453,1,-0.22994227707386016846,0,1.4561389684677124023,1.5
1708688113.9890906811,0.97485941648483276367,1,-0.23077252507209777832,0,1.4561332464218139648,1.5
1708688114.0396368504,0.97451770305633544922,1,-0.23211839795112609863,0,1.4561494588851928711,1.5
1708688114.0901675224,0.97425419092178344727,1,-0.23276992142200469971,0,1.4562953710556030273,1.5
1708688114.1407222748,0.97412538528442382812,1,-0.23405857384204864502,0,1.4565975666046142578,1.5
1708688114.1912460327,0.97405344247817993164,1,-0.23512810468673706055,0,1.4569191932678222656,1.5
1708688114.2418069839,0.9733943939208984375,1,-0.23597277700901031494,0,1.4574660062789916992,1.5
1708688114.2925004959,0.97308641672134399414,1,-0.23627583682537078857,0,1.4577285051345825195,1.5
1708688114.3432269096,0.97245991230010986328,1,-0.23642568290233612061,0,1.4584429264068603516,1.5
1708688114.3938062191,0.97214484214782714844,1,-0.23661211133003234863,0,1.458728790283203125,1.5
1708688114.4443793297,0.97184807062149047852,1,-0.23699556291103363037,0,1.4588881731033325195,1.5
1708688114.4949636459,0.97190910577774047852,1,-0.23713122308254241943,0,1.4587234258651733398,1.5
1708688114.545550108,0.97174048423767089844,1,-0.23700208961963653564,0,1.4582073688507080078,1.5
1708688114.5961573124,0.97140735387802124023,1,-0.2365541309118270874,0,1.4574596881866455078,1.5
1708688114.6467430592,0.97094196081161499023,1,-0.23610344529151916504,0,1.4571579694747924805,1.5
1708688114.6974959373,0.96988636255264282227,1,-0.23499135673046112061,0,1.4566447734832763672,1.5
1708688114.7480399609,0.9693889617919921875,1,-0.23448890447616577148,0,1.4565002918243408203,1.5
1708688114.7986121178,0.96844047307968139648,1,-0.23355613648891448975,0,1.4563544988632202148,1.5
1708688114.8491494656,0.96814858913421630859,1,-0.23329485952854156494,0,1.4563316106796264648,1.5
1708688114.899718523,0.96759617328643798828,1,-0.23307961225509643555,0,1.4562741518020629883,1.5
1708688114.9502418041,0.96728461980819702148,1,-0.23284777998924255371,0,1.4562780857086181641,1.5
1708688115.0007793903,0.9666506648063659668,1,-0.23211945593357086182,0,1.4562636613845825195,1.5
1708688115.0513305664,0.96644026041030883789,1,-0.23187203705310821533,0,1.4562181234359741211,1.5
1708688115.1019043922,0.96586501598358154297,1,-0.2312059253454208374,0,1.4562816619873046875,1.5
1708688115.1524381638,0.965793609619140625,1,-0.23115763068199157715,0,1.4562287330627441406,1.5
1708688115.2029635906,0.96568036079406738281,1,-0.2310190349817276001,0,1.4562994241714477539,1.5
1708688115.2535164356,0.96556204557418823242,1,-0.23075820505619049072,0,1.4560323953628540039,1.5
1708688115.3041148186,0.96554201841354370117,1,-0.23064894974231719971,0,1.4556722640991210938,1.5
1708688115.3546857834,0.96556133031845092773,1,-0.23060724139213562012,0,1.4555370807647705078,1.5
1708688115.4052209854,0.96556699275970458984,1,-0.23030436038970947266,0,1.4549553394317626953,1.5
1708688115.4558124542,0.96540176868438720703,1,-0.22985026240348815918,0,1.4549237489700317383,1.5
1708688115.5064249039,0.96523624658584594727,1,-0.22942084074020385742,0,1.4547971487045288086,1.5
1708688115.5570011139,0.96510052680969238281,1,-0.22906641662120819092,0,1.4547573328018188477,1.5
1708688115.6075398922,0.96471887826919555664,1,-0.22814486920833587646,0,1.4546263217926025391,1.5
1708688115.6581270695,0.96436196565628051758,1,-0.22758044302463531494,0,1.4545905590057373047,1.5
1708688115.7086701393,0.96373790502548217773,1,-0.22658118605613708496,0,1.4545943737030029297,1.5
1708688115.7592468262,0.96355330944061279297,1,-0.22619256377220153809,0,1.4545820951461791992,1.5
1708688115.8098082542,0.96319681406021118164,1,-0.22565855085849761963,0,1.4545968770980834961,1.5
1708688115.8603260517,0.96297842264175415039,1,-0.22541585564613342285,0,1.4546864032745361328,1.5
1708688115.9108567238,0.96272331476211547852,1,-0.22512291371822357178,0,1.4549100399017333984,1.5
1708688115.9613673687,0.9624640345573425293,1,-0.2248465120792388916,0,1.4550404548645019531,1.5
1708688116.011909008,0.96178340911865234375,1,-0.2243973463773727417,0,1.4554843902587890625,1.5
1708688116.0624792576,0.96134531497955322266,1,-0.22460328042507171631,0,1.4560667276382446289,1.5
1708688116.1130254269,0.96125113964080810547,1,-0.22475612163543701172,0,1.4560792446136474609,1.5
1708688116.1635143757,0.96111840009689331055,1,-0.22567665576934814453,0,1.456061244010925293,1.5
1708688116.2143008709,0.96115404367446899414,1,-0.22623297572135925293,0,1.4559743404388427734,1.5
1708688116.2648336887,0.96114981174468994141,1,-0.22678571939468383789,0,1.4557719230651855469,1.5
1708688116.3153350353,0.96096932888031005859,1,-0.22802725434303283691,0,1.4555667638778686523,1.5
1708688116.3659567833,0.9615294337272644043,1,-0.22997233271598815918,0,1.4555910825729370117,1.5
1708688116.416498661,0.96180105209350585938,1,-0.23078383505344390869,0,1.4556353092193603516,1.5
1708688116.467120409,0.96221053600311279297,1,-0.23290421068668365479,0,1.4561370611190795898,1.5
1708688116.5176734924,0.96222013235092163086,1,-0.23397780954837799072,0,1.4564254283905029297,1.5
1708688116.5681889057,0.96241974830627441406,1,-0.23631809651851654053,0,1.4571118354797363281,1.5
1708688116.6187674999,0.96249818801879882812,1,-0.23758110404014587402,0,1.4574810266494750977,1.5
1708688116.6693255901,0.96244722604751586914,1,-0.24014015495777130127,0,1.4583660364151000977,1.5
1708688116.7199151516,0.96234709024429321289,1,-0.24083848297595977783,0,1.4586005210876464844,1.5
1708688116.7704741955,0.96236711740493774414,1,-0.24383506178855895996,0,1.4594734907150268555,1.5
1708688116.8210024834,0.96248525381088256836,1,-0.24483852088451385498,0,1.4595544338226318359,1.5
1708688116.8715386391,0.96254426240921020508,1,-0.24694527685642242432,0,1.4597744941711425781,1.5
1708688116.9221134186,0.96277475357055664062,1,-0.2489770054817199707,0,1.4597764015197753906,1.5
1708688116.972692728,0.96297889947891235352,1,-0.25027376413345336914,0,1.4595969915390014648,1.5
1708688117.0232553482,0.96341794729232788086,1,-0.25261026620864868164,0,1.4592049121856689453,1.5
1708688117.0737638474,0.96348530054092407227,1,-0.25343939661979675293,0,1.4589372873306274414,1.5
1708688117.1243064404,0.96351760625839233398,1,-0.2550906836986541748,0,1.4587705135345458984,1.5
1708688117.1747667789,0.96341466903686523438,1,-0.25574985146522521973,0,1.4587836265563964844,1.5
1708688117.2252259254,0.96331143379211425781,1,-0.25704851746559143066,0,1.458821415901184082,1.5
1708688117.2759726048,0.96327698230743408203,1,-0.25736594200134277344,0,1.4587656259536743164,1.5
1708688117.3264253139,0.96255069971084594727,1,-0.25740486383438110352,0,1.4588634967803955078,1.5
