1712152843.0756647587,-1.0472934246063232422,-1.5,0.034589152783155441284,0,0.32514041662216186523,1
1712152843.1267077923,-1.0481984615325927734,-1.5,0.03266040608286857605,0,0.32537341117858886719,1
1712152843.1779272556,-1.0489269495010375977,-1.5,0.030779866501688957214,0,0.3255894780158996582,1
1712152843.2288973331,-1.0506376028060913086,-1.5,0.029026975855231285095,0,0.32798880338668823242,1
1712152843.2797212601,-1.0519165992736816406,-1.5,0.028078321367502212524,0,0.33080565929412841797,1
1712152843.3306367397,-1.0568556785583496094,-1.5,0.024838335812091827393,0,0.34661459922790527344,1
1712152843.3816788197,-1.0630544424057006836,-1.5,0.020842872560024261475,0,0.37011668086051940918,1
1712152843.4328417778,-1.0672529935836791992,-1.5,0.01855970919132232666,0,0.38471877574920654297,1
1712152843.4838125706,-1.0753918886184692383,-1.5,0.0149729875847697258,0,0.41001811623573303223,1
1712152843.5348250866,-1.0805604457855224609,-1.5,0.013037376105785369873,0,0.42534792423248291016,1
1712152843.5857391357,-1.0915838479995727539,-1.5,0.009224370121955871582,0,0.45481199026107788086,1
1712152843.6366505623,-1.0975354909896850586,-1.5,0.0078627495095133781433,0,0.46955206990242004395,1
1712152843.6876027584,-1.1082390546798706055,-1.5,0.0054724211804568767548,0,0.49490457773208618164,1
1712152843.7384176254,-1.1169050931930541992,-1.5,0.0038135687354952096939,0,0.5146458745002746582,1
1712152843.7892115116,-1.1282120943069458008,-1.5,0.0018097374122589826584,0,0.53957605361938476562,1
1712152843.8398754597,-1.1349467039108276367,-1.5,0.00084492756286635994911,0,0.55354452133178710938,1
1712152843.8906991482,-1.1491632461547851562,-1.5,-0.00074987940024584531784,0,0.58023881912231445312,1
1712152843.9414255619,-1.1562215089797973633,-1.5,-0.0013306569308042526245,0,0.59221601486206054688,1
1712152843.992213726,-1.1708171367645263672,-1.5,-0.0030985129997134208679,0,0.6143162846565246582,1
1712152844.0429694653,-1.1758006811141967773,-1.5,-0.0036727343685925006866,0,0.6208057403564453125,1
1712152844.0937445164,-1.1904121637344360352,-1.5,-0.0055250362493097782135,0,0.63802427053451538086,1
1712152844.1446332932,-1.2054117918014526367,-1.5,-0.0079348254948854446411,0,0.65303516387939453125,1
1712152844.1967656612,-1.212675929069519043,-1.5,-0.0093245841562747955322,0,0.65932124853134155273,1
1712152844.2474625111,-1.2270002365112304688,-1.5,-0.01239755190908908844,0,0.67048203945159912109,1
1712152844.2981874943,-1.2338962554931640625,-1.5,-0.01401328016072511673,0,0.67521625757217407227,1
1712152844.3488612175,-1.2463929653167724609,-1.5,-0.017541874200105667114,0,0.68265110254287719727,1
1712152844.3995416164,-1.250393986701965332,-1.5,-0.018749000504612922668,0,0.68467515707015991211,1
1712152844.450299263,-1.2616915702819824219,-1.5,-0.021948985755443572998,0,0.68955910205841064453,1
1712152844.5010385513,-1.2667609453201293945,-1.5,-0.023427192121744155884,0,0.69122713804244995117,1
1712152844.5517947674,-1.2766180038452148438,-1.5,-0.026671251282095909119,0,0.69407939910888671875,1
1712152844.6025366783,-1.2795231342315673828,-1.5,-0.027700515463948249817,0,0.69485229253768920898,1
1712152844.6533300877,-1.2890672683715820312,-1.5,-0.031640358269214630127,0,0.69671708345413208008,1
1712152844.7040889263,-1.2918224334716796875,-1.5,-0.032879780977964401245,0,0.69709062576293945312,1
1712152844.7548556328,-1.2987903356552124023,-1.5,-0.036353837698698043823,0,0.69727784395217895508,1
1712152844.8056516647,-1.3020188808441162109,-1.5,-0.038034636527299880981,0,0.69717818498611450195,1
1712152844.8564331532,-1.3077578544616699219,-1.5,-0.041197389364242553711,0,0.69679075479507446289,1
1712152844.9071993828,-1.3103367090225219727,-1.5,-0.04290625452995300293,0,0.69682520627975463867,1
1712152844.9579768181,-1.3144829273223876953,-1.5,-0.045821063220500946045,0,0.6967875361442565918,1
1712152845.0087282658,-1.3168745040893554688,-1.5,-0.047630853950977325439,0,0.69690179824829101562,1
1712152845.0594785213,-1.3210985660552978516,-1.5,-0.051339875906705856323,0,0.69732046127319335938,1
1712152845.1102089882,-1.3251038789749145508,-1.5,-0.055626586079597473145,0,0.69792926311492919922,1
1712152845.161100626,-1.3268512487411499023,-1.5,-0.057589195668697357178,0,0.69836068153381347656,1
1712152845.2119278908,-1.3280611038208007812,-1.5,-0.058917962014675140381,0,0.6985569000244140625,1
1712152845.2628135681,-1.3312866687774658203,-1.5,-0.062510065734386444092,0,0.69900834560394287109,1
1712152845.3134710789,-1.3341653347015380859,-1.5,-0.065963856875896453857,0,0.69942015409469604492,1
1712152845.3640100956,-1.3355292081832885742,-1.5,-0.06751171499490737915,0,0.69970226287841796875,1
1712152845.414940834,-1.338374018669128418,-1.5,-0.070530772209167480469,0,0.70092523097991943359,1
1712152845.4656522274,-1.3396847248077392578,-1.5,-0.07219495624303817749,0,0.70159971714019775391,1
1712152845.516302824,-1.342067718505859375,-1.5,-0.074737019836902618408,0,0.70281994342803955078,1
1712152845.5671122074,-1.3434463739395141602,-1.5,-0.076074086129665374756,0,0.70254856348037719727,1
1712152845.6178469658,-1.3459196090698242188,-1.5,-0.078286573290824890137,0,0.70038789510726928711,1
1712152845.6685991287,-1.3473044633865356445,-1.5,-0.079306237399578094482,0,0.69938272237777709961,1
1712152845.7194097042,-1.3503308296203613281,-1.5,-0.080995395779609680176,0,0.69810205698013305664,1
1712152845.7701590061,-1.35164642333984375,-1.5,-0.081557244062423706055,0,0.69790172576904296875,1
1712152845.8208763599,-1.3540096282958984375,-1.5,-0.082624733448028564453,0,0.69800323247909545898,1
1712152845.8716168404,-1.3555667400360107422,-1.5,-0.083162441849708557129,0,0.69847309589385986328,1
1712152845.9229640961,-1.3585317134857177734,-1.5,-0.083592869341373443604,0,0.69970333576202392578,1
1712152845.9738810062,-1.3599543571472167969,-1.5,-0.083590984344482421875,0,0.70042711496353149414,1
1712152846.0246562958,-1.3629293441772460938,-1.5,-0.083510264754295349121,0,0.70214229822158813477,1
1712152846.0753474236,-1.3649013042449951172,-1.5,-0.083275996148586273193,0,0.70334577560424804688,1
1712152846.1260032654,-1.3670060634613037109,-1.5,-0.083204865455627441406,0,0.70457381010055541992,1
1712152846.176738739,-1.3696606159210205078,-1.5,-0.082801647484302520752,0,0.70509481430053710938,1
1712152846.2275211811,-1.3710808753967285156,-1.5,-0.08266334235668182373,0,0.70488405227661132812,1
1712152846.2782654762,-1.3744674921035766602,-1.5,-0.082452639937400817871,0,0.70475143194198608398,1
1712152846.3290069103,-1.3763434886932373047,-1.5,-0.082405678927898406982,0,0.70470649003982543945,1
1712152846.3797402382,-1.3800122737884521484,-1.5,-0.082381941378116607666,0,0.70511639118194580078,1
1712152846.4307010174,-1.3819599151611328125,-1.5,-0.082712702453136444092,0,0.70575171709060668945,1
1712152846.4819169044,-1.3852181434631347656,-1.5,-0.083326332271099090576,0,0.70714735984802246094,1
1712152846.5327682495,-1.3871766328811645508,-1.5,-0.083735063672065734863,0,0.7080834507942199707,1
1712152846.5836036205,-1.391194462776184082,-1.5,-0.084836058318614959717,0,0.70999807119369506836,1
1712152846.6344935894,-1.3931914567947387695,-1.5,-0.0854053497314453125,0,0.71104019880294799805,1
1712152846.6853861809,-1.3966432809829711914,-1.5,-0.086624167859554290771,0,0.71253305673599243164,1
1712152846.7363371849,-1.3986592292785644531,-1.5,-0.087365336716175079346,0,0.71342778205871582031,1
1712152846.7872452736,-1.4028526544570922852,-1.5,-0.089110769331455230713,0,0.71530550718307495117,1
1712152846.8380651474,-1.4046016931533813477,-1.5,-0.089929476380348205566,0,0.71521073579788208008,1
1712152846.8889465332,-1.4082158803939819336,-1.5,-0.091575756669044494629,0,0.71357595920562744141,1
1712152846.9400193691,-1.4102561473846435547,-1.5,-0.092500150203704833984,0,0.71284317970275878906,1
1712152846.9913191795,-1.4132410287857055664,-1.5,-0.093719206750392913818,0,0.71215641498565673828,1
1712152847.0421972275,-1.41475677490234375,-1.5,-0.094256572425365447998,0,0.71182459592819213867,1
1712152847.0931677818,-1.4177706241607666016,-1.5,-0.095267854630947113037,0,0.71131855249404907227,1
1712152847.1440041065,-1.4192548990249633789,-1.5,-0.095671311020851135254,0,0.7111148834228515625,1
1712152847.1950018406,-1.4221289157867431641,-1.5,-0.09602019190788269043,0,0.7110125422477722168,1
1712152847.2459244728,-1.4236819744110107422,-1.5,-0.095774225890636444092,0,0.70950186252593994141,1
1712152847.296797514,-1.4243946075439453125,-1.5,-0.095515206456184387207,0,0.70833039283752441406,1
1712152847.3476262093,-1.42542266845703125,-1.5,-0.095066778361797332764,0,0.70679724216461181641,1
1712152847.398485899,-1.4259134531021118164,-1.5,-0.09490826725959777832,0,0.70611119270324707031,1
1712152847.4493358135,-1.4264538288116455078,-1.5,-0.094493977725505828857,0,0.70505893230438232422,1
1712152847.5002684593,-1.4267297983169555664,-1.5,-0.094146899878978729248,0,0.70473217964172363281,1
1712152847.5511646271,-1.4267852306365966797,-1.5,-0.093047529458999633789,0,0.70455574989318847656,1
1712152847.6020252705,-1.4267435073852539062,-1.5,-0.09243472665548324585,0,0.70466852188110351562,1
1712152847.6529028416,-1.4266916513442993164,-1.5,-0.091521471738815307617,0,0.704944610595703125,1
1712152847.7039940357,-1.4267473220825195312,-1.5,-0.09068031609058380127,0,0.70541518926620483398,1
1712152847.7548825741,-1.4268424510955810547,-1.5,-0.089022785425186157227,0,0.70682102441787719727,1
1712152847.8057630062,-1.4269052743911743164,-1.5,-0.088244162499904632568,0,0.70790076255798339844,1
1712152847.8566670418,-1.4266612529754638672,-1.5,-0.086988992989063262939,0,0.71063470840454101562,1
1712152847.9077394009,-1.4265055656433105469,-1.5,-0.08649695664644241333,0,0.7116069793701171875,1
1712152847.9587635994,-1.425919651985168457,-1.5,-0.08441810309886932373,0,0.71487396955490112305,1
1712152848.0097513199,-1.4255241155624389648,-1.5,-0.082320109009742736816,0,0.7170022130012512207,1
1712152848.0606827736,-1.4250574111938476562,-1.5,-0.08121128380298614502,0,0.71820825338363647461,1
1712152848.1115775108,-1.4241334199905395508,-1.5,-0.07882127910852432251,0,0.72083520889282226562,1
1712152848.1624286175,-1.4234663248062133789,-1.5,-0.077519811689853668213,0,0.72195798158645629883,1
1712152848.2136349678,-1.4224439859390258789,-1.5,-0.075558267533779144287,0,0.72361207008361816406,1
1712152848.264673233,-1.4219946861267089844,-1.5,-0.074338607490062713623,0,0.72446489334106445312,1
1712152848.3155784607,-1.420806884765625,-1.5,-0.07228123396635055542,0,0.72611993551254272461,1
1712152848.3677289486,-1.4202911853790283203,-1.5,-0.071315281093120574951,0,0.72674387693405151367,1
1712152848.4195713997,-1.4196906089782714844,-1.5,-0.069937206804752349854,0,0.72734236717224121094,1
1712152848.4704530239,-1.4196587800979614258,-1.5,-0.069295860826969146729,0,0.72740978002548217773,1
1712152848.5213055611,-1.4197471141815185547,-1.5,-0.06865100562572479248,0,0.72719472646713256836,1
1712152848.5722441673,-1.4199929237365722656,-1.5,-0.068311236798763275146,0,0.72707957029342651367,1
1712152848.6231236458,-1.4207948446273803711,-1.5,-0.067718371748924255371,0,0.72671204805374145508,1
1712152848.6741275787,-1.4213056564331054688,-1.5,-0.067441165447235107422,0,0.72637420892715454102,1
1712152848.7248489857,-1.4225184917449951172,-1.5,-0.067496404051780700684,0,0.7257906794548034668,1
1712152848.7756850719,-1.4231535196304321289,-1.5,-0.067650832235813140869,0,0.72549003362655639648,1
1712152848.8263766766,-1.4245965480804443359,-1.5,-0.068000622093677520752,0,0.72518903017044067383,1
1712152848.8771519661,-1.4258930683135986328,-1.5,-0.068183347582817077637,0,0.72515922784805297852,1
1712152848.9279522896,-1.4267610311508178711,-1.5,-0.068464621901512145996,0,0.72498464584350585938,1
1712152848.9787833691,-1.4284822940826416016,-1.5,-0.069130979478359222412,0,0.72450822591781616211,1
1712152849.0295994282,-1.4295526742935180664,-1.5,-0.069422289729118347168,0,0.72450327873229980469,1
1712152849.0806047916,-1.4315917491912841797,-1.5,-0.070523843169212341309,0,0.72453457117080688477,1
1712152849.1315472126,-1.4323083162307739258,-1.5,-0.070908091962337493896,0,0.72444617748260498047,1
1712152849.182543993,-1.4346617460250854492,-1.5,-0.072497896850109100342,0,0.72408735752105712891,1
1712152849.2334609032,-1.4359648227691650391,-1.5,-0.073174998164176940918,0,0.72386413812637329102,1
1712152849.284705162,-1.4383846521377563477,-1.5,-0.0748254433274269104,0,0.72377389669418334961,1
1712152849.3356058598,-1.4393781423568725586,-1.5,-0.075482994318008422852,0,0.72401452064514160156,1
1712152849.3876953125,-1.4408611059188842773,-1.5,-0.076742179691791534424,0,0.724864959716796875,1
1712152849.438773632,-1.4415383338928222656,-1.5,-0.077623397111892700195,0,0.72561180591583251953,1
1712152849.4896037579,-1.4424878358840942383,-1.5,-0.079166740179061889648,0,0.72699654102325439453,1
1712152849.5407450199,-1.4428987503051757812,-1.5,-0.080108679831027984619,0,0.72745764255523681641,1
1712152849.5916264057,-1.443495631217956543,-1.5,-0.081459574401378631592,0,0.72802793979644775391,1
1712152849.642424345,-1.4440519809722900391,-1.5,-0.08269831538200378418,0,0.7284145355224609375,1
1712152849.6933135986,-1.4440519809722900391,-1.5,-0.08269831538200378418,0,0.7284145355224609375,1
1712152849.7441165447,-1.44455718994140625,-1.5,-0.084036566317081451416,0,0.72936582565307617188,1
1712152849.7949595451,-1.4448084831237792969,-1.5,-0.084560103714466094971,0,0.72974592447280883789,1
1712152849.8458271027,-1.4452494382858276367,-1.5,-0.085138335824012756348,0,0.73025017976760864258,1
1712152849.8967540264,-1.4461545944213867188,-1.5,-0.086319401860237121582,0,0.73144018650054931641,1
1712152849.947614193,-1.4464581012725830078,-1.5,-0.086901947855949401855,0,0.73227483034133911133,1
1712152849.9984538555,-1.4464581012725830078,-1.5,-0.086901947855949401855,0,0.73227483034133911133,1
1712152850.049264431,-1.4470371007919311523,-1.5,-0.086838357150554656982,0,0.73369181156158447266,1
1712152850.1004264355,-1.447043299674987793,-1.5,-0.086469925940036773682,0,0.73454946279525756836,1
1712152850.15128088,-1.4469311237335205078,-1.5,-0.086204461753368377686,0,0.73572880029678344727,1
1712152850.202101469,-1.4466756582260131836,-1.5,-0.085914529860019683838,0,0.73648631572723388672,1
1712152850.2529735565,-1.4461869001388549805,-1.5,-0.085228703916072845459,0,0.73763489723205566406,1
1712152850.3037614822,-1.4458602666854858398,-1.5,-0.084721542894840240479,0,0.73803192377090454102,1
1712152850.3546152115,-1.4455502033233642578,-1.5,-0.083736091852188110352,0,0.73825186491012573242,1
1712152850.4054555893,-1.4450145959854125977,-1.5,-0.082342289388179779053,0,0.73799920082092285156,1
1712152850.45632267,-1.4450145959854125977,-1.5,-0.082342289388179779053,0,0.73799920082092285156,1
1712152850.5071060658,-1.444622039794921875,-1.5,-0.08042917400598526001,0,0.73749017715454101562,1
1712152850.5578770638,-1.4441872835159301758,-1.5,-0.079674333333969116211,0,0.73736172914505004883,1
1712152850.6087257862,-1.4438483715057373047,-1.5,-0.078973196446895599365,0,0.73734003305435180664,1
1712152850.6595094204,-1.4429367780685424805,-1.5,-0.077224358916282653809,0,0.73710584640502929688,1
1712152850.7103593349,-1.4424939155578613281,-1.5,-0.075990013778209686279,0,0.73653322458267211914,1
1712152850.7612211704,-1.4413236379623413086,-1.5,-0.073646865785121917725,0,0.73569267988204956055,1
1712152850.8121545315,-1.4405890703201293945,-1.5,-0.072440840303897857666,0,0.73510754108428955078,1
1712152850.8631315231,-1.439255833625793457,-1.5,-0.069579139351844787598,0,0.73404788970947265625,1
1712152850.9139406681,-1.4385095834732055664,-1.5,-0.067992351949214935303,0,0.73327714204788208008,1
1712152850.9648087025,-1.4385095834732055664,-1.5,-0.067992351949214935303,0,0.73327714204788208008,1
1712152851.0157253742,-1.4375234842300415039,-1.5,-0.064881466329097747803,0,0.7314605712890625,1
1712152851.0668795109,-1.4375234842300415039,-1.5,-0.064881466329097747803,0,0.7314605712890625,1
1712152851.1177985668,-1.4375996589660644531,-1.5,-0.062256507575511932373,0,0.7294241786003112793,1
1712152851.1686551571,-1.437777400016784668,-1.5,-0.061550099402666091919,0,0.72874563932418823242,1
1712152851.2195324898,-1.4379560947418212891,-1.5,-0.060966093093156814575,0,0.72823554277420043945,1
1712152851.2709331512,-1.4384325742721557617,-1.5,-0.05983518064022064209,0,0.72721785306930541992,1
1712152851.3219060898,-1.4389482736587524414,-1.5,-0.059378135949373245239,0,0.72630703449249267578,1
1712152851.3728621006,-1.4389482736587524414,-1.5,-0.059378135949373245239,0,0.72630703449249267578,1
1712152851.4236781597,-1.4400007724761962891,-1.5,-0.058924429118633270264,0,0.72527414560317993164,1
1712152851.4744634628,-1.4405318498611450195,-1.5,-0.058980967849493026733,0,0.72504967451095581055,1
1712152851.5252482891,-1.4412566423416137695,-1.5,-0.059088606387376785278,0,0.72491860389709472656,1
1712152851.5759744644,-1.4412566423416137695,-1.5,-0.059088606387376785278,0,0.72491860389709472656,1
1712152851.626657486,-1.4436993598937988281,-1.5,-0.060148179531097412109,0,0.72213941812515258789,1
1712152851.6774039268,-1.444499969482421875,-1.5,-0.060643076896667480469,0,0.72095155715942382812,1
1712152851.7283062935,-1.4466693401336669922,-1.5,-0.061823431402444839478,0,0.71929121017456054688,1
1712152851.7791905403,-1.4483853578567504883,-1.5,-0.063184730708599090576,0,0.7185294032096862793,1
1712152851.8299646378,-1.44934844970703125,-1.5,-0.064298681914806365967,0,0.71843695640563964844,1
1712152851.8808426857,-1.4513750076293945312,-1.5,-0.067058630287647247314,0,0.71918374300003051758,1
1712152851.9317450523,-1.4513750076293945312,-1.5,-0.067058630287647247314,0,0.71918374300003051758,1
1712152851.9825909138,-1.4546179771423339844,-1.5,-0.071875326335430145264,0,0.72064965963363647461,1
1712152852.033554554,-1.4553335905075073242,-1.5,-0.073057055473327636719,0,0.72111392021179199219,1
1712152852.0845265388,-1.4573274850845336914,-1.5,-0.077424317598342895508,0,0.72227114439010620117,1
1712152852.1353909969,-1.4580208063125610352,-1.5,-0.07959225773811340332,0,0.72249060869216918945,1
1712152852.1863062382,-1.4587426185607910156,-1.5,-0.081645049154758453369,0,0.72278183698654174805,1
1712152852.2374377251,-1.4587426185607910156,-1.5,-0.081645049154758453369,0,0.72278183698654174805,1
1712152852.2884802818,-1.4604157209396362305,-1.5,-0.08890488743782043457,0,0.72380143404006958008,1
1712152852.3401596546,-1.4606320858001708984,-1.5,-0.090908899903297424316,0,0.72412800788879394531,1
1712152852.391076088,-1.4605404138565063477,-1.5,-0.094707302749156951904,0,0.72441786527633666992,1
1712152852.4418940544,-1.4603615999221801758,-1.5,-0.0965784415602684021,0,0.72449493408203125,1
1712152852.4927444458,-1.460230708122253418,-1.5,-0.099917165935039520264,0,0.72454977035522460938,1
1712152852.5436692238,-1.460150599479675293,-1.5,-0.10175342857837677002,0,0.72469633817672729492,1
1712152852.594550848,-1.4598195552825927734,-1.5,-0.10470359772443771362,0,0.72510510683059692383,1
1712152852.6454360485,-1.4593567848205566406,-1.5,-0.10746879875659942627,0,0.72572994232177734375,1
1712152852.6963455677,-1.4590746164321899414,-1.5,-0.10881972312927246094,0,0.72623777389526367188,1
1712152852.747410059,-1.4585957527160644531,-1.5,-0.11097806692123413086,0,0.72720682621002197266,1
1712152852.7983496189,-1.4583261013031005859,-1.5,-0.11223759502172470093,0,0.72785228490829467773,1
1712152852.849956274,-1.4579321146011352539,-1.5,-0.1144264712929725647,0,0.72940653562545776367,1
1712152852.9011986256,-1.4577739238739013672,-1.5,-0.11541022360324859619,0,0.73028522729873657227,1
1712152852.9521193504,-1.4573150873184204102,-1.5,-0.11708853393793106079,0,0.73215126991271972656,1
1712152853.0031206608,-1.4566823244094848633,-1.5,-0.11754139512777328491,0,0.73214834928512573242,1
1712152853.0547144413,-1.456048130989074707,-1.5,-0.1186065375804901123,0,0.73075312376022338867,1
1712152853.1061499119,-1.4560092687606811523,-1.5,-0.11886759847402572632,0,0.73037493228912353516,1
1712152853.1573193073,-1.4555644989013671875,-1.5,-0.11983112990856170654,0,0.72934854030609130859,1
1712152853.2085251808,-1.4551519155502319336,-1.5,-0.12015493959188461304,0,0.72909557819366455078,1
1712152853.2593998909,-1.4545776844024658203,-1.5,-0.12006638944149017334,0,0.72907376289367675781,1
1712152853.3101131916,-1.4541934728622436523,-1.5,-0.12010281533002853394,0,0.72918182611465454102,1
1712152853.3608207703,-1.4537433385848999023,-1.5,-0.12004385888576507568,0,0.72957849502563476562,1
1712152853.4116973877,-1.4533202648162841797,-1.5,-0.11985238641500473022,0,0.72983580827713012695,1
1712152853.4625737667,-1.4526352882385253906,-1.5,-0.11865271627902984619,0,0.73088830709457397461,1
1712152853.5134530067,-1.4520630836486816406,-1.5,-0.11764470487833023071,0,0.73099917173385620117,1
1712152853.564375639,-1.45072174072265625,-1.5,-0.11599986255168914795,0,0.72997951507568359375,1
1712152853.6151797771,-1.4496566057205200195,-1.5,-0.11427378654479980469,0,0.72888994216918945312,1
1712152853.6660327911,-1.449093937873840332,-1.5,-0.1132794991135597229,0,0.72842198610305786133,1
1712152853.7169966698,-1.4483114480972290039,-1.5,-0.1113805919885635376,0,0.72777354717254638672,1
1712152853.7678771019,-1.4477404356002807617,-1.5,-0.11037357151508331299,0,0.72745937108993530273,1
1712152853.8188376427,-1.4464505910873413086,-1.5,-0.10773552209138870239,0,0.72703897953033447266,1
1712152853.8697395325,-1.4458105564117431641,-1.5,-0.10627003759145736694,0,0.72690171003341674805,1
1712152853.9205858707,-1.4450633525848388672,-1.5,-0.10382681339979171753,0,0.72699975967407226562,1
1712152853.9714407921,-1.4445863962173461914,-1.5,-0.10239174962043762207,0,0.72725915908813476562,1
1712152854.0231089592,-1.443802952766418457,-1.5,-0.099906615912914276123,0,0.72841179370880126953,1
1712152854.0739479065,-1.443385004997253418,-1.5,-0.098914362490177154541,0,0.72906899452209472656,1
1712152854.1248812675,-1.44293975830078125,-1.5,-0.097103334963321685791,0,0.7301413416862487793,1
1712152854.1758306026,-1.4428173303604125977,-1.5,-0.096414595842361450195,0,0.73081064224243164062,1
1712152854.2269918919,-1.4428229331970214844,-1.5,-0.095419585704803466797,0,0.73183685541152954102,1
1712152854.2779107094,-1.4430081844329833984,-1.5,-0.095022320747375488281,0,0.73267501592636108398,1
1712152854.3288712502,-1.443509221076965332,-1.5,-0.094626434147357940674,0,0.73434293270111083984,1
1712152854.3797888756,-1.4439615011215209961,-1.5,-0.094586685299873352051,0,0.73563659191131591797,1
1712152854.4307308197,-1.4441601037979125977,-1.5,-0.094805687665939331055,0,0.73604846000671386719,1
1712152854.4816155434,-1.4445035457611083984,-1.5,-0.095096319913864135742,0,0.73697543144226074219,1
1712152854.5324964523,-1.4446195363998413086,-1.5,-0.095214739441871643066,0,0.73722290992736816406,1
1712152854.5833415985,-1.4449317455291748047,-1.5,-0.095888547599315643311,0,0.73809409141540527344,1
1712152854.6341826916,-1.4450986385345458984,-1.5,-0.096268571913242340088,0,0.73863804340362548828,1
1712152854.6850500107,-1.4454913139343261719,-1.5,-0.097466886043548583984,0,0.73955446481704711914,1
1712152854.7358548641,-1.4456713199615478516,-1.5,-0.098007559776306152344,0,0.74001467227935791016,1
1712152854.7868685722,-1.4460604190826416016,-1.5,-0.098874084651470184326,0,0.74075561761856079102,1
1712152854.8379569054,-1.4461734294891357422,-1.5,-0.099291764199733734131,0,0.74123501777648925781,1
1712152854.8887264729,-1.4464957714080810547,-1.5,-0.10041087865829467773,0,0.74214828014373779297,1
1712152854.9394683838,-1.446720123291015625,-1.5,-0.100913219153881073,0,0.74264675378799438477,1
1712152854.9902458191,-1.4470177888870239258,-1.5,-0.10188869386911392212,0,0.74379169940948486328,1
1712152855.0417683125,-1.4472842216491699219,-1.5,-0.10240983963012695312,0,0.74432355165481567383,1
1712152855.0928168297,-1.4476262331008911133,-1.5,-0.10326357185840606689,0,0.74503952264785766602,1
1712152855.1437778473,-1.4478540420532226562,-1.5,-0.10387093573808670044,0,0.74545103311538696289,1
1712152855.194791317,-1.4481674432754516602,-1.5,-0.10452499240636825562,0,0.74563103914260864258,1
1712152855.2457082272,-1.4485048055648803711,-1.5,-0.10514698177576065063,0,0.74599117040634155273,1
1712152855.2969875336,-1.4486582279205322266,-1.5,-0.10537851601839065552,0,0.74617934226989746094,1
1712152855.3484158516,-1.4489293098449707031,-1.5,-0.10562792420387268066,0,0.74649244546890258789,1
1712152855.399323225,-1.449046015739440918,-1.5,-0.10576532036066055298,0,0.74671220779418945312,1
1712152855.4502913952,-1.4493020772933959961,-1.5,-0.10591208189725875854,0,0.74675297737121582031,1
1712152855.5012080669,-1.4495071172714233398,-1.5,-0.10599916428327560425,0,0.74670636653900146484,1
1712152855.5520982742,-1.4501142501831054688,-1.5,-0.10641606897115707397,0,0.74643474817276000977,1
1712152855.603001833,-1.4504439830780029297,-1.5,-0.10663120448589324951,0,0.74641048908233642578,1
1712152855.6538581848,-1.4510904550552368164,-1.5,-0.10677161067724227905,0,0.7464364171028137207,1
1712152855.7047352791,-1.4515576362609863281,-1.5,-0.10681713372468948364,0,0.74639594554901123047,1
1712152855.7555937767,-1.4522724151611328125,-1.5,-0.1071753576397895813,0,0.74623292684555053711,1
1712152855.8067576885,-1.4526681900024414062,-1.5,-0.10726294666528701782,0,0.74610370397567749023,1
1712152855.8581779003,-1.4531564712524414062,-1.5,-0.10702779889106750488,0,0.74601662158966064453,1
1712152855.9094488621,-1.4534810781478881836,-1.5,-0.10619486868381500244,0,0.74603748321533203125,1
1712152855.9604773521,-1.4539622068405151367,-1.5,-0.10176560282707214355,0,0.7458979487419128418,1
1712152856.0113048553,-1.4541834592819213867,-1.5,-0.097855702042579650879,0,0.74594098329544067383,1
1712152856.0623698235,-1.4549080133438110352,-1.5,-0.088336698710918426514,0,0.74790900945663452148,1
1712152856.1135108471,-1.4553722143173217773,-1.5,-0.082189522683620452881,0,0.75022327899932861328,1
1712152856.164580822,-1.4562445878982543945,-1.5,-0.064709678292274475098,0,0.75738382339477539062,1
1712152856.2159063816,-1.4570870399475097656,-1.5,-0.040826126933097839355,0,0.76674258708953857422,1
1712152856.2676262856,-1.4575024843215942383,-1.5,-0.031822863966226577759,0,0.77014583349227905273,1
1712152856.3187777996,-1.4586821794509887695,-1.5,0.0014489014865830540657,0,0.78165382146835327148,1
1712152856.3700730801,-1.4591957330703735352,-1.5,0.016537483781576156616,0,0.78627169132232666016,1
1712152856.4211118221,-1.4602097272872924805,-1.5,0.055296465754508972168,0,0.79687380790710449219,1
1712152856.4721882343,-1.4605278968811035156,-1.5,0.0731562003493309021,0,0.80085402727127075195,1
1712152856.5232098103,-1.4613060951232910156,-1.5,0.11676499247550964355,0,0.80908042192459106445,1
1712152856.5742034912,-1.4616597890853881836,-1.5,0.13598914444446563721,0,0.81187391281127929688,1
1712152856.625234127,-1.4624257087707519531,-1.5,0.18169945478439331055,0,0.81698393821716308594,1
1712152856.6762692928,-1.4628727436065673828,-1.5,0.20092578232288360596,0,0.8180840611457824707,1
1712152856.7275021076,-1.4637840986251831055,-1.5,0.2462415844202041626,0,0.81908571720123291016,1
1712152856.7788410187,-1.4642651081085205078,-1.5,0.26574975252151489258,0,0.81861782073974609375,1
1712152856.8299639225,-1.4653376340866088867,-1.5,0.30782207846641540527,0,0.81615662574768066406,1
1712152856.8808336258,-1.4668172597885131836,-1.5,0.35197871923446655273,0,0.81139343976974487305,1
1712152856.9317598343,-1.467652440071105957,-1.5,0.37342762947082519531,0,0.8085613250732421875,1
1712152856.9827172756,-1.4692004919052124023,-1.5,0.40895414352416992188,0,0.80343067646026611328,1
1712152857.0336511135,-1.4699813127517700195,-1.5,0.42977148294448852539,0,0.80008679628372192383,1
1712152857.0845675468,-1.4715543985366821289,-1.5,0.46422141790390014648,0,0.7942059636116027832,1
1712152857.1355214119,-1.4724432229995727539,-1.5,0.4838282167911529541,0,0.79055631160736083984,1
1712152857.1864013672,-1.4741306304931640625,-1.5,0.51538836956024169922,0,0.78462415933609008789,1
1712152857.2373723984,-1.4750980138778686523,-1.5,0.53243422508239746094,0,0.78092634677886962891,1
1712152857.28834939,-1.4767044782638549805,-1.5,0.56574875116348266602,0,0.77353072166442871094,1
1712152857.3393371105,-1.4775068759918212891,-1.5,0.58136039972305297852,0,0.76997315883636474609,1
1712152857.3902630806,-1.4795572757720947266,-1.5,0.60588854551315307617,0,0.76415228843688964844,1
1712152857.441126585,-1.4807460308074951172,-1.5,0.61933630704879760742,0,0.76096528768539428711,1
1712152857.4919867516,-1.4824553728103637695,-1.5,0.6412900090217590332,0,0.75643098354339599609,1
1712152857.5433599949,-1.4845508337020874023,-1.5,0.66472792625427246094,0,0.75226163864135742188,1
1712152857.5941946507,-1.4855648279190063477,-1.5,0.67543816566467285156,0,0.75060451030731201172,1
1712152857.6450731754,-1.4871642589569091797,-1.5,0.69224834442138671875,0,0.74811583757400512695,1
1712152857.696023941,-1.4880235195159912109,-1.5,0.70193898677825927734,0,0.74678456783294677734,1
1712152857.746837616,-1.4896167516708374023,-1.5,0.71663904190063476562,0,0.74477756023406982422,1
1712152857.797917366,-1.4901663064956665039,-1.5,0.72425872087478637695,0,0.74283778667449951172,1
1712152857.849142313,-1.4920164346694946289,-1.5,0.73870891332626342773,0,0.73845970630645751953,1
1712152857.8999135494,-1.4927589893341064453,-1.5,0.74299436807632446289,0,0.73703783750534057617,1
1712152857.9508099556,-1.494931340217590332,-1.5,0.75460851192474365234,0,0.73341012001037597656,1
1712152858.0023112297,-1.4958804845809936523,-1.5,0.75930052995681762695,0,0.73206615447998046875,1
1712152858.0532104969,-1.4971714019775390625,-1.5,0.76591604948043823242,0,0.73046803474426269531,1
1712152858.1040108204,-1.4978764057159423828,-1.5,0.76944553852081298828,0,0.72987043857574462891,1
1712152858.1548128128,-1.4992119073867797852,-1.5,0.77534568309783935547,0,0.72940850257873535156,1
1712152858.2058796883,-1.4995777606964111328,-1.5,0.77707558870315551758,0,0.72949838638305664062,1
1712152858.2569839954,-1.5001647472381591797,-1.5,0.78159350156784057617,0,0.73060774803161621094,1
1712152858.3081104755,-1.5003529787063598633,-1.5,0.78334021568298339844,0,0.73156720399856567383,1
1712152858.3592398167,-1.500352025032043457,-1.5,0.786296844482421875,0,0.73352676630020141602,1
1712152858.4103662968,-1.5002164840698242188,-1.5,0.78801643848419189453,0,0.73484587669372558594,1
1712152858.4614560604,-1.4997115135192871094,-1.5,0.79126727581024169922,0,0.737491607666015625,1
1712152858.5127735138,-1.4993897676467895508,-1.5,0.79315769672393798828,0,0.73957335948944091797,1
1712152858.5637996197,-1.4984745979309082031,-1.5,0.79784631729125976562,0,0.74609488248825073242,1
1712152858.614824295,-1.4974501132965087891,-1.5,0.80249631404876708984,0,0.7536938786506652832,1
1712152858.6657989025,-1.4966394901275634766,-1.5,0.80573797225952148438,0,0.75905060768127441406,1
1712152858.7172448635,-1.49517822265625,-1.5,0.8128712773323059082,0,0.77033323049545288086,1
1712152858.7684857845,-1.494631648063659668,-1.5,0.81573981046676635742,0,0.77422356605529785156,1
1712152858.8195524216,-1.4920554161071777344,-1.5,0.82522940635681152344,0,0.7862720489501953125,1
1712152858.8706815243,-1.4907252788543701172,-1.5,0.83050805330276489258,0,0.79230338335037231445,1
1712152858.9217653275,-1.4876433610916137695,-1.5,0.84213125705718994141,0,0.80384647846221923828,1
1712152858.9728226662,-1.4852581024169921875,-1.5,0.85095506906509399414,0,0.81143593788146972656,1
1712152859.0240156651,-1.4819729328155517578,-1.5,0.8623536229133605957,0,0.81990379095077514648,1
1712152859.0751011372,-1.4804893732070922852,-1.5,0.86727958917617797852,0,0.8232879638671875,1
1712152859.1262819767,-1.4760804176330566406,-1.5,0.88241082429885864258,0,0.83240091800689697266,1
1712152859.177369833,-1.4714673757553100586,-1.5,0.89866614341735839844,0,0.84012460708618164062,1
1712152859.2285671234,-1.4690526723861694336,-1.5,0.90705794095993041992,0,0.84340751171112060547,1
1712152859.2796473503,-1.4641673564910888672,-1.5,0.924530029296875,0,0.84964680671691894531,1
1712152859.3307375908,-1.4617710113525390625,-1.5,0.93292158842086791992,0,0.85218560695648193359,1
1712152859.3817985058,-1.4578375816345214844,-1.5,0.94645738601684570312,0,0.85581547021865844727,1
1712152859.4328632355,-1.455597996711730957,-1.5,0.9545161128044128418,0,0.85769945383071899414,1
1712152859.4838857651,-1.4513262510299682617,-1.5,0.97012943029403686523,0,0.86072981357574462891,1
1712152859.5349051952,-1.4493067264556884766,-1.5,0.97766500711441040039,0,0.86205953359603881836,1
1712152859.5858960152,-1.4456256628036499023,-1.5,0.99077975749969482422,0,0.86382126808166503906,1
1712152859.636926651,-1.4441654682159423828,-1.5,0.99697202444076538086,0,0.86430823802947998047,1
1712152859.6882333755,-1.442248225212097168,-1.5,1.0068858861923217773,0,0.8650226593017578125,1
1712152859.7390856743,-1.4413567781448364258,-1.5,1.0121085643768310547,0,0.86522674560546875,1
1712152859.7900984287,-1.4399930238723754883,-1.5,1.0213205814361572266,0,0.86512148380279541016,1
1712152859.8419263363,-1.4393210411071777344,-1.5,1.0244427919387817383,0,0.86383318901062011719,1
1712152859.8930261135,-1.4388053417205810547,-1.5,1.0306349992752075195,0,0.85929471254348754883,1
1712152859.9441878796,-1.4390376806259155273,-1.5,1.0326439142227172852,0,0.8569685816764831543,1
1712152859.9953165054,-1.4397573471069335938,-1.5,1.0357344150543212891,0,0.85362935066223144531,1
1712152860.0465633869,-1.4412153959274291992,-1.5,1.0370010137557983398,0,0.85046499967575073242,1
1712152860.0976035595,-1.4422401189804077148,-1.5,1.0372614860534667969,0,0.84932178258895874023,1
1712152860.1486372948,-1.4447150230407714844,-1.5,1.0370008945465087891,0,0.84795904159545898438,1
1712152860.1996791363,-1.4459488391876220703,-1.5,1.0365047454833984375,0,0.84763640165328979492,1
1712152860.2508320808,-1.4483246803283691406,-1.5,1.0349032878875732422,0,0.8475583195686340332,1
1712152860.3020093441,-1.4499819278717041016,-1.5,1.0336024761199951172,0,0.84777081012725830078,1
1712152860.3534173965,-1.4530979394912719727,-1.5,1.0306169986724853516,0,0.84891974925994873047,1
1712152860.4045147896,-1.4546071290969848633,-1.5,1.0289140939712524414,0,0.84988808631896972656,1
1712152860.4555137157,-1.4577814340591430664,-1.5,1.0253171920776367188,0,0.85215389728546142578,1
1712152860.5066542625,-1.4593192338943481445,-1.5,1.0233862400054931641,0,0.85341751575469970703,1
1712152860.5576074123,-1.4615455865859985352,-1.5,1.0203355550765991211,0,0.85559988021850585938,1
1712152860.6087396145,-1.462681889533996582,-1.5,1.0183409452438354492,0,0.85689115524291992188,1
1712152860.6595821381,-1.464520573616027832,-1.5,1.0145194530487060547,0,0.85955464839935302734,1
1712152860.7104673386,-1.4651159048080444336,-1.5,1.0127339363098144531,0,0.86106884479522705078,1
1712152860.761523962,-1.4660114049911499023,-1.5,1.0095878839492797852,0,0.86367577314376831055,1
1712152860.8127636909,-1.4662482738494873047,-1.5,1.0079816579818725586,0,0.86479467153549194336,1
1712152860.8642604351,-1.4663382768630981445,-1.5,1.0057686567306518555,0,0.86648958921432495117,1
1712152860.9156138897,-1.4660288095474243164,-1.5,1.00385284423828125,0,0.86786103248596191406,1
1712152860.9665944576,-1.465728759765625,-1.5,1.0029543638229370117,0,0.86843401193618774414,1
1712152861.0175800323,-1.4647592306137084961,-1.5,1.0016893148422241211,0,0.86935251951217651367,1
1712152861.0686426163,-1.4641091823577880859,-1.5,1.0012747049331665039,0,0.86962884664535522461,1
1712152861.1197223663,-1.4624447822570800781,-1.5,1.0004235506057739258,0,0.86989623308181762695,1
1712152861.1708087921,-1.4618332386016845703,-1.5,1.0002418756484985352,0,0.86994665861129760742,1
1712152861.2218449116,-1.4597510099411010742,-1.5,1.0002651214599609375,0,0.86957472562789916992,1
1712152861.272867918,-1.4586696624755859375,-1.5,1.0003612041473388672,0,0.86902719736099243164,1
1712152861.3239257336,-1.4564024209976196289,-1.5,1.0011186599731445312,0,0.86758798360824584961,1
1712152861.3749446869,-1.4552958011627197266,-1.5,1.0015599727630615234,0,0.86669379472732543945,1
1712152861.4260809422,-1.4530402421951293945,-1.5,1.0029119253158569336,0,0.86490994691848754883,1
1712152861.4771432877,-1.4513207674026489258,-1.5,1.0042227506637573242,0,0.86334627866744995117,1
1712152861.5284378529,-1.4502623081207275391,-1.5,1.0051856040954589844,0,0.86251938343048095703,1
1712152861.57944417,-1.4483671188354492188,-1.5,1.0068711042404174805,0,0.861087799072265625,1
1712152861.6304869652,-1.4477037191390991211,-1.5,1.0077812671661376953,0,0.86039263010025024414,1
1712152861.6815767288,-1.4466825723648071289,-1.5,1.0094904899597167969,0,0.85923582315444946289,1
1712152861.7324745655,-1.4462224245071411133,-1.5,1.0102523565292358398,0,0.85866743326187133789,1
1712152861.7832698822,-1.4452322721481323242,-1.5,1.0115975141525268555,0,0.85774099826812744141,1
1712152861.8341155052,-1.4446147680282592773,-1.5,1.0124672651290893555,0,0.85727417469024658203,1
1712152861.8851149082,-1.44345855712890625,-1.5,1.0140284299850463867,0,0.85625928640365600586,1
1712152861.9361710548,-1.4428737163543701172,-1.5,1.0148123502731323242,0,0.85581475496292114258,1
1712152861.9872288704,-1.4415295124053955078,-1.5,1.0163687467575073242,0,0.85544413328170776367,1
1712152862.0382735729,-1.440632939338684082,-1.5,1.0176025629043579102,0,0.85555124282836914062,1
1712152862.0894987583,-1.4396196603775024414,-1.5,1.0188039541244506836,0,0.85585170984268188477,1
1712152862.1405925751,-1.4387388229370117188,-1.5,1.019633173942565918,0,0.85603892803192138672,1
1712152862.191696167,-1.4368137121200561523,-1.5,1.0212815999984741211,0,0.85665589570999145508,1
1712152862.2427914143,-1.4358451366424560547,-1.5,1.0220355987548828125,0,0.85685640573501586914,1
1712152862.2942168713,-1.4341689348220825195,-1.5,1.0230638980865478516,0,0.85672700405120849609,1
1712152862.3455817699,-1.4321602582931518555,-1.5,1.0240225791931152344,0,0.85635524988174438477,1
1712152862.3967998028,-1.4302903413772583008,-1.5,1.0245941877365112305,0,0.85545289516448974609,1
1712152862.4479763508,-1.4226801395416259766,-1.5,1.0239943265914916992,0,0.84406149387359619141,1
1712152862.4991590977,-1.4173181056976318359,-1.5,1.0241521596908569336,0,0.83372998237609863281,1
1712152862.5509278774,-1.4076651334762573242,-1.5,1.0239347219467163086,0,0.81137543916702270508,1
1712152862.6020505428,-1.399860382080078125,-1.5,1.0239719152450561523,0,0.7964070439338684082,1
1712152862.6531062126,-1.3900055885314941406,-1.5,1.024021148681640625,0,0.78116756677627563477,1
1712152862.7040867805,-1.3649619817733764648,-1.5,1.0234304666519165039,0,0.75147861242294311523,1
1712152862.7557120323,-1.3324329853057861328,-1.5,1.0227434635162353516,0,0.7227497100830078125,1
1712152862.8075954914,-1.3130336999893188477,-1.5,1.0225741863250732422,0,0.70874768495559692383,1
1712152862.8589842319,-1.2785797119140625,-1.5,1.0215494632720947266,0,0.68650877475738525391,1
1712152862.9103109837,-1.2553602457046508789,-1.5,1.0215653181076049805,0,0.67331159114837646484,1
1712152862.9620957375,-1.205196380615234375,-1.5,1.0225956439971923828,0,0.64804053306579589844,1
1712152863.0133690834,-1.1784923076629638672,-1.5,1.0233516693115234375,0,0.63551127910614013672,1
1712152863.0644712448,-1.1233297586441040039,-1.5,1.0246404409408569336,0,0.61201775074005126953,1
1712152863.1156003475,-1.0637925863265991211,-1.5,1.0271881818771362305,0,0.59013330936431884766,1
1712152863.1672959328,-1.0437443256378173828,-1.5,1.0283101797103881836,0,0.58334994316101074219,1
1712152863.219438076,-0.98240166902542114258,-1.5,1.0321331024169921875,0,0.56479662656784057617,1
1712152863.2706508636,-0.94091498851776123047,-1.5,1.0355881452560424805,0,0.55391007661819458008,1
1712152863.3219740391,-0.88933843374252319336,-1.5,1.0403320789337158203,0,0.54205328226089477539,1
1712152863.3730783463,-0.85709297657012939453,-1.5,1.0436992645263671875,0,0.53574365377426147461,1
1712152863.4241685867,-0.79556673765182495117,-1.5,1.0512870550155639648,0,0.5254237055778503418,1
1712152863.4752531052,-0.77618432044982910156,-1.5,1.0539392232894897461,0,0.52261835336685180664,1
1712152863.5262899399,-0.71661615371704101562,-1.5,1.0629837512969970703,0,0.51477205753326416016,1
1712152863.5779728889,-0.66023647785186767578,-1.5,1.0728583335876464844,0,0.50945496559143066406,1
1712152863.6289470196,-0.63285028934478759766,-1.5,1.0780820846557617188,0,0.50772815942764282227,1
1712152863.6800332069,-0.58967608213424682617,-1.5,1.0872905254364013672,0,0.50607085227966308594,1
1712152863.7313158512,-0.5559571385383605957,-1.5,1.0951669216156005859,0,0.50564521551132202148,1
1712152863.7823154926,-0.51728862524032592773,-1.5,1.1050482988357543945,0,0.50628936290740966797,1
1712152863.833288908,-0.49415996670722961426,-1.5,1.1113137006759643555,0,0.50707197189331054688,1
1712152863.8845174313,-0.45254245400428771973,-1.5,1.1233534812927246094,0,0.50950139760971069336,1
1712152863.9355947971,-0.43367761373519897461,-1.5,1.1291556358337402344,0,0.51115387678146362305,1
1712152863.9867522717,-0.3971455693244934082,-1.5,1.1409881114959716797,0,0.51501995325088500977,1
1712152864.0383498669,-0.38109323382377624512,-1.5,1.1464601755142211914,0,0.51728850603103637695,1
1712152864.0895445347,-0.35603755712509155273,-1.5,1.1553732156753540039,0,0.52124899625778198242,1
1712152864.140614748,-0.34206908941268920898,-1.5,1.1604131460189819336,0,0.52363961935043334961,1
1712152864.191788435,-0.31772202253341674805,-1.5,1.1697187423706054688,0,0.52830833196640014648,1
1712152864.2434728146,-0.30653551220893859863,-1.5,1.1741296052932739258,0,0.53051900863647460938,1
1712152864.2946000099,-0.28953841328620910645,-1.5,1.1810013055801391602,0,0.53429597616195678711,1
1712152864.3463966846,-0.2717609107494354248,-1.5,1.1885434389114379883,0,0.53861951828002929688,1
1712152864.397436142,-0.26390188932418823242,-1.5,1.1918984651565551758,0,0.54036700725555419922,1
1712152864.4485132694,-0.24988861382007598877,-1.5,1.1976267099380493164,0,0.54339599609375,1
1712152864.499506712,-0.2414045184850692749,-1.5,1.2008738517761230469,0,0.5448589324951171875,1
1712152864.5506496429,-0.23320657014846801758,-1.5,1.203704833984375,0,0.54622590541839599609,1
1712152864.6017422676,-0.22621166706085205078,-1.5,1.2060208320617675781,0,0.54735869169235229492,1
1712152864.6530525684,-0.21709947288036346436,-1.5,1.2085175514221191406,0,0.54838311672210693359,1
1712152864.70443964,-0.21232500672340393066,-1.5,1.2096250057220458984,0,0.5487906336784362793,1
1712152864.7558240891,-0.20283980667591094971,-1.5,1.2112836837768554688,0,0.54898774623870849609,1
1712152864.8070902824,-0.19815894961357116699,-1.5,1.2118623256683349609,0,0.54887276887893676758,1
1712152864.8583076,-0.190359458327293396,-1.5,1.2124589681625366211,0,0.54872846603393554688,1
1712152864.909496069,-0.18587341904640197754,-1.5,1.2125581502914428711,0,0.5486456751823425293,1
1712152864.96088624,-0.17629766464233398438,-1.5,1.2120945453643798828,0,0.54835313558578491211,1
1712152865.0120286942,-0.16626960039138793945,-1.5,1.2111322879791259766,0,0.54810529947280883789,1
1712152865.0632796288,-0.16079041361808776855,-1.5,1.2106392383575439453,0,0.54808241128921508789,1
1712152865.114484787,-0.14987105131149291992,-1.5,1.2091698646545410156,0,0.54775035381317138672,1
1712152865.1659362316,-0.14582654833793640137,-1.5,1.2086158990859985352,0,0.54760611057281494141,1
1712152865.2170670033,-0.13144256174564361572,-1.5,1.2068837881088256836,0,0.54658806324005126953,1
1712152865.2683644295,-0.12712879478931427002,-1.5,1.2063231468200683594,0,0.54614996910095214844,1
1712152865.3197829723,-0.11399996280670166016,-1.5,1.2048250436782836914,0,0.54466778039932250977,1
1712152865.3710103035,-0.10704501718282699585,-1.5,1.2042123079299926758,0,0.54394942522048950195,1
1712152865.4225008488,-0.09285761415958404541,-1.5,1.2032244205474853516,0,0.54268032312393188477,1
1712152865.4736747742,-0.088133096694946289062,-1.5,1.2029979228973388672,0,0.54228967428207397461,1
1712152865.5248022079,-0.073394447565078735352,-1.5,1.2010694742202758789,0,0.54171568155288696289,1
1712152865.5760295391,-0.070075370371341705322,-1.5,1.2007005214691162109,0,0.54214042425155639648,1
1712152865.6273252964,-0.058421920984983444214,-1.5,1.2000581026077270508,0,0.54406172037124633789,1
1712152865.6784589291,-0.047178495675325393677,-1.5,1.1986008882522583008,0,0.54553687572479248047,1
1712152865.729600668,-0.042168263345956802368,-1.5,1.1975927352905273438,0,0.54610079526901245117,1
1712152865.78104496,-0.034551572054624557495,-1.5,1.1959702968597412109,0,0.54690122604370117188,1
1712152865.8322837353,-0.030117357149720191956,-1.5,1.1951020956039428711,0,0.54726928472518920898,1
1712152865.8836116791,-0.021213579922914505005,-1.5,1.1932580471038818359,0,0.54817003011703491211,1
1712152865.935328722,-0.017935039475560188293,-1.5,1.1923434734344482422,0,0.54885053634643554688,1
1712152865.986841917,-0.010306321084499359131,-1.5,1.1904666423797607422,0,0.54980909824371337891,1
1712152866.0387270451,-0.0074798506684601306915,-1.5,1.1887170076370239258,0,0.55053532123565673828,1
1712152866.0901379585,-0.0026502474211156368256,-1.5,1.186553955078125,0,0.55170971155166625977,1
1712152866.1414887905,0.00094737927429378032684,-1.5,1.1848121881484985352,0,0.5524660944938659668,1
1712152866.1926651001,0.0044882339425384998322,-1.5,1.1820132732391357422,0,0.55265015363693237305,1
1712152866.243948698,0.0077481986954808235168,-1.5,1.177825927734375,0,0.55225920677185058594,1
1712152866.2952973843,0.0092001296579837799072,-1.5,1.1756007671356201172,0,0.55191898345947265625,1
1712152866.3470602036,0.0096663050353527069092,-1.5,1.1714216470718383789,0,0.5525582432746887207,1
1712152866.3986022472,0.0094916913658380508423,-1.5,1.1697653532028198242,0,0.55325043201446533203,1
1712152866.4499573708,0.010095403529703617096,-1.5,1.1646246910095214844,0,0.5555057525634765625,1
1712152866.5010333061,0.010404443368315696716,-1.5,1.1623135805130004883,0,0.55647486448287963867,1
1712152866.5521872044,0.0098330639302730560303,-1.5,1.1582124233245849609,0,0.55751121044158935547,1
1712152866.6033082008,0.0094219045713543891907,-1.5,1.1560562849044799805,0,0.55744326114654541016,1
1712152866.654501915,0.0091375168412923812866,-1.5,1.1530984640121459961,0,0.55646729469299316406,1
1712152866.7059781551,0.0090605476871132850647,-1.5,1.1514828205108642578,0,0.55558961629867553711,1
1712152866.7574541569,0.0094550121575593948364,-1.5,1.1488337516784667969,0,0.55350482463836669922,1
1712152866.8086240292,0.0096976216882467269897,-1.5,1.1475644111633300781,0,0.55219316482543945312,1
1712152866.8597710133,0.010575846768915653229,-1.5,1.1453435420989990234,0,0.54972165822982788086,1
1712152866.9111173153,0.01059445645660161972,-1.5,1.1439199447631835938,0,0.54812222719192504883,1
1712152866.9623062611,0.011735036969184875488,-1.5,1.1419810056686401367,0,0.5440349578857421875,1
1712152867.0135035515,0.012113933451473712921,-1.5,1.1414180994033813477,0,0.54276621341705322266,1
1712152867.0646457672,0.013551414012908935547,-1.5,1.1398497819900512695,0,0.53958952426910400391,1
1712152867.1174721718,0.015391352586448192596,-1.5,1.1385680437088012695,0,0.53675276041030883789,1
1712152867.1696898937,0.016295136883854866028,-1.5,1.1380037069320678711,0,0.53547537326812744141,1
1712152867.2210156918,0.018577869981527328491,-1.5,1.1373255252838134766,0,0.53360843658447265625,1
1712152867.2723889351,0.01918625272810459137,-1.5,1.1366581916809082031,0,0.53257089853286743164,1
1712152867.3237261772,0.021215688437223434448,-1.5,1.1358873844146728516,0,0.52977824211120605469,1
1712152867.3748705387,0.022552054375410079956,-1.5,1.1355501413345336914,0,0.5281441807746887207,1
1712152867.4264984131,0.024084703996777534485,-1.5,1.1340616941452026367,0,0.52483826875686645508,1
1712152867.4778079987,0.025158654898405075073,-1.5,1.1328147649765014648,0,0.52130228281021118164,1
1712152867.5289845467,0.025726018473505973816,-1.5,1.1324295997619628906,0,0.51967513561248779297,1
1712152867.5802264214,0.025245046243071556091,-1.5,1.1308351755142211914,0,0.51714086532592773438,1
1712152867.6311850548,0.02483722195029258728,-1.5,1.130108952522277832,0,0.51542651653289794922,1
1712152867.6823561192,0.024247653782367706299,-1.5,1.1295334100723266602,0,0.51410996913909912109,1
1712152867.7332966328,0.023820478469133377075,-1.5,1.1291265487670898438,0,0.5136654973030090332,1
1712152867.7843160629,0.021873462945222854614,-1.5,1.1279730796813964844,0,0.51379626989364624023,1
1712152867.8354268074,0.02089231833815574646,-1.5,1.1276458501815795898,0,0.51416230201721191406,1
1712152867.8874957561,0.019461426883935928345,-1.5,1.1270617246627807617,0,0.51501786708831787109,1
1712152867.938778162,0.018473191186785697937,-1.5,1.1265871524810791016,0,0.51554036140441894531,1
1712152867.9897065163,0.016126189380884170532,-1.5,1.1263974905014038086,0,0.51703333854675292969,1
1712152868.0407216549,0.015232170000672340393,-1.5,1.1267796754837036133,0,0.51784712076187133789,1
1712152868.0919389725,0.01367962174117565155,-1.5,1.1276682615280151367,0,0.51938271522521972656,1
1712152868.1437454224,0.013251731172204017639,-1.5,1.1283167600631713867,0,0.52007329463958740234,1
1712152868.1949112415,0.012405760586261749268,-1.5,1.1297355890274047852,0,0.52110373973846435547,1
1712152868.2460954189,0.011920890770852565765,-1.5,1.1315934658050537109,0,0.52219951152801513672,1
1712152868.2972886562,0.01205542590469121933,-1.5,1.1324933767318725586,0,0.52278494834899902344,1
1712152868.3485176563,0.012953075580298900604,-1.5,1.1343989372253417969,0,0.52376335859298706055,1
1712152868.3997330666,0.013631613925099372864,-1.5,1.1354041099548339844,0,0.52421116828918457031,1
1712152868.4512135983,0.015326075255870819092,-1.5,1.137122035026550293,0,0.5249697566032409668,1
1712152868.5024316311,0.016586726531386375427,-1.5,1.1382877826690673828,0,0.52547502517700195312,1
1712152868.5535471439,0.019531769677996635437,-1.5,1.1407054662704467773,0,0.52669358253479003906,1
1712152868.6046726704,0.02104239538311958313,-1.5,1.1419349908828735352,0,0.52715384960174560547,1
1712152868.6561057568,0.023822089657187461853,-1.5,1.1441673040390014648,0,0.52784991264343261719,1
1712152868.7082910538,0.02519831433892250061,-1.5,1.1451314687728881836,0,0.52810198068618774414,1
1712152868.7594218254,0.027731712907552719116,-1.5,1.1467002630233764648,0,0.52867734432220458984,1
1712152868.8103632927,0.028673218563199043274,-1.5,1.148127436637878418,0,0.52968955039978027344,1
1712152868.8618586063,0.030268289148807525635,-1.5,1.1496737003326416016,0,0.5314197540283203125,1
1712152868.9130570889,0.031352706253528594971,-1.5,1.1503816843032836914,0,0.53241354227066040039,1
1712152868.9642853737,0.033034682273864746094,-1.5,1.1516523361206054688,0,0.53473567962646484375,1
1712152869.0153560638,0.033792551606893539429,-1.5,1.1530591249465942383,0,0.53709417581558227539,1
1712152869.0663526058,0.033950932323932647705,-1.5,1.1534448862075805664,0,0.5377795100212097168,1
1712152869.1174898148,0.034451849758625030518,-1.5,1.1544864177703857422,0,0.54003930091857910156,1
